Team,SP,TAN,HFACW,Regression,TARP,SOW,NET TO,TEAM_ID,Team Total,HC,OC,DC,rank_TAN,rank_SP,rank_HFACW,NetRP,OffAdj,DefAdj,RPOffense,RPDefense,rank_TARP,rank_OffAdj,rank_DefAdj,Tempo,SPP,rank_SPP,rank_Tempo,TAN_WIN,SP._WIN,WinTotal,TAN_CONF,rank_TAN_WIN,rank_SP_WIN,VI,CFBD,PFF,Nat_Bet365,Nat_BetMGM,Nat_DraftKings,Nat_Caesars,Nat_ESPNBet,Nat_FanDuel,Nat_BallyBet,Nat_RiversCasino,Nat_X,Win_BetMGM_TotalLine,Win_BetMGM_Odds,Win_BetMGM_OverUnder,Win_BetMGM_Line,Win_DraftKings_TotalLine,Win_DraftKings_Odds,Win_DraftKings_OverUnder,Win_DraftKings_Line,Win_Caesars_TotalLine,Win_Caesars_Odds,Win_Caesars_OverUnder,Win_Caesars_Line,Win_ESPNBet_TotalLine,Win_ESPNBet_Odds,Win_ESPNBet_OverUnder,Win_ESPNBet_Line,Win_FanDuel_TotalLine,Win_FanDuel_Odds,Win_FanDuel_OverUnder,Win_FanDuel_Line,Win_BallyBet_TotalLine,Win_BallyBet_Odds,Win_BallyBet_OverUnder,Win_BallyBet_Line,Win_RiversCasino_TotalLine,Win_RiversCasino_Odds,Win_RiversCasino_OverUnder,Win_RiversCasino_Line,Win_X_TotalLine,Win_X_Odds,Win_X_OverUnder,Win_X_Line,Conference,Conf_Bet365,Conf_Caesars,Conf_ESPNBet,Conf_FanDuel,Conf_BallyBet,Conf_RiversCasino,Conf_X,season,conference,offense_passingPlays_explosiveness,offense_passingPlays_successRate,offense_passingPlays_totalPPA,offense_passingPlays_ppa,offense_passingPlays_rate,offense_rushingPlays_explosiveness,offense_rushingPlays_successRate,offense_rushingPlays_totalPPA,offense_rushingPlays_ppa,offense_rushingPlays_rate,offense_passingDowns_explosiveness,offense_passingDowns_successRate,offense_passingDowns_ppa,offense_passingDowns_rate,offense_standardDowns_explosiveness,offense_standardDowns_successRate,offense_standardDowns_ppa,offense_standardDowns_rate,offense_havoc_db,offense_havoc_frontSeven,offense_havoc_total,offense_fieldPosition_averagePredictedPoints,offense_fieldPosition_averageStart,offense_pointsPerOpportunity,offense_totalOpportunies,offense_openFieldYardsTotal,offense_openFieldYards,offense_secondLevelYardsTotal,offense_secondLevelYards,offense_lineYardsTotal,offense_lineYards,offense_stuffRate,offense_powerSuccess,offense_explosiveness,offense_successRate,offense_totalPPA,offense_ppa,offense_drives,offense_plays,defense_passingPlays_explosiveness,defense_passingPlays_successRate,defense_passingPlays_totalPPA,defense_passingPlays_ppa,defense_passingPlays_rate,defense_rushingPlays_explosiveness,defense_rushingPlays_successRate,defense_rushingPlays_totalPPA,defense_rushingPlays_ppa,defense_rushingPlays_rate,defense_passingDowns_explosiveness,defense_passingDowns_successRate,defense_passingDowns_totalPPA,defense_passingDowns_ppa,defense_passingDowns_rate,defense_standardDowns_explosiveness,defense_standardDowns_successRate,defense_standardDowns_ppa,defense_standardDowns_rate,defense_havoc_db,defense_havoc_frontSeven,defense_havoc_total,defense_fieldPosition_averagePredictedPoints,defense_fieldPosition_averageStart,defense_pointsPerOpportunity,defense_totalOpportunies,defense_openFieldYardsTotal,defense_openFieldYards,defense_secondLevelYardsTotal,defense_secondLevelYards,defense_lineYardsTotal,defense_lineYards,defense_stuffRate,defense_powerSuccess,defense_explosiveness,defense_successRate,defense_totalPPA,defense_ppa,defense_drives,defense_plays,rank_offense_plays,rank_offense_drives,rank_offense_ppa,rank_offense_totalPPA,rank_offense_successRate,rank_offense_explosiveness,rank_offense_powerSuccess,rank_offense_stuffRate,rank_offense_lineYards,rank_offense_lineYardsTotal,rank_offense_secondLevelYards,rank_offense_secondLevelYardsTotal,rank_offense_openFieldYards,rank_offense_openFieldYardsTotal,rank_offense_totalOpportunies,rank_offense_pointsPerOpportunity,rank_offense_fieldPosition_averageStart,rank_offense_fieldPosition_averagePredictedPoints,rank_offense_havoc_total,rank_offense_havoc_frontSeven,rank_offense_havoc_db,rank_offense_standardDowns_rate,rank_offense_standardDowns_ppa,rank_offense_standardDowns_successRate,rank_offense_standardDowns_explosiveness,rank_offense_passingDowns_rate,rank_offense_passingDowns_ppa,rank_offense_passingDowns_successRate,rank_offense_passingDowns_explosiveness,rank_offense_rushingPlays_rate,rank_offense_rushingPlays_ppa,rank_offense_rushingPlays_totalPPA,rank_offense_rushingPlays_successRate,rank_offense_rushingPlays_explosiveness,rank_offense_passingPlays_rate,rank_offense_passingPlays_ppa,rank_offense_passingPlays_totalPPA,rank_offense_passingPlays_successRate,rank_offense_passingPlays_explosiveness,rank_defense_plays,rank_defense_drives,rank_defense_ppa,rank_defense_totalPPA,rank_defense_successRate,rank_defense_explosiveness,rank_defense_powerSuccess,rank_defense_stuffRate,rank_defense_lineYards,rank_defense_lineYardsTotal,rank_defense_secondLevelYards,rank_defense_secondLevelYardsTotal,rank_defense_openFieldYards,rank_defense_openFieldYardsTotal,rank_defense_totalOpportunies,rank_defense_pointsPerOpportunity,rank_defense_fieldPosition_averageStart,rank_defense_fieldPosition_averagePredictedPoints,rank_defense_havoc_total,rank_defense_havoc_frontSeven,rank_defense_havoc_db,rank_defense_standardDowns_rate,rank_defense_standardDowns_ppa,rank_defense_standardDowns_successRate,rank_defense_standardDowns_explosiveness,rank_defense_passingDowns_rate,rank_defense_passingDowns_ppa,rank_defense_passingDowns_totalPPA,rank_defense_passingDowns_successRate,rank_defense_passingDowns_explosiveness,rank_defense_rushingPlays_rate,rank_defense_rushingPlays_ppa,rank_defense_rushingPlays_totalPPA,rank_defense_rushingPlays_successRate,rank_defense_rushingPlays_explosiveness,rank_defense_passingPlays_rate,rank_defense_passingPlays_ppa,rank_defense_passingPlays_successRate,rank_defense_passingPlays_explosiveness,X2022_WL_Percent,X2022_ATS_Percent,X2022_OU_Percent,Rank_2022_WL_Percent,Rank_2022_ATS_Percent,Rank_2022_OU_Percent
Alabama,27.9,98,3.436,93.6,2,1.7,0.7,362,28.62751179,Kalen DeBoer,Ryan Grubb,Kane Wommack,1,2,9,2,-2,4,0.48,0.48,53.5,100,15,28.62751179,26.96,62,102,98,10.27,9.78,5.91,1,5,Alabama,Alabama,,1200,1500,1200,,1200,1300,600,,,o9.5,-125,Over,9.5,o9.5,-115,Over,9.5,,,,,,,,,,,,,o9.5,-125,Over,9.5,,,,,,,,,SEC,450,,400,500,375,,,2024,SEC,1.527387629,0.4668435013,109.8304698,0.2913275061,0.4466824645,1.120191988,0.4527896996,98.61552004,0.2116212876,0.5521327014,2.339066411,0.321888412,0.3444161605,0.2760663507,1.056893434,0.5106382979,0.206045532,0.7239336493,0.04383886256,0.1125592417,0.1563981043,1.401,70.2,4.705128205,78,802,1.721030043,506,1.08583691,1268,2.721888412,0.2081545064,0.7571428571,1.305376569,0.4585308057,206.1427855,0.2442450065,158,844,1.604725783,0.3502415459,39.47589122,0.09535239426,0.4699205448,0.8554964598,0.3712446352,-13.88566781,-0.02979757041,0.5289443814,1.985535122,0.2679738562,39.47589122,0.2145031624,0.3473325766,0.9231874833,0.4104347826,-0.07256841319,0.6526674234,0.07718501703,0.1021566402,0.1793416572,-1.291,71.5,2.847222222,72,0,0.8605150215,455,0.9763948498,1283,2.754077253,0.186695279,0.7166666667,1.197126183,0.360953462,23.91113011,0.02714089683,162,881,61.5,38.5,26,34,28,40,49.5,109,115,73.5,75,56.5,19,21,56,7,54,52,60,100,16,11,23,28,51,11,61,62,4,36,26,23,50,12,99,46,57,18,86,101,109,6,5,9,34,57,47,33,70,33,62,20,67.5,63.5,4,55,81,43,64,15,24,3,8,16,24,37,17,26,50,87,7,6,15,14,50,18,11,74,0.692,0.539,0.462,33,51.5,92
Texas,26.4,97.25,3.216,93.85,3,-0.1,0.5,287,30.83039014,Steve Sarkisian,Kyle Flood,Pete Kwiatkowski,2,5,18,3,-1,4,0.53,0.57,42,85,15,30.83039014,25.44,33,118,97.3,10.07,9.93,6.45,2,10,Texas,Texas,,450,500,550,,550,600,440,,,o9.5,-190,Over,9.5,o9.5,-170,Over,9.5,,,,,,,,,,,,,o9.5,-200,Over,9.5,,,,,,,,,SEC,250,,250,300,235,,,2024,SEC,1.675656236,0.442680776,194.7731979,0.3435153402,0.5080645161,0.9027900712,0.4726277372,54.38454244,0.09924186576,0.4910394265,2.112592096,0.3515850144,0.4350457379,0.3109318996,1.022361103,0.5045513654,0.1250611854,0.6890681004,0.06003584229,0.1209677419,0.1810035842,1.475,69.3,3.880733945,109,805,1.468978102,589,1.074817518,1607,2.932116788,0.1952554745,0.6896551724,1.283161458,0.4569892473,247.1329226,0.2214452712,192,1116,1.378443513,0.3448275862,20.52743041,0.03932457932,0.509765625,0.8049496134,0.4191616766,-0.8097632051,-0.001616293823,0.4892578125,1.72382865,0.2678571429,20.52743041,0.1651528683,0.328125,0.873382242,0.4360465116,-0.05449665016,0.671875,0.0810546875,0.1298828125,0.2109375,-1.282,71.4,2.555555556,72,0,0.626746507,465,0.9281437126,1399,2.793013972,0.2075848303,0.5810810811,1.069639105,0.380859375,17.99766844,0.01757584808,193,1024,1,1,47,20,32,58,98,99,88,21,78,26,49,20,1,69,35,29,107,114,73,62,65,36,86,62,23,24,36,81,88,74,24,103,51,25,8,39,29,133,134,4,4,28,4,5,29,40,99,21,70,5,67.5,63.5,2,58.5,85,7,15,8,55.5,6,30,4,55.5,14,6,25,6,45,16,16,63,6,93,5,6,12,0.813,0.5,0.357,9.5,66,122
Ohio State,29.5,96,2.948,98.3,-2.5,0.8,0.4,514,28.91225193,Ryan Day,Brian Hartline,Matt Patricia,3,1,28.5,-2.5,-3.5,1,0.39,0.31,105.5,110.5,68,28.91225193,29.28,116,104,96,10.74,9.64,7.62,3,3,Ohio State,Ohio State,,500,500,500,,550,600,400,,,o10.5,120,Over,10.5,o10.5,135,Over,10.5,,,,,,,,,,,,,o10.5,110,Over,10.5,,,,,,,,,BigTen,190,,200,210,138,,,2024,Big Ten,1.610905567,0.5309168443,251.348232,0.5359237357,0.4742163802,1.057054233,0.4670542636,130.2056155,0.2523364642,0.5217391304,2.058343768,0.3731884058,0.5256871245,0.2790697674,1.146915111,0.5427769986,0.3180702531,0.7209302326,0.0485338726,0.07482305359,0.1233569262,1.326,71.5,4.571428571,105,821,1.591085271,598,1.158914729,1690,3.274612403,0.1531007752,0.7846153846,1.338501135,0.4954499494,371.8737368,0.3760098451,171,989,1.523522847,0.33125,16.82227001,0.03504639585,0.5,0.8753874296,0.3792372881,-13.59309827,-0.02879893701,0.4916666667,1.924267125,0.2786377709,16.82227001,0.1812840151,0.3364583333,0.9102840374,0.3893249608,-0.1076275311,0.6635416667,0.07604166667,0.1375,0.2135416667,-1.038,74.6,2.283783784,74,0,0.875,374,0.7923728814,1317,2.790466102,0.1716101695,0.6911764706,1.180279534,0.3520833333,-10.00400046,-0.01042083381,176,960,7,12,2,2,6,24,27,36,30,17,51,23,33,18,2,16,80,71,19,19,26,14,1,8,11,14,4,5,62,62,13,13,31,37,74,1,1,2,48,126.5,126.5,1,1,5,24,38,74,37,75,4,20,23,67.5,78.5,1,7,131,6,9,17,42,1,3,11,42,19,4,35,37,46,8,7,18,20,82,4,2,47,0.875,0.625,0.5,2.5,24,76
Georgia,26.9,95.6,1.366,94.6,2,-0.9,-0.1,366,27.97493671,Kirby Smart,Mike Bobo,Glenn Schumann,4,4,126,2,-2,4,0.47,0.49,53.5,100,15,27.97493671,26.83,58,96,95.6,10.15,9.36,5.38,4,9,Georgia,Georgia,,700,650,700,,700,700,650,,,o9.5,-175,Over,9.5,o9.5,-170,Over,9.5,,,,,,,,,,,,,o9.5,-190,Over,9.5,,,,,,,,,SEC,325,,360,350,380,,,2024,SEC,1.480349554,0.467771639,178.1395816,0.3280655278,0.5535168196,0.8686789165,0.4485125858,45.91195045,0.1050616715,0.4454638124,1.788758133,0.3439716312,0.3484325943,0.2874617737,1.055978231,0.5050071531,0.1775600102,0.7125382263,0.06422018349,0.09276248726,0.1569826707,1.321,70.6,4.576470588,85,385,0.881006865,474,1.084668192,1263,2.889473684,0.1876430206,0.7466666667,1.213933009,0.4587155963,222.3724387,0.2266793463,169,981,1.502065505,0.3755274262,67.56426767,0.1425406491,0.4994731296,0.9310566585,0.3831578947,32.97068729,0.06941197325,0.5005268704,2.079623377,0.2431610942,67.56426767,0.1935263281,0.3466807165,0.96589322,0.4516129032,0.0594593436,0.6533192835,0.04741833509,0.1095890411,0.1570073762,-1.165,73.1,3.178082192,73,0,1.054736842,464,0.9768421053,1363,2.869684211,0.1663157895,0.7818181818,1.21338881,0.3793466807,100.534955,0.1059377818,163,949,10,14.5,42,30,27,102,56,92,96,76,76,70,114,103,35.5,15,64,73,61,47,89,22,37,35,54,22,58,29,127,110,85,81,57,118,23,34,9,17,112,124,111.5,33,43,25,43,102,84.5,46,93.5,34,68,47,67.5,70.5,15,20,117,74,51,112,26,50,48,33,26,27,40,5,84,58,40,46,24,41,81,32,33,41,0.786,0.286,0.429,13.5,123,104
Clemson,23.3,94.55,2.396,86.05,6.5,-0.6,1.6,261,31.15081522,Dabo Swinney,Garrett Riley,Tom Allen,5.5,8,74,6.5,2.5,4,0.76,0.57,17.5,23,15,31.15081522,25.47,34,120,94.6,10.62,10.47,6.86,5.5,4,Clemson,Clemson,,1200,900,1000,,1000,1400,950,,,o9.5,-210,Over,9.5,o9.5,-120,Over,9.5,,,,,,,,,,,,,o10,-114,Over,10,,,,,,,,,ACC,110,,110,115,-143,,,2024,ACC,1.476706556,0.4410163339,151.0255101,0.2740934847,0.5521042084,0.9990042237,0.4921348315,113.313983,0.2546381639,0.4458917836,2.085215235,0.37,0.5230780876,0.3006012024,0.9862185955,0.5028653295,0.1340237101,0.6993987976,0.05210420842,0.0871743487,0.1392785571,1.443,69.9,4.32967033,91,717,1.611235955,550,1.235955056,1486,3.338876404,0.1617977528,0.7384615385,1.250263243,0.4629258517,250.4719759,0.2509739238,180,998,1.556784508,0.3803680982,58.64521597,0.119928867,0.5207667732,1.135789061,0.4337078652,84.26548424,0.1893606387,0.4739084132,2.026467,0.3208722741,58.64521597,0.3106192904,0.3418530351,1.087112704,0.4466019417,0.04149827144,0.6581469649,0.07987220447,0.1171458999,0.1970181044,-1.194,72.7,3.636363636,77,0,1.797752809,574,1.28988764,1364,3.065617978,0.1842696629,0.6226415094,1.342398964,0.4036208733,125.354724,0.1334981086,176,939,5,5,25,17,25,79,64.5,51,19,38,29,35,28,40,18,29,50.5,38,33,40,36,46,58,38,103,46,6,9,45,109,12,20,14,54,25,53,25,40,113,121,126.5,53,66,50,110,15,54,83,95,123,120,120,67.5,99,52,28,109,18,33,12,30,41,41,103,30,76,34,95,69,29,106,107,75,123,104,27,40,58,0.714,0.429,0.5,26.5,94,76
Penn State,27.7,94.55,3.274,91.45,0.5,0.5,1.1,268,29.16559908,James Franklin,Andy Kotelnicki,Jim Knowles,5.5,3,16.5,0.5,0.5,0,0.65,0.25,73.5,56.5,91,29.16559908,27.72,82,108,94.6,10.81,9.86,7.05,5.5,2,Penn State,Penn State,,800,800,750,,750,800,480,,,o10.5,110,Over,10.5,o10.5,135,Over,10.5,,,,,,,,,,,,,o10.5,110,Over,10.5,,,,,,,,,BigTen,240,,275,240,188,,,2024,Big Ten,1.526101091,0.4911894273,176.456349,0.3886703722,0.4332061069,0.9611174335,0.5067340067,141.2319714,0.2377642616,0.5667938931,2.042154711,0.359430605,0.5062179394,0.268129771,1.000849326,0.5514993481,0.2287367398,0.731870229,0.03148854962,0.06965648855,0.1011450382,1.338,71.5,4.723404255,94,818,1.377104377,792,1.333333333,2003,3.371548822,0.1548821549,0.7356321839,1.201558952,0.5,317.6883204,0.3031377103,176,1048,1.622217256,0.3725490196,57.20014568,0.1121571484,0.5074626866,0.8829135169,0.3818181818,-12.10934775,-0.02446332878,0.4925373134,2.13485293,0.271468144,57.20014568,0.188509189,0.3592039801,0.9461791679,0.4363354037,-0.03565375666,0.6407960199,0.06567164179,0.128358209,0.1940298507,-1.143,73,3.188405797,69,0,0.8202020202,453,0.9151515152,1177,2.377777778,0.2626262626,0.7575757576,1.253540721,0.3771144279,45.09079793,0.0448664656,178,1005,2,7,11,5,4,107,70.5,41,12,3,11,3,59,19,12.5,6,80,69,2,7,4,5,17,5,96,5,8,19,67,26,14,10,9,72,108,13,11,6,88,132,129,10,12,21,61,84,5,4,41,18,60,15,67.5,44,16.5,22,122,21,17,53,12,11,31,21,12,22,32,30,98,47,10,9,20,27,90,23,30,82,0.813,0.5,0.438,9.5,66,101
Oregon,24.7,93.95,2.48,93.75,0.5,-1,0.7,516,29.59222937,Dan Lanning,Will Stein,Tosh Lupoi,7,7,67,0.5,-1.5,2,0.49,0.37,73.5,93,48.5,29.59222937,27.02,63,110,94,10.21,9.6,6.6,7,6.5,Oregon,Oregon,,800,850,1000,,900,800,1150,,,o10.5,120,Over,10.5,o10.5,110,Over,10.5,,,,,,,,,,,,,o10.5,130,Over,10.5,,,,,,,,,BigTen,300,,300,280,375,,,2024,Big Ten,1.574086895,0.4841437632,200.060798,0.4229615179,0.4984193888,0.8580943577,0.5052631579,94.87911075,0.1997454963,0.5005268704,2.221825963,0.3660377358,0.5535408414,0.2792413066,0.9432565224,0.5438596491,0.210095883,0.7207586934,0.03582718651,0.07060063224,0.1064278188,1.322,71,4.681818182,88,455,0.9578947368,566,1.191578947,1591,3.350315789,0.1494736842,0.7971014493,1.207694125,0.4942044257,290.393907,0.305999902,159,949,1.571889488,0.3474387528,39.19437989,0.08729260555,0.5251461988,0.963481324,0.4228855721,60.37688409,0.150191254,0.4701754386,1.958109397,0.2597402597,39.19437989,0.1533206075,0.3602339181,1.017583769,0.4515539305,0.08674175064,0.6397660819,0.0783625731,0.114619883,0.1929824561,-1.169,72.9,3.655737705,61,0,1.427860697,426,1.059701493,1257,3.127363184,0.1417910448,0.8409090909,1.247681782,0.3824561404,94.67048471,0.1107257131,156,855,15,35.5,8,7,7,105,24,33,16,22,42,32,106,87,22.5,9.5,71,72,3,11,7,15,22,7,121,15,3,11,13,75,33,28,10,121,60,7,7,9,63,84,89.5,35,35,30,56,129.5,116,88,64.5,60,43,87,67.5,13,57,24,115,23,39,13,11,61,47,54,11,12,15,19,44,25,85,82,66,60,110,13,9,63,0.929,0.5,0.5,1,66,76
LSU,22.1,93.6,3.576,87,8,-1.1,-0.3,365,28.45754728,Brian Kelly,Joe Sloan,Blake Baker,8,9,5,8,4,4,0.85,0.57,10,13.5,15,28.45754728,27.57,78,100,93.6,8.78,8.85,5.46,8,17,LSU,LSU,,1800,1500,1800,,1800,1900,1150,,,o8.5,-145,Over,8.5,o8.5,-130,Over,8.5,,,,,,,,,,,,,o8.5,-200,Over,8.5,,,,,,,,,SEC,700,,800,950,575,,,2024,SEC,1.524543818,0.4597069597,177.8227352,0.3256826653,0.6026490066,0.8916975364,0.4111111111,36.33077572,0.1009188214,0.3973509934,1.980010767,0.3523489933,0.3737329498,0.3289183223,1.043301371,0.4835526316,0.1690478486,0.6710816777,0.06622516556,0.06291390728,0.1291390728,1.266,72,3.988095238,84,397,1.102777778,314,0.8722222222,1057,2.936111111,0.1694444444,0.8095238095,1.289803844,0.440397351,214.153511,0.2363725287,143,906,1.567467183,0.4197530864,85.62895943,0.2114295294,0.5031055901,1.13762804,0.4085213033,53.43776557,0.133929237,0.4956521739,2.137482329,0.2977941176,85.62895943,0.277508597,0.3378881988,1.106217155,0.4727954972,0.1159223225,0.6621118012,0.06708074534,0.1105590062,0.1776397516,-1.331,70.5,3.397435897,78,0,1.714285714,436,1.09273183,1155,2.894235589,0.1854636591,0.82,1.35706544,0.4136645963,137.2689363,0.1705204178,148,805,30,94.5,34,32,52,53,20,59,87,103,128,125,87,98,39.5,57,93,87.5,22,4,95,94,42,64,70,94,44,23,91,128,87,91,97,107,7,35,10,25,89,44,60,78,74,69,111,122.5,52,47,37,74,47.5,117,67.5,105.5,28,82,68.5,45,48,46,37,80,71,113,37,59,64,64,100,51,76,74,51,124,85,63,86,62,0.692,0.385,0.385,33,107,117
Oklahoma,16.5,93.1,3.434,82.8,10,-0.7,0,289,22.28527615,Brent Venables,Ben Arbuckle,Nate Dreiling,9,16,10,10,6,4,1,0.53,3,5,15,22.28527615,25.29,29,36,93.1,6.77,8.18,4.57,9,49,Oklahoma,Oklahoma,,6500,5000,7000,,6000,6000,6600,,,o6.5,-200,Over,6.5,o6.5,-150,Over,6.5,,,,,,,,,,,,,o6.5,-190,Over,6.5,,,,,,,,,SEC,2500,,2500,3300,4000,,,2024,SEC,1.509627564,0.3512195122,37.67584016,0.09189229308,0.4648526077,0.9869191863,0.4325481799,43.51523379,0.09318037215,0.529478458,2.178310741,0.2721088435,0.2730773561,0.3333333333,0.9115758857,0.4523809524,-0.006095393962,0.6666666667,0.03628117914,0.1428571429,0.179138322,1.377,70.4,3.394736842,76,554,1.186295503,534,1.143468951,1434,3.070021413,0.1691648822,0.7627118644,1.204462557,0.3922902494,76.70065104,0.08696218938,158,882,1.63652835,0.3933161954,79.40263858,0.2041198935,0.4703748489,0.8749013976,0.3271889401,-27.00460048,-0.06222258176,0.5247883918,1.896192245,0.2820512821,79.40263858,0.2312949847,0.377267231,1.003671104,0.4019417476,-0.04767484481,0.622732769,0.04715840387,0.1354292624,0.1825876663,-1.36,70.9,3.474576271,59,0,0.9170506912,337,0.7764976959,1128,2.599539171,0.202764977,0.7272727273,1.269914698,0.3567110036,47.61149016,0.0575713303,158,827,45.5,38.5,116,116,108,106,41,58,67,46,56,42,75,67,66,112,59.5,59,104,129,9,102,122,102,129,102,89,109,20,53,89,87,77,60,83,121,119,121,101,62.5,98,14,14,6,72,64,32,16,33,2,9,29,67.5,7.5,35,72,54,40,11,114,4,7,7,49,4,43,54,39,31,83,1,1,1,19,51,58,61,88,0.462,0.462,0.462,77,82.5,92
Michigan,21.5,93,2.478,86.2,9,-2,-0.2,503,17.68061129,Sherrone Moore,Chip Lindsey,Wink Martindale,10,10,68,9,6,3,1,0.42,7,5,36,17.68061129,31.34,132,13,93,10.21,9.74,7.35,10.5,6.5,Michigan,Michigan,,2800,2200,2500,,3000,2800,4000,,,o8.5,-220,Over,8.5,o8.5,-160,Over,8.5,,,,,,,,,,,,,o8.5,-182,Over,8.5,,,,,,,,,BigTen,900,,850,900,1150,,,2024,Big Ten,1.382360744,0.39375,39.74003568,0.1241876115,0.4035308953,0.9267487346,0.4127659574,53.48296056,0.1137935331,0.5926860025,1.707055851,0.2868217054,0.2459175053,0.3253467844,0.9253844526,0.4598130841,0.04955795764,0.6746532156,0.05422446406,0.09962168979,0.1538461538,1.372,70,4.177419355,62,497,1.057446809,430,0.914893617,1414,3.008510638,0.1446808511,0.828125,1.106145963,0.4035308953,89.96022371,0.1134429051,146,793,1.587031866,0.3849462366,95.51603603,0.2054108302,0.5650060753,0.8328534157,0.3852691218,13.70940067,0.03883682908,0.4289185905,2.174619947,0.2711864407,95.51603603,0.2603319069,0.3584447145,0.9505411607,0.4450757576,0.04166762923,0.6415552855,0.08019441069,0.1081409478,0.1883353584,-1.375,70.3,3.478873239,71,0,0.895184136,282,0.7988668555,960,2.720113314,0.1756373938,0.8275862069,1.261418313,0.382746051,98.79842076,0.1200466838,146,823,100,85.5,108,106,97,132,10,25,78,51.5,120,88.5,91,77.5,107,40,52.5,61,52,70,46,85,105,92,124,85,99,95,131,11,80,76,96,90,123,114,117,95,131,60,53,42,41,31,65,124,68,29,8,6,3,26,67.5,57.5,38,86.5,48,31,53,11,16,42,38,26,16,54,75,29,107,3,29,26,28,12,132,59,47,67,0.615,0.462,0.539,50,82.5,61.5
Tennessee,18.4,93,2.49,89.7,3,-0.3,0.6,371,31.99599278,Josh Heupel,Joey Halzle,Tim Banks,11,13,66,3,1.5,1.5,0.71,0.34,42,34,57.5,31.99599278,24.08,12.5,127,93,9.02,9.23,5.23,10.5,16,Tennessee,Tennessee,,3000,3000,6000,,6000,3300,6600,,,o8.5,105,Over,8.5,o8.5,105,Over,8.5,,,,,,,,,,,,,o8.5,112,Over,8.5,,,,,,,,,SEC,2000,,1800,1300,2400,,,2024,SEC,1.437900569,0.4665012407,110.964565,0.2753463151,0.4197916667,0.9028141474,0.4847396768,117.3324729,0.2106507593,0.5802083333,1.791936133,0.3417266187,0.3430808164,0.2895833333,0.9472484686,0.5322580645,0.1948981979,0.7104166667,0.046875,0.08229166667,0.1291666667,1.574,68.4,4.020833333,96,666,1.195691203,667,1.197486535,1935,3.474506284,0.1077199282,0.8395061728,1.122456608,0.4770833333,228.2970379,0.2378094145,168,960,1.490704731,0.3830845771,59.07457288,0.1469516738,0.4849215923,0.9905649658,0.3436018957,-4.726777504,-0.01120089456,0.5090470446,1.933986785,0.2920962199,59.07457288,0.2933447128,0.3510253317,0.9757550089,0.3977695167,-0.08118415574,0.6489746683,0.06755126659,0.148371532,0.2159227986,-1.146,73.7,3.031746032,63,0,0.7630331754,406,0.9620853081,1070,2.536492891,0.2274881517,0.6470588235,1.248162036,0.3606755127,41.68623565,0.0502849646,163,829,13,17,32,28,16,129,6,3,8,6,40,10,74,46,9,52,18.5,14,23,34,21,28,29,13,117,28,62,34,125,21,28,17,16,102,112,52,56,20,120,65,111.5,12,11,8,58,23,15,11,22,28,36,12,67.5,21,8,10.5,120,5,4,44,20,2,5,38,20,66,35,56,38,68,13,13,6,72,63,33,43,35,0.769,0.539,0.615,21,51.5,31.5
Washington,6.4,86.4,2.764,82.3,6,1.9,0.2,550,24.50525928,Jedd Fisch,Jimmie Dougherty,Ryan Walters,23,39,39,6,2,4,0.74,0.56,21,29,15,24.50525928,28.11,92.5,59,86.4,5.63,8.05,5.14,23,69,Washington,Washington,,20000,,25000,,30000,15000,25000,,,o7.5,110,Over,7.5,o7.5,110,Over,7.5,,,,,,,,,,,,,o7.5,105,Over,7.5,,,,,,,,,BigTen,5000,,7500,6500,6600,,,2024,Big Ten,1.453260678,0.4651685393,151.8729893,0.3412876165,0.5374396135,0.8392560316,0.469816273,49.7858116,0.1306714215,0.4601449275,1.861928412,0.3303571429,0.3423549813,0.270531401,1.004067588,0.5165562914,0.1972581245,0.729468599,0.04951690821,0.1111111111,0.1606280193,1.255,72.1,3.61038961,77,428,1.12335958,431,1.131233596,1250,3.281102362,0.1391076115,0.7636363636,1.168527954,0.4661835749,195.831423,0.2365113804,142,828,1.472254963,0.3721518987,23.21552547,0.05877348219,0.4753309266,0.9288484835,0.4804597701,86.61567311,0.1991164899,0.523465704,1.992150644,0.3122529644,23.21552547,0.298410452,0.3044524669,0.9139744108,0.4792387543,0.05809081435,0.6955475331,0.0697954272,0.0697954272,0.1395908544,-1.397,70,4.042253521,71,0,1.324137931,462,1.062068966,1408,3.237701149,0.1356321839,0.6623376623,1.15323262,0.4283995187,109.0743351,0.1312567209,138,831,71,97.5,33,42,22,122,40,17,29,78,59,86.5,83,93.5,59.5,94,96.5,96,68,95,32,6,28,22,95,6,63,49,114,105,71,79,28,124,30,27,24,21,117,66,21.5,51,49,85,19,30,119,102,103,61,65.5,77,67.5,57.5,94,96.5,41,110,132,34,95,49,82,13,95,69,8,85,53,81,110,109,117,40,56,7,29,26,0.462,0.385,0.385,77,107,117
Auburn,11.8,91.95,2.632,82.55,7.5,2.8,-0.9,364,29.08283342,Hugh Freeze,Derrick Nix,D.J. Durkin,12,25.5,50,7.5,3.5,4,0.83,0.62,13.5,17,15,29.08283342,25.36,30,106,92,6.43,8.52,4.87,12.5,55,Auburn,Auburn,,6500,6600,7000,,7500,6000,7500,,,o7.5,-170,Over,7.5,o7.5,-160,Over,7.5,,,,,,,,,,,,,o7.5,-177,Over,7.5,,,,,,,,,SEC,2200,,3000,2600,2500,,,2024,SEC,1.67507263,0.4168797954,123.8564729,0.3167684729,0.5091145833,0.8720315285,0.5013262599,57.00471819,0.151206149,0.4908854167,1.941138696,0.3333333333,0.4518186364,0.30078125,1.048665883,0.5121042831,0.1424415011,0.69921875,0.07421875,0.09765625,0.171875,1.292,72.1,3.422535211,71,574,1.522546419,533,1.413793103,1268,3.362068966,0.1671087533,0.7118644068,1.243894311,0.4583333333,180.8611911,0.2354963426,145,768,1.72213659,0.3687002653,85.25587533,0.2261429054,0.4671623296,0.9121909512,0.372960373,-13.97183449,-0.03256837877,0.531598513,2.11564166,0.2727272727,85.25587533,0.2007875666,0.3543990087,0.9968664648,0.424184261,0.01351516734,0.6456009913,0.05700123916,0.09541511772,0.1524163569,-1.445,69.3,3.349206349,63,0,0.5897435897,348,0.8111888112,1041,2.427272727,0.2167832168,0.7741935484,1.288720863,0.3705080545,64.46664622,0.07988431998,144,807,108.5,90,36,53,29.5,83,85,57,13,73.5,6,43,41,62,86,110,96.5,80,91,64,110,47,55,27,64,47,17,45,98,82,57,70,12,116,50,39,43,66,30,47,45,18,17,14,84,95,23,6,19,7,12,4,67.5,21,23,110,25.5,79,84,80,18,29,19,46,18,32,62,32,95,91,6,5,16,34,45,72,25,118,0.417,0.5,0.417,91.5,66,110
Louisville,12.1,91.95,3.294,84.75,6.5,0.1,0.6,257,29.36824811,Jeff Brohm,Brian Brohm,Ron English,13,24,14,6.5,2.5,4,0.75,0.52,17.5,23,15,29.36824811,27.28,71.5,109,92,8.32,10.2,6.42,12.5,25,Louisville,Louisville,,7500,8000,10000,,10000,7500,10000,,,o8.5,-145,Over,8.5,o8.5,-130,Over,8.5,,,,,,,,,,,,,o8.5,-177,Over,8.5,,,,,,,,,ACC,800,,850,700,750,,,2024,ACC,1.646992773,0.4503464203,171.7906608,0.3967451751,0.5154761905,1.069401473,0.4702970297,83.92188885,0.2077274476,0.480952381,2.061447087,0.3654618474,0.4708231958,0.2964285714,1.145436006,0.4974619289,0.225188954,0.7035714286,0.05119047619,0.07619047619,0.1273809524,1.44,69.7,4.273809524,84,957,2.368811881,494,1.222772277,1246,3.085148515,0.1757425743,0.6551724138,1.361947716,0.4583333333,250.3216476,0.2980019614,153,840,1.67637525,0.3915929204,104.1169185,0.2303471649,0.5124716553,0.9689920058,0.4,22.93225548,0.05333082669,0.4875283447,1.746863306,0.3215547703,104.1169185,0.2458094977,0.320861678,1.179924354,0.4307178631,0.09596842433,0.679138322,0.05328798186,0.1099773243,0.1632653061,-1.147,73.4,4.096774194,62,0,0.8488372093,467,1.086046512,1247,2.899069767,0.2139534884,0.6301369863,1.327750843,0.39569161,127.049174,0.1440466826,159,882,65,53.5,12,18,29.5,12,113,69,59,81,33,62,2,9,39.5,30,44.5,39,20,21,34,39,19,43,13,39,13,12,60,92,30,41,26,34,44,11,15,31,39,102.5,100.5,63,68,44,99,19,25,48,59.5,71,73.5,19,67.5,16.5,99,15,119,64,50,96,71,65,24,130,71,47,90,96,9,41,37,37,44,62,96,76,57,102,0.692,0.583,0.692,33,35,12
Notre Dame,24.9,91.8,3.324,92.9,-1,-0.8,1.7,325,27.23285638,Marcus Freeman,Mike Denbrock,Chris Ash,14,6,12,-1,-4.5,3.5,0.31,0.47,90.5,117,31.5,27.23285638,28.59,108.5,90,91.8,11.07,10.55,0,14,1,Notre Dame,Notre Dame,,1400,1400,1200,,,1300,950,,,o10.5,100,Over,10.5,o10.5,150,Over,10.5,,,,,,,,,,,,,o10.5,115,Over,10.5,,,,,,,,,Independent,,,,,,,,2024,FBS Independents,1.401891297,0.4474789916,136.8189175,0.2874347006,0.4563758389,1.18104788,0.4567901235,165.4607967,0.2918179836,0.5436241611,2.126763629,0.3071895425,0.4430353042,0.2933844679,1.070313402,0.512890095,0.2262020504,0.7066155321,0.03835091083,0.08437200384,0.1227229147,1.603,67.4,4.697916667,96,1119,1.973544974,674,1.188712522,1851,3.264726631,0.1375661376,0.7594936709,1.280708151,0.4525407478,302.2797142,0.2898175592,187,1043,1.53006954,0.3207171315,-34.2422214,-0.06821159642,0.4682835821,0.826227816,0.4270650264,49.01844654,0.0861484122,0.5307835821,1.614820507,0.2794520548,-34.2422214,0.1236577552,0.3404850746,0.9351088194,0.4271570014,-0.04279262651,0.6595149254,0.07462686567,0.1100746269,0.1847014925,-1.108,74.7,3.194029851,67,0,1.019332162,570,1.001757469,1675,2.943233743,0.1476274165,0.7,1.106719196,0.3768656716,14.88069369,0.01388124411,189,1072,3,2,15,6,36,61,44,16,32,7,43,8.5,10,4,9,8,11.5,11,16,38,12,35,18,25,43,35,19,76,33,43,7,2,45,4,91,48,32,34,129,134,133,3,3,19,9,48,110,59,131,39,118,43,67.5,37.5,18,5.5,127,37,49,24,35,9,23,20,35,8,1,36,3,89,50,69,70,11,47,1,1,49,0.875,0.8,0.563,2.5,4,51
Indiana,12.2,89.8,2.642,80.5,8,-0.2,1.5,294,28.55827062,Curt Cignetti,Mike Shanahan,Bryant Haines,15,22.5,48.5,8,4,4,0.85,0.6,10,13.5,15,28.55827062,28.11,92.5,101,89.8,8.36,9.17,6.17,15,24,Indiana,Indiana,,10000,10000,10000,,15000,12000,20000,,,o8.5,110,Over,8.5,o8.5,105,Over,8.5,,,,,,,,,,,,,o8.5,-130,Over,8.5,,,,,,,,,BigTen,3500,,3000,3500,4000,,,2024,Big Ten,1.590750382,0.5488126649,201.8202106,0.532507152,0.4474616293,0.9281487463,0.4903640257,79.42765976,0.1700806419,0.5513577332,2.074697758,0.3632478632,0.4081547033,0.2762691854,1.042820548,0.5742251223,0.2919625553,0.7237308146,0.0613931523,0.08028335301,0.1416765053,1.718,65.5,5.031578947,95,463,0.9914346895,520,1.113490364,1426,3.054389722,0.1777301927,0.7580645161,1.24352893,0.5159386068,274.481247,0.3240628654,151,847,1.261739367,0.3820754717,39.36429572,0.0928403201,0.5528031291,1.025775798,0.3352769679,-12.13787484,-0.03538739019,0.4471968709,1.600165433,0.2509803922,39.36429572,0.1458369863,0.332464146,1.032654491,0.416015625,-0.01945705201,0.667535854,0.07561929596,0.1447196871,0.2203389831,-1.162,73,3.66,50,0,1.023323615,273,0.7959183673,758,2.208746356,0.2682215743,0.6666666667,1.163776152,0.3611473272,27.22642088,0.03549728929,144,767,60,65,6,10,2,84,46,74,71,48,66,49,103,84.5,11,1,4.5,4,36,28,78,12,5,1,71,12,31,15,51,37,50,46,15,89,98,2,6,1,52,18,45,8,7,10,20,31,2,2,1,5,1,45,67.5,1,59,22,118,3,6,21,48,13,14,60,48,10,16,11,2,7,5,8,2,92,129,16,42,3,0.846,0.692,0.692,7,10,12
Kentucky,4.7,84.5,2.432,80,10,0.2,-0.7,372,21.12352186,Mark Stoops,Bush Hamdan,Brad White,29,44,71,10,6,4,1,0.48,3,5,15,21.12352186,28.14,95.5,27,84.5,4.09,6.28,3.08,29,104,Kentucky,Kentucky,,30000,20000,50000,,50000,50000,90000,,,o4.5,-115,Over,4.5,o5.5,150,Over,5.5,,,,,,,,,,,,,o4.5,-106,Over,4.5,,,,,,,,,SEC,30000,,30000,30000,30000,,,2024,SEC,1.884983684,0.3402366864,33.48134148,0.09905722331,0.4543010753,0.7495489738,0.4802955665,30.98508179,0.07631793545,0.5456989247,2.101383042,0.2745901639,0.163280021,0.3279569892,0.9141667065,0.486,0.04925219628,0.6720430108,0.06989247312,0.125,0.1948924731,1.2,73,3.49122807,57,359,0.8842364532,507,1.248768473,1247,3.071921182,0.184729064,0.7543859649,1.170758624,0.4166666667,64.46642327,0.08664841838,128,744,1.505758416,0.4054054054,53.67013186,0.181318013,0.419858156,0.8763101541,0.4718826406,44.48435651,0.1087637078,0.580141844,2.020970546,0.2910798122,53.67013186,0.2482344433,0.3021276596,0.8944967962,0.5101626016,0.09203364218,0.6978723404,0.0524822695,0.1163120567,0.1687943262,-1.307,71.5,3.442622951,61,0,1.276283619,458,1.119804401,1216,2.972616137,0.1858190709,0.7735849057,1.117632171,0.4439716312,98.15448837,0.1392262246,131,705,118.5,129.5,117,117,83,119,53,87,64,80,25,54.5,112,110,122,103,118.5,111,118,118,103,92,106,60,128,92,121,104,39,41,96,95,19,132,92,118,122,124,6,4,10,61,40,102,12,94,51,66,54,84,64,73,67.5,13,33,55,77,58,37,98,101,64,113,8,101,49,27,53,65,128,68,64,109,21,9,49,70,42,0.333,0.583,0.333,107,35,125
Texas A&M,17.2,88.3,2.18,84.9,3.5,-0.6,0.5,358,26.62560469,Mike Elko,Collin Klein,Jay Bateman,16,15,90,3.5,-0.5,4,0.56,0.49,35,77,15,26.62560469,27.88,89,86,88.3,7.78,7.52,4.26,16,29,Texas A&M,Texas A&M,,3500,3000,4000,,3500,3700,6600,,,o7.5,-175,Over,7.5,o8.5,125,Over,8.5,,,,,,,,,,,,,o8,-106,Over,8,,,,,,,,,SEC,1400,,1600,1300,1900,,,2024,SEC,1.499017622,0.4402173913,88.82817901,0.2413809212,0.4244521338,0.979408707,0.4649298597,95.83614799,0.1920564088,0.5755478662,1.76328742,0.3346007605,0.306598495,0.3033448674,1.029066607,0.5066225166,0.1722333159,0.6966551326,0.04728950404,0.07035755479,0.1176470588,1.897,63.5,3.632183908,87,610,1.22244489,584,1.170340681,1652,3.311422846,0.1462925852,0.737704918,1.193055012,0.4544405998,184.664327,0.2129923033,154,867,1.769262604,0.3634311512,79.11772536,0.1785953168,0.5175233645,1.093229676,0.392251816,37.56217746,0.09094958224,0.4824766355,2.264214554,0.3162939297,79.11772536,0.3746716598,0.3656542056,1.061594848,0.4125230203,-0.001090841045,0.6343457944,0.08878504673,0.1168224299,0.2056074766,-1.411,70,3.028985507,69,0,1.384987893,463,1.121065375,1062,2.570217918,0.2372881356,0.7333333333,1.43019965,0.3773364486,116.6799028,0.1363082977,153,856,51,49,54,49,35,111,67,29,23,18,49,29,71,53,25.5,92,2,2,11,9,22,51,40,32,83,51,77,43,129,25,39,25,33,63,110,70,76,41,105,86,76,55,59,23,127,66,11,14,21,85,67,84,67.5,44,7,96.5,37,9,34,3,9,20,11,84,9,102,53,90,126,36,54,52,36,114,102,46,19.5,126,0.615,0.231,0.615,50,130,31.5
Kansas State,15.6,88.2,3.508,84.8,3.5,0,-0.1,291,28.42248967,Chris Klieman,Matt Wells,Joe Klanderman,17,18,7,3.5,1,2.5,0.68,0.41,35,44.5,41.5,28.42248967,26.95,61,99,88.2,9.33,8.82,6.37,17,13,Kansas State,Kansas State,,10000,12500,10000,,15000,12000,10000,,,o8.5,-105,Over,8.5,o8.5,-115,Over,8.5,,,,,,,,,,,,,o8.5,-130,Over,8.5,,,,,,,,,Big12,550,,550,600,380,,,2024,Big 12,1.657601046,0.4190231362,125.2712085,0.3220339551,0.463647199,1.143077168,0.4521158129,114.9960293,0.2561158781,0.5351609058,1.959678623,0.3137254902,0.3479534458,0.3039332539,1.20789981,0.4897260274,0.2561949451,0.6960667461,0.04767580453,0.07508939213,0.1227651967,1.232,72.4,4.075949367,79,1047,2.331848552,636,1.416481069,1487,3.311804009,0.1826280624,0.6666666667,1.372223048,0.4362336114,238.3459766,0.2840834048,154,839,1.744616342,0.3758542141,86.73898235,0.1975831033,0.5251196172,1.01558948,0.3417721519,-3.721692654,-0.009422006719,0.4724880383,2.162683957,0.290625,86.73898235,0.3067952058,0.3827751196,1.081336562,0.4011627907,-0.0460947658,0.6172248804,0.05861244019,0.1136363636,0.1722488038,-1.395,69.6,3.540540541,74,0,1.210126582,357,0.9037974684,1021,2.585822785,0.2481012658,0.7352941176,1.416554254,0.3588516746,74.38956671,0.0889827353,155,836,66,49,19,25,60,8,109.5,80,22,37,5,15,4,7,52.5,50,105.5,104,17,20,24,53,8,52,2,53,59,70,95,49,10,18,51,8,84,36,40,62,36,71,84,21,20,7,124,69,7,15,17,14.5,14,64,67.5,78.5,46,105.5,42,53,40,71,3,8,6,96,3,73,66,52,104,27,14,14,5,83,109,54,34,120,0.692,0.308,0.5,33,121,76
Utah,11,87.85,3.3,78.65,8,0.6,-0.4,528,20.31368052,Kyle Whittingham,Jason Beck,Morgan Scalley,18,31,13,8,6,2,1,0.38,10,5,48.5,20.31368052,30.37,126,21,87.9,8.1,8.78,6.13,18,28,Utah,Utah,,12500,12500,12000,,15000,15000,15000,,,o7.5,-165,Over,7.5,o7.5,-135,Over,7.5,,,,,,,,,,,,,o7.5,-159,Over,7.5,,,,,,,,,Big12,600,,600,600,700,,,2024,Big 12,1.732026554,0.3546666667,58.54713373,0.15612569,0.496031746,0.9102397836,0.3842105263,3.080694036,0.008107089569,0.5026455026,2.129965434,0.2453531599,0.1930512436,0.3558201058,1.045431087,0.4373716632,0.01671574551,0.6441798942,0.07142857143,0.123015873,0.1944444444,1.472,69.3,3.403225806,62,429,1.128947368,360,0.9473684211,1044,2.746578947,0.2236842105,0.6176470588,1.301987599,0.369047619,60.07135259,0.0794594611,152,756,1.621542591,0.3383084577,33.80902593,0.08410205456,0.5121019108,1.065635192,0.3657894737,15.30292702,0.04027086058,0.4840764331,2.025178878,0.2448979592,33.80902593,0.08023088212,0.374522293,1.097735,0.4134419552,0.01837103198,0.625477707,0.08280254777,0.1159235669,0.1987261146,-1.257,72.1,3.126984127,63,0,1.286842105,402,1.057894737,967,2.544210526,0.2631578947,0.6444444444,1.34055667,0.3503184713,32.60805605,0.0415389249,156,785,115,59,118,119,123,42,124,124,114,107,116,111,82,92,107,111,35,31,117,116,105,124,117,113,67,124,110,125,32,74,122,122,117,98,61,104,106,119,20,32,89.5,9,9,4,108,22,4,12,9,58,34,75,67.5,21,14,39,95,15,38,5,5,31,12,108,5,2,10,6,67,39,31,30,12,104,95,11,4,80,0.417,0.417,0.333,91.5,99,125
SMU,13.1,87.05,3.748,83.75,3.5,0,-0.2,279,30.90086935,Rhett Lashlee,Casey Woods,Scott Symons,19,20,3,3.5,1,2.5,0.68,0.41,35,44.5,41.5,30.90086935,24.45,18,119,87.1,8.77,9.24,6.08,19,18,SMU,SMU,,6500,8000,10000,,15000,7500,12000,,,o8.5,-115,Over,8.5,o8.5,100,Over,8.5,,,,,,,,,,,,,o8.5,-113,Over,8.5,,,,,,,,,ACC,800,,900,850,950,,,2024,ACC,1.823527486,0.434298441,170.947346,0.3807290557,0.466251298,0.9723055083,0.432748538,56.7553279,0.1106341674,0.5327102804,2.246657335,0.3407643312,0.4420819453,0.3260643821,1.06789467,0.4776579353,0.1343100451,0.6739356179,0.05711318795,0.09761163032,0.1547248183,1.5,68.9,4.414893617,94,592,1.153996101,545,1.062378168,1478,2.881871345,0.1910331384,0.7,1.370358951,0.4330218069,225.9809501,0.2346634996,174,963,1.643993704,0.3534971645,55.6640656,0.1052250768,0.5453608247,0.8143239353,0.3895216401,-26.9948576,-0.06149170296,0.4525773196,2.087549124,0.2701149425,55.6640656,0.1795111024,0.3587628866,0.9486613557,0.424437299,-0.06016254444,0.6412371134,0.06907216495,0.1164948454,0.1855670103,-1.39,70.1,3.086419753,81,0,0.6742596811,378,0.861047836,1159,2.638952164,0.2164009112,0.5862068966,1.247698926,0.3690721649,25.04876101,0.02582346496,182,970,11,8,37,29,61,9,93,95,98,39,82,37,79,55,12.5,25,26.5,24,53,63,65,88,57,77,47,88,20,35,11,52,84,72,76,67,81,14,16,48,11,129.5,130,5,6,12,57,6.5,24,19,39,10,23,6,67.5,120,12,91.5,43,36,36,36,14,4,20,23,14,18,30,27,87,9,2,2,32,9,125,21,13,91,0.786,0.571,0.571,13.5,42.5,48
Wisconsin,7.2,86.75,1.732,78.65,7.5,0.2,-0.6,562,22.79605617,Luke Fickell,Jeff Grimes,Mike Tressel,20,36.5,113,7.5,6,1.5,1,0.35,13.5,5,57.5,22.79605617,26.85,59,38,86.8,5.04,6.36,3.82,20,81,Wisconsin,Wisconsin,,25000,15000,50000,,50000,50000,90000,,,o5.5,140,Over,5.5,o5.5,125,Over,5.5,,,,,,,,,,,,,o5.5,150,Over,5.5,,,,,,,,,BigTen,15000,,15000,21000,20000,,,2024,Big Ten,1.515414779,0.3790322581,63.31309391,0.170196489,0.4775353017,0.8631729573,0.457002457,56.90520795,0.1398162357,0.5224646983,1.919123055,0.2727272727,0.1960245346,0.296534018,0.9595412932,0.4817518248,0.1367456831,0.703465982,0.08857509628,0.08087291399,0.1694480103,1.223,72.3,4.017857143,56,327,0.8034398034,389,0.9557739558,1271,3.123341523,0.1597051597,0.7457627119,1.144414844,0.4197689345,120.2183019,0.1543238792,143,779,1.337342026,0.4114114114,74.12398931,0.2225945625,0.4463806971,0.9432343684,0.4525547445,59.8444982,0.1456070516,0.5509383378,1.729330797,0.2718446602,74.12398931,0.2039185328,0.2761394102,0.9805802452,0.4944444444,0.1619343582,0.7238605898,0.05361930295,0.07104557641,0.1246648794,-1.336,70.9,4.174603175,63,0,0.9805352798,490,1.192214112,1363,3.315815085,0.1581508516,0.6857142857,1.110394582,0.4329758713,129.4517712,0.1735278434,139,746,103,94.5,89,92,79,128,57,45,53,72,113,101,121,116,124,54,102,106,88,29,132,40,56,67,112,40,109,107.5,103,61,67,71,44,119,73,100,102,106,97,11,25.5,83,69,91,10,37,97,117,93.5,105,87.5,40,67.5,21,105,72,62,124,131,93,124,99,98,40,124,33,45,31,7,108,79,80,96,50,28,67,76,6,0.417,0.333,0.5,91.5,116.5,76
TCU,11.1,86.65,1.882,82.05,5,0.2,-0.6,284,29.63550116,Sonny Dykes,Kendal Briles,Andy Avalos,21,29,103,5,1.5,3.5,0.69,0.45,25,34,31.5,29.63550116,25.08,25.5,111,86.7,7.36,8.15,5.72,21,34,TCU,TCU,,25000,15000,25000,,50000,20000,25000,,,o6.5,-190,Over,6.5,o6.5,-125,Over,6.5,,,,,,,,,,,,,o6.5,-200,Over,6.5,,,,,,,,,Big12,800,,850,1200,950,,,2024,Big 12,1.566103348,0.4836734694,224.818007,0.4588122592,0.5580865604,0.9140049732,0.4479166667,24.2292156,0.06309691561,0.437357631,2.07515466,0.3259259259,0.3713844147,0.3075170843,1.077139373,0.5279605263,0.2352173477,0.6924829157,0.05466970387,0.0854214123,0.1400911162,1.51,68.3,4.459770115,87,426,1.109375,368,0.9583333333,1118,2.91171875,0.1796875,0.7432432432,1.291871269,0.4658314351,243.2859394,0.2770910471,155,878,1.52259007,0.3586698337,65.90151369,0.156535662,0.470917226,1.018149875,0.4489361702,97.96064466,0.2084269035,0.5257270694,1.810728587,0.2653721683,65.90151369,0.1775342563,0.3456375839,1.058074929,0.4786324786,0.1669862297,0.6543624161,0.05928411633,0.09172259508,0.1510067114,-1.107,74,3.821917808,73,0,1.074468085,523,1.112765957,1520,3.234893617,0.1617021277,0.9019607843,1.228565537,0.4049217002,152.5450296,0.1706320241,152,894,47,44.5,21,23,23,50,62,77,92,99,112,106.5,86,95,25.5,20,16.5,22,35,39,49,57,15,16,38,57,47,53,50,114,102,102,58,94,22,5,5,10,68,106.5,73,80,90,53,49,134,93,101,115,82,106,52,67.5,70.5,73,8,128,82,91,67,27,101,79,80,27,17,38,24,15,84,115,118,92,85,52,37,17,46,0.692,0.462,0.539,33,82.5,61.5
Illinois,14.3,86.6,1.652,78.3,9.5,-1.8,0.6,298,23.96831708,Bret Bielema,Barry Lunney Jr.,Aaron Henry,22,19,115,9.5,5.5,4,0.95,0.57,6,10.5,15,23.96831708,28.18,98,52,86.6,9.1,8.36,5.73,22,15,Illinois,Illinois,,12500,,15000,,20000,15000,20000,,,o8.5,145,Over,8.5,o7.5,-150,Over,7.5,,,,,,,,,o7.5,-176,Over,7.5,o7.5,-200,Over,7.5,,,,,,,,,BigTen,3500,,3000,3500,3300,,,2024,Big Ten,1.748476056,0.4363636364,130.7145177,0.3395182279,0.4706601467,0.9164048344,0.4537037037,63.47757682,0.1469388352,0.5281173594,2.272021243,0.3103448276,0.3764520231,0.3190709046,1.022351958,0.5080789946,0.1701712882,0.6809290954,0.06112469438,0.1173594132,0.1784841076,1.398,69.8,4.226666667,75,581,1.344907407,489,1.131944444,1379,3.190972222,0.1296296296,0.8387096774,1.300437706,0.4449877751,193.0393856,0.2359894689,137,818,1.41194066,0.4294736842,82.11144039,0.1728661903,0.5163043478,0.7877134093,0.4977272727,78.59221388,0.1786186679,0.4782608696,1.918038634,0.3333333333,82.11144039,0.3473593339,0.2869565217,0.8709186012,0.5106707317,0.09164397946,0.7130434783,0.05652173913,0.07717391304,0.1336956522,-1.235,72.5,3.479452055,73,0,0.8363636364,530,1.204545455,1567,3.560909091,0.1090909091,0.75,1.088759175,0.4597826087,151.8213147,0.1650231681,138,920,78,114,35,44,41,43,7,10,40,58,58,64,62,60,73.5,37,48.5,53.5,102,106,77,72,41,30,87,72,42,72,9,56,61,62,49,91,79,29,35,45,18,115,21.5,71,89,114,6,80,134,132,123,108,110,16,67.5,70.5,39,31.5,99,119,123,83,114,63,114,3,114,94,59,110.5,36,33,99,101,127,4,101,44,94,16,0.769,0.75,0.385,21,5,117
Ole Miss,19.8,85.75,2.316,88.65,-5.5,1.6,1,363,37.85714667,Lane Kiffin,Charlie Weis Jr.,Pete Golding,24,11,82,-5.5,-5.5,0,0.26,0.24,123,126.5,91,37.85714667,23.7,11,134,85.8,9.19,7.57,3.87,24,14,Ole Miss,Ole Miss,,2500,2500,4000,,3500,2500,4000,,,o8.5,-120,Over,8.5,o8.5,-140,Over,8.5,,,,,,,,,,,,,o8.5,-139,Over,8.5,,,,,,,,,SEC,1400,,1100,1000,1800,,,2024,SEC,1.635208901,0.519650655,236.3982583,0.5161534023,0.4930032293,1.054518441,0.4607218684,93.9425256,0.1994533452,0.5069967707,2.287501461,0.3782771536,0.6132060108,0.2874058127,1.09314286,0.5347432024,0.2516839561,0.7125941873,0.05382131324,0.09687836383,0.1506996771,1.398,70.3,4.103092784,97,590,1.252653928,568,1.205944798,1497,3.178131635,0.1656050955,0.7530864198,1.35826422,0.4897739505,330.3407839,0.3555874961,162,929,1.625976615,0.345603272,33.32479753,0.0681488702,0.5457589286,0.9024342536,0.3399014778,-18.57947231,-0.04576224707,0.453125,2.042700862,0.2341040462,33.32479753,0.05511905684,0.3861607143,1.034810642,0.4109090909,-0.0155467838,0.6138392857,0.08035714286,0.1551339286,0.2354910714,-1.024,74.8,3.017241379,58,0,0.5689655172,318,0.7832512315,984,2.424384236,0.2290640394,0.7083333333,1.300736074,0.3426339286,10.52046258,0.0117415877,161,896,19,29,3,3,9,13,54,54,43,34,37,31,69,56,6,46,56.5,53.5,45,61,43,21,11,11,30,21,2,3,8,72,34,30,39,39,62,3,2,3,42,109.5,105.5,2,2,1,91,52.5,14,5,12,3,4,3,67.5,5.5,6,4,133,1,2,10,2,16,10,63,2,1,9,1,72,10,3,3,4,30,126,9,8,84,0.769,0.615,0.231,21,27,133
Iowa,11.4,85.7,2.68,81.3,2.5,0.7,1.2,299,20.52663596,Kirk Ferentz,Tim Lester,Phil Parker,25,28,45,2.5,1.5,1,0.7,0.31,48,34,68,20.52663596,30.04,122.5,22,85.7,7.04,7.35,5.34,25,44,Iowa,Iowa,,20000,15000,18000,,15000,15000,15000,,,o7.5,100,Over,7.5,o6.5,-170,Over,6.5,,,,,,,,,,,,,,,,,,,,,,,,,BigTen,4000,,4000,4500,3000,,,2024,Big Ten,1.508608714,0.3917910448,50.17742809,0.1872292093,0.3563829787,1.043011453,0.4395833333,69.4953106,0.1447818971,0.6382978723,1.999007705,0.2760416667,0.1857897141,0.2553191489,1.036243054,0.4696428571,0.1274043111,0.7446808511,0.03324468085,0.1010638298,0.1343085106,1.651,66.4,3.765432099,81,889,1.852083333,524,1.091666667,1439,2.998541667,0.1958333333,0.6351351351,1.197719404,0.420212766,107.0180393,0.1423112225,154,752,1.46442598,0.3944954128,76.86305338,0.1762914068,0.5317073171,0.6641465435,0.4488188976,14.84881241,0.03897326091,0.4646341463,1.721604767,0.2806324111,76.86305338,0.2236685607,0.3085365854,0.8941779011,0.4797178131,0.04229690058,0.6914634146,0.07195121951,0.1,0.1719512195,-1.033,75.1,3.368421053,57,0,0.5144356955,381,1,1138,2.987139108,0.1496062992,0.82,1.06545285,0.4182926829,80.5704885,0.09825669329,153,820,116,49,95,94,76,109,119,101,80,45,73,48,15,10,45.5,83,7,8,26,76,5,2,62,84,75,2,113,102,81,5,64,55,69,44,130,95,110,96,102,58,76,28,26,73,3,122.5,107,67,35,38,25,2,67.5,3.5,25,3,132,54,70.5,29,87,43,83,7,87,41,51,38,5,20,30,28,91,1,115,45,62,23,0.615,0.5,0.769,50,66,3
Florida,17.3,85.4,2.728,83.4,1.5,-0.1,0.6,370,25.88851229,Billy Napier,Rob Sale,Austin Armstrong,26,14,41,1.5,0,1.5,0.61,0.33,59.5,67,57.5,25.88851229,27.75,85.5,82,85.4,7.2,6.67,3.18,26,39,Florida,Florida,,4000,2800,4000,,4000,4500,6600,,,o7.5,100,Over,7.5,o6.5,-150,Over,6.5,,,,,,,,,,,,,o7.5,-106,Over,7.5,,,,,,,,,SEC,1800,,2200,1800,2000,,,2024,SEC,1.605104755,0.4072022161,87.49145554,0.2423586026,0.45125,0.940335602,0.4703196347,76.51129526,0.1746833225,0.5475,1.815559061,0.2899159664,0.2386984954,0.2975,1.071781542,0.5053380783,0.183728717,0.7025,0.06375,0.09625,0.16,1.42,69.8,4.173333333,75,497,1.134703196,558,1.273972603,1381,3.153652968,0.1666666667,0.8113207547,1.217165816,0.44125,160.0657809,0.2000822261,161,800,1.646684884,0.3791574279,63.98894873,0.1418823697,0.4865156419,0.8586591962,0.4757894737,58.56586756,0.1232965633,0.5124056095,2.005542825,0.3493150685,63.98894873,0.3692136527,0.3149946063,0.9188973741,0.4645669291,0.02205006167,0.6850053937,0.0668824164,0.117583603,0.1844660194,-1.283,71.5,3.121621622,74,0,0.8463157895,485,1.021052632,1443,3.037894737,0.1663157895,0.671641791,1.198085878,0.4282632147,121.8121757,0.1314047203,157,927,92.5,31.5,61,66,48,99,18,55.5,49,57,21,34,81,77.5,73.5,41,48.5,46.5,67,57,85,42,35,34,42,42,101,93,122,38,47,52,25,82,96,68,78,77,50,116,94,52,64,84,37,32,84.5,77,108,45,83,18,67.5,78.5,13,55,84,38,29,47,79,34,58,14,79,99,37,120,58,71,73,77,115,15,66,31,39,92,0.615,0.692,0.462,50,10,92
Missouri,12.5,85.05,2.874,84.65,2,-2.4,0.8,373,25.52366936,Eliah Drinkwitz,Kirby Moore,Corey Batoon,27,21,32,2,-2,4,0.48,0.67,53.5,100,15,25.52366936,27.83,88,73,85.1,7.66,7.42,3.77,27,30,Missouri,Missouri,,12500,12500,15000,,20000,10000,15000,,,o7.5,120,Over,7.5,o7.5,110,Over,7.5,,,,,,,,,,,,,o7.5,150,Over,7.5,,,,,,,,,SEC,5000,,5000,4000,5500,,,2024,SEC,1.513432926,0.4033412888,96.01576802,0.2291545776,0.4599341383,0.9113565437,0.4745417515,67.39314595,0.1372569164,0.5389681668,2.064178828,0.3258426966,0.3627137731,0.2930845225,0.9159767654,0.4891304348,0.1036520177,0.7069154775,0.03622392975,0.07683863886,0.1130625686,1.497,69,3.914634146,82,422,0.8594704684,468,0.9531568228,1511,3.077189409,0.1425661914,0.7105263158,1.164468257,0.441273326,163.5964768,0.1795790086,148,911,1.62046653,0.3906705539,77.88167664,0.2270602818,0.4549071618,0.9517266063,0.4063260341,5.526061116,0.01344540417,0.5450928382,2.002700872,0.2592592593,77.88167664,0.1691175093,0.3222811671,1.050044972,0.4657534247,0.08280270644,0.6777188329,0.06366047745,0.1193633952,0.1830238727,-1.206,72.6,3.379310345,58,0,1.435523114,399,0.9708029197,1118,2.719221411,0.1922141119,0.6949152542,1.249438068,0.399204244,83.40773776,0.1106203419,146,754,26,77,70,64,47,125,88,23,61,32,114,73.5,115,96,43.5,66,29.5,26.5,7,23,8,34,81,54,127,34,55,55,57,46,69,58,22,96,87,78,70,82,98,14,53,34,27,47,60,42,44,28,30.5,30,33,88,67.5,5.5,26,29.5,105,39,27,58,67,59,60,77,67,15,52,18,56,103,19,19,49,55,33,74,55,79,0.769,0.692,0.462,21,10,92
Nebraska,8.9,84.75,1.648,80.15,4.5,0.3,-0.2,506,23.11590932,Matt Rhule,Dana Holgorsen,John Butler,28,34,116,4.5,3.5,1,0.83,0.32,28,17,68,23.11590932,28.37,103,43,84.8,7.6,7.91,5.34,28,32,Nebraska,Nebraska,,12500,10000,15000,,15000,12000,15000,,,o7.5,-145,Over,7.5,o7.5,-105,Over,7.5,,,,,,,,,,,,,o7.5,-155,Over,7.5,,,,,,,,,BigTen,4000,,3000,3500,3000,,,2024,Big Ten,1.345137491,0.4282407407,87.04840791,0.2015009442,0.5023255814,0.8900045201,0.4655581948,68.05107859,0.1616415168,0.4895348837,1.836076388,0.3224489796,0.268399369,0.2848837209,0.9213287654,0.4910569106,0.1244514556,0.7151162791,0.05581395349,0.1023255814,0.1581395349,1.219,72.8,3.375,80,345,0.8194774347,414,0.9833729216,1337,3.175771971,0.1258907363,0.8208955224,1.111000845,0.4430232558,142.2954906,0.1654598728,138,860,1.613633962,0.4267676768,105.7510245,0.2670480416,0.5231175694,0.8956963253,0.3960674157,-2.845178727,-0.007992075075,0.4702774108,2.165206313,0.3185483871,105.7510245,0.3731065479,0.3276089828,0.9867793195,0.4538310413,0.007382058563,0.6723910172,0.06869220608,0.1228533686,0.1915455746,-1.287,71.8,3.060606061,66,0,0.941011236,360,1.011235955,978,2.747752809,0.2106741573,0.6721311475,1.287088134,0.4095112285,96.28789168,0.1271966865,144,757,54,111.5,80,79,45,131,12,6,44,65.5,106,93.5,119,113,48.5,114,111.5,107,62,79,54,18,66,50,125,18,93,61,117,84,52,56,32,108,57,90,80,55,133,15,45,48,37,58,82,33,27,32,10,41,16,31,67.5,33.5,10,47.5,83,26,22,37,57,24,50,43,57,100,93,92,105,26,15,15,41,28,107,93,91,77,0.539,0.636,0.308,65,22.5,129
Tulane,3.3,81.25,3.496,75.95,7.5,0.1,0.7,281,25.62553423,Jon Sumrall,Joe Craddock,Greg Gasparato,40,48,8,7.5,3.5,4,0.83,0.49,13.5,17,15,25.62553423,30.21,124,74,81.3,8.27,9.85,6.42,40,26,Tulane,Tulane,,100000,15000,50000,,50000,40000,90000,,,o8.5,110,Over,8.5,,,,,,,,,,,,,,,,,o8.5,125,Over,8.5,,,,,,,,,AAC,275,,275,,275,,,2024,American Athletic,1.768146804,0.4704142012,164.5813591,0.486927098,0.3806306306,0.972892629,0.4672727273,99.07968024,0.1801448732,0.6193693694,2.12282692,0.3626373626,0.5075685859,0.3074324324,1.012646317,0.5154471545,0.2034062039,0.6925675676,0.03716216216,0.0731981982,0.1103603604,1.704,65.5,4.5,88,775,1.409090909,652,1.185454545,1820,3.308909091,0.1490909091,0.7341772152,1.276847951,0.4684684685,263.6610394,0.2969155849,154,888,1.461670341,0.358974359,11.89983643,0.02773854646,0.5029308324,1.077403147,0.3844339623,34.95128796,0.08243228292,0.4970691676,1.814047529,0.2614840989,11.89983643,0.1596201187,0.3317702227,1.096602586,0.4263157895,0.00294496632,0.6682297773,0.05392731536,0.1113716295,0.1652989449,-1.232,72.2,3.528571429,70,0,1.70754717,486,1.146226415,1231,2.903773585,0.1839622642,0.7446808511,1.264081847,0.3716295428,46.85112439,0.05492511652,165,853,42,49,13,13,21,70,73,31,24,9,45,12.5,57,24,22.5,18,4.5,5,4,16,10,56,24,23,91,56,7,16,35,9,43,22,30,65,126,4,20,15,15,81.5,115,13,13,15,68,75,55,50,57,94,84.5,114,67.5,51,45,36.5,100,62,46,89,51,22,22,107,51,13,2,21,16,55,48,47,26,106,84,2,18,22,0.643,0.643,0.571,41,20.5,48
South Carolina,16.1,84.15,2.642,84.95,-0.5,-0.6,0.3,368,27.30513529,Shane Beamer,Mike Shula,Clayton White,30,17,48.5,-0.5,0,-0.5,0.61,0.2,84.5,67,105,27.30513529,27.21,68,92,84.2,7.06,6.05,3.05,30,43,South Carolina,South Carolina,,4000,4000,6000,,6000,4500,10000,,,o7.5,110,Over,7.5,o7.5,-110,Over,7.5,,,,,,,,,,,,,o7.5,120,Over,7.5,,,,,,,,,SEC,2000,,2200,2000,2400,,,2024,SEC,1.772473346,0.4330708661,129.5116451,0.3399255777,0.4154852781,0.9590167671,0.4427767355,78.08511188,0.146501148,0.5812431843,2.11066352,0.3238434164,0.3496100321,0.306434024,1.053921544,0.4874213836,0.1598141568,0.693565976,0.04362050164,0.1286804798,0.1723009815,1.414,69.7,3.966292135,89,783,1.469043152,586,1.099437148,1638,3.073921201,0.1519699812,0.8051948052,1.293730821,0.4372955289,199.8822228,0.2179740706,155,917,1.483813232,0.3844339623,48.91456574,0.1153645418,0.4959064327,0.7545628953,0.4468085106,20.07143403,0.04745019866,0.4947368421,2.045043091,0.2803030303,48.91456574,0.1874387655,0.3087719298,0.8386358105,0.4703891709,0.01044442318,0.6912280702,0.05614035088,0.134502924,0.1906432749,-1.208,72.6,3.188405797,69,0,0.7210401891,386,0.9125295508,1208,2.855319149,0.1725768322,0.7090909091,1.092255523,0.4116959064,55.65648818,0.06509530781,157,855,24.5,44.5,51,38,57,48,21,35,62,19,71,28,48,22,20.5,60,44.5,49,92,121,15,55,47,56,56,55,57,58,38,20,62,47,65,73,117,28,36,51,14,84,94,16,16,63,7,54,73,44,50,17,27,10,67.5,44,16.5,29.5,103.5,28,12,84,86,25,68,2,86,21,23,37,74,50,36,35,88,3,76,25,45,30,0.692,0.692,0.539,33,10,61.5
Baylor,7.5,84,2.552,78.5,4.5,0.4,0.6,282,30.7191392,Dave Aranda,Jake Spavital,Matt Powledge,31,35,54,4.5,0.5,4,0.64,0.51,28,56.5,15,30.7191392,24.17,15,117,84,6.56,7.3,5.63,31,52,Baylor,Baylor,,25000,12500,20000,,15000,15000,12000,,,o7.5,-105,Over,7.5,o7.5,-105,Over,7.5,,,,,,,,,,,,,o7.5,-115,Over,7.5,,,,,,,,,Big12,650,,650,700,525,,,2024,Big 12,1.61733884,0.4777517564,146.5184371,0.343134513,0.4718232044,0.961164392,0.4547368421,71.67727079,0.1508995175,0.5248618785,2.01961038,0.3432835821,0.314038682,0.2961325967,1.072391698,0.5149136578,0.185828446,0.7038674033,0.05635359116,0.06519337017,0.1215469613,1.522,68.4,4.15625,96,700,1.473684211,475,1,1495,3.148,0.1347368421,0.7714285714,1.279877695,0.4640883978,202.5350869,0.2237956761,161,905,1.667063024,0.4127764128,101.7676726,0.2500434216,0.4640820981,1.024089191,0.368869936,45.78782989,0.09762863515,0.5347776511,2.05343155,0.297029703,101.7676726,0.3545612596,0.3454960091,1.085359277,0.43728223,0.06910613734,0.6545039909,0.05701254276,0.09236031927,0.149372862,-1.117,73.8,3.864864865,74,0,1.059701493,440,0.9381663113,1416,3.020042644,0.170575693,0.8,1.340862223,0.3888255416,147.0989845,0.1677297429,149,877,31,31.5,45,37,24,63,33.5,15,50,35,101,69,46,42,9,42,18.5,20,14,5,56,38,33,24,41,38,74,31,79,59,58,53,47,71,76,26,30,12,46,98.5,63,75,86,37,109,113,76,73,104,23,50,49,67.5,78.5,77,9,126,85,90,79,28,53,32,101,28,96,85,62,76,96,58,66,14,90,40,85,78,96,0.615,0.692,0.667,50,10,19.5
Colorado,2.6,83.9,2.866,78.2,4,0.5,1.2,352,26.36393841,Deion Sanders,Pat Shurmur,Robert Livingston,32,52,34,4,0,4,0.59,0.49,30.5,67,15,26.36393841,26.4,49,84,83.9,5.43,7.83,5,32,78,Colorado,Colorado,,12500,15000,30000,,30000,30000,47500,,,o6.5,140,Over,6.5,o6.5,110,Over,6.5,,,,,,,,,,,,,o6,-106,Over,6,,,,,,,,,Big12,2500,,2000,2700,3500,,,2024,Big 12,1.566706616,0.4577603143,168.0715079,0.3301994261,0.6291718171,0.8729910568,0.4233333333,19.91772513,0.06639241708,0.3708281829,2.112247494,0.3461538462,0.4581643253,0.3213844252,1.058556412,0.4918032787,0.1254399061,0.6786155748,0.0630407911,0.1149567367,0.1779975278,1.496,68.6,4.337662338,77,204,0.68,274,0.9133333333,827,2.757,0.21,0.7619047619,1.321979183,0.4449938195,187.989233,0.2323723523,155,809,1.546939676,0.3508353222,36.84225388,0.08792900688,0.4686800895,1.047312222,0.4042105263,30.85959497,0.06496756836,0.5313199105,1.828974497,0.2918032787,36.84225388,0.1995204241,0.341163311,1.062821395,0.4244482173,0.01162668845,0.658836689,0.07494407159,0.1263982103,0.2013422819,-1.44,69.8,3.297297297,74,0,1.32,522,1.098947368,1353,2.849052632,0.1915789474,0.7924528302,1.263964835,0.3791946309,67.70184885,0.07572913742,158,894,86,44.5,38,45,40,29,42.5,111,113,130,122,134,130,133,59.5,28,22.5,28,100,104,82,77,64,47,49,77,16,27,37,132,100,106,86,115,2,33,19,27,67,106.5,98,17,18,24,67,106,45,42,91,77,104,76,67.5,78.5,21,101.5,28,12,18,22,32,27,21,85,32,30,13,55,20,90,38,43,48,98,48,15,12,55,0.692,0.692,0.5,33,10,76
USC,11,83.6,2.828,83.3,-0.5,1.1,-0.3,527,29.10565156,Lincoln Riley,Luke Huard,D’Anton Lynn,33,31,35.5,-0.5,-2,1.5,0.46,0.35,84.5,100,57.5,29.10565156,26.32,48,107,83.6,7.35,7.39,5.2,33,35,USC,USC,,8000,10000,10000,,10000,12000,10000,,,o7.5,-160,Over,7.5,o7.5,-130,Over,7.5,,,,,,,,,,,,,o8,110,Over,8,,,,,,,,,BigTen,2500,,2500,3500,1800,,,2024,Big Ten,1.467404238,0.4609665428,125.7414533,0.2337201734,0.5991091314,0.8793246968,0.5097493036,76.72600233,0.2137214549,0.3997772829,2.036436132,0.3615384615,0.4047322992,0.289532294,0.9893402794,0.5282131661,0.1481146317,0.710467706,0.1046770601,0.08129175947,0.1859688196,1.673,66.3,3.76344086,93,562,1.56545961,507,1.412256267,1249,3.479387187,0.1420612813,0.8490566038,1.217709212,0.4799554566,199.7275328,0.2224137336,150,898,1.253855694,0.444191344,75.21444609,0.1713313123,0.5301932367,0.9948866323,0.4407216495,70.0858321,0.1806335879,0.4685990338,1.58347825,0.2707423581,75.21444609,0.08634738126,0.2765700483,1.040959944,0.5075125209,0.202706638,0.7234299517,0.06642512077,0.07487922705,0.1413043478,-1.215,72.2,3.638888889,72,0,1.340206186,392,1.010309278,1247,3.213917526,0.1288659794,0.7586206897,1.132861952,0.4420289855,141.1948265,0.1705251528,148,828,35,69.5,46,39,14,98,4,21,7,79,7,54.5,37,65,14.5,84,6,6,111,30,134,27,50,15,99,27,32,18,71,125,25,50,8,113,9,76,39,24,115,64,60,79,79,99,15,85.5,125,95,59.5,40,29,81,67.5,63.5,53,36.5,102,108,126,49,123,117,111,68,123,3,49,28,1,24,101,92,83,73,113,43,108,1,0.539,0.615,0.539,65,27,61.5
Arizona,0.7,82.75,2.3,72.55,10,0.6,-0.4,353,21.81980393,Brent Brennan,Seth Doege,Danny Gonzales,34,60,84,10,6,4,1,0.52,3,5,15,21.81980393,27.75,85.5,33,82.8,4.51,7.55,5.12,34,93,Arizona,Arizona,,100000,50000,100000,,100000,100000,90000,,,o5.5,100,Over,5.5,o4.5,-160,Over,4.5,,,,,,,,,,,,,o5.5,125,Over,5.5,,,,,,,,,Big12,6000,,4000,6500,6600,,,2024,Big 12,1.588278075,0.3913043478,85.02869134,0.1848449812,0.6013071895,1.10960666,0.3737704918,1.704779249,0.005589440161,0.3986928105,2.133039641,0.2981818182,0.2766434895,0.3594771242,1.120169633,0.4326530612,0.02174798159,0.6405228758,0.06405228758,0.09411764706,0.1581699346,1.249,72.4,3.532258065,62,440,1.442622951,344,1.127868852,801,2.626885246,0.2655737705,0.5853658537,1.402670792,0.3843137255,86.73347059,0.1133770857,139,765,1.609406717,0.4423076923,118.070435,0.324369327,0.4733420026,1.058531203,0.4367245658,59.85699986,0.1485285356,0.5240572172,2.139491597,0.3106382979,118.070435,0.3594234953,0.3055916775,1.095579874,0.4943820225,0.1692691582,0.6944083225,0.0533159948,0.08972691808,0.1430429129,-1.356,70.3,4.554054054,74,0,1.617866005,500,1.240694789,1308,3.244665012,0.1687344913,0.7868852459,1.321709119,0.4382314694,174.8542519,0.227378741,140,769,112,107.5,109,110,115,6,129,132,121,132,61,116.5,53,90,107,100,105.5,99,63,54,87,127,114,117,21,127,88,87,30,126,123,123,124,14,8,98,84,98,54,19.5,30,106,97,96,97,104,79,104,72,118,92.5,109,67.5,78.5,125,86.5,55,105,99,95,94,102,97,106,94,97,107,84,103,82,83,81,78,102,53,109,107,76,0.333,0.167,0.5,107,133.5,76
Kansas,3,82.55,2.378,81.25,1,1.3,0,283,27.00447901,Lance Leipold,Matt Lubick,D.K. McDonald,35,49.5,76,1,0.5,0.5,0.65,0.29,66,56.5,77,27.00447901,29.2,114,88,82.6,5.78,7.65,5.39,35,64,Kansas,Kansas,,15000,12500,25000,,50000,20000,47500,,,o7.5,140,Over,7.5,o7.5,100,Over,7.5,,,,,,,,,,,,,o7.5,150,Over,7.5,,,,,,,,,Big12,1600,,1500,1200,1800,,,2024,Big 12,1.575153736,0.4802631579,113.864368,0.3745538422,0.4015852048,1.052296621,0.4966442953,141.3488557,0.3162166793,0.5904887715,1.831866317,0.3532110092,0.3719720689,0.2879788639,1.108345667,0.5398886827,0.2888498869,0.7120211361,0.04887714663,0.07397622193,0.1228533686,1.08,74.7,4.681818182,66,648,1.44966443,610,1.364653244,1612,3.605369128,0.1275167785,0.8103448276,1.259734498,0.4861294584,236.7800001,0.3127873184,128,757,1.656985885,0.4278215223,101.6700201,0.2668504465,0.4941634241,0.9785783984,0.4740932642,84.74264847,0.2195405401,0.5006485084,2.047716033,0.3306451613,101.6700201,0.2668825507,0.3216601816,1.065362998,0.5047801147,0.1989078367,0.6783398184,0.07003891051,0.1011673152,0.1712062257,-1.304,71.2,3.830985915,71,0,1.139896373,473,1.225388601,1321,3.423316062,0.1321243523,0.8372093023,1.298174989,0.448767834,170.2156712,0.2207725956,126,771,114,129.5,7,26,10,73,19,8,4,20,9,19,51,49,96.5,9.5,132,131,18,18,29,24,7,9,25,24,46,21,118,12,5,9,13,41,124,15,49,11,61,22,3.5,100,93,106,89,127,123,126,78,114,79,56,67.5,57.5,74,64,78,55,66,33,70,116,109,87,70,57,84,107,75,59,119,108,113,68,74,92,92,95,0.417,0.417,0.5,91.5,99,76
Cincinnati,-0.3,81.9,1.636,74.9,6.5,0.9,-0.4,270,26.87027439,Scott Satterfield,Brad Glenn,Tyson Veidt,36,65.5,117,6.5,2.5,4,0.75,0.65,17.5,23,15,26.87027439,27.78,87,87,81.9,5.11,7.31,4.88,36,79,Cincinnati,Cincinnati,,30000,25000,100000,,100000,40000,90000,,,o6.5,120,Over,6.5,o6.5,110,Over,6.5,,,,,,,,,,,,,o6.5,110,Over,6.5,,,,,,,,,Big12,3000,,2000,3300,3500,,,2024,Big 12,1.429177648,0.4474327628,95.85176166,0.2343563855,0.5006119951,1.078403262,0.4411764706,60.74408504,0.1488825614,0.4993880049,2.009616006,0.3632653061,0.4919585915,0.299877601,1.010205373,0.479020979,0.06305243318,0.700122399,0.04895960832,0.1101591187,0.1591187271,1.152,73.6,3.328358209,67,699,1.713235294,499,1.223039216,1236,3.028431373,0.2009803922,0.7169811321,1.255239936,0.4443084455,156.5958467,0.191671783,134,817,1.695715523,0.3871866295,81.42230873,0.2268030884,0.4767596282,0.9350886986,0.4529262087,53.37699782,0.1358193329,0.5219123506,2.01884078,0.3056768559,81.42230873,0.3201435178,0.3041168659,1.055997536,0.4713740458,0.1092962714,0.6958831341,0.05444887118,0.1075697211,0.1620185923,-1.563,67.2,3.507042254,71,0,1.20610687,457,1.162849873,1264,3.21653944,0.1781170483,0.7346938776,1.268612764,0.4209827357,130.5841118,0.1734184752,131,753,80.5,119,65,71,44,77,80,103,76,84,32,58,20,43,93,118,125,123,66,92,30,45,99,75,92,45,9,14,80,76,60,65,67,32,58,75,72,35,122,13,10,82,71,78,71,68,65,96,67,98,63,63,67.5,57.5,43,126.5,11,67,55,87,96,72,69,79,96,84,56,73,63,80,77,73,98,46,58,73,51,112,0.417,0.364,0.364,91.5,111,121
Arizona State,12.2,81.8,2.816,78.3,3,-0.9,1.4,296,27.72049834,Kenny Dillingham,Marcus Arroyo,Brian Ward,37,22.5,37,3,1,2,0.66,0.37,42,44.5,48.5,27.72049834,28.16,97,94,81.8,8.45,7.26,4.72,37,22.5,Arizona State,Arizona State,,8000,8000,10000,,10000,12000,15000,,,o8.5,-105,Over,8.5,o8.5,-105,Over,8.5,,,,,,,,,,,,,o8.5,100,Over,8.5,,,,,,,,,Big12,550,,600,600,430,,,2024,Big 12,1.721103441,0.4432989691,150.9169528,0.3889612185,0.4075630252,0.9560820168,0.5017793594,129.3308559,0.2301260782,0.5903361345,1.981045433,0.3527272727,0.4346409684,0.2888655462,1.046172307,0.5273264402,0.2300058602,0.7111344538,0.04411764706,0.0724789916,0.1165966387,1.277,71.6,3.967741935,93,729,1.297153025,683,1.215302491,1835,3.265658363,0.1601423488,0.72,1.245913922,0.4768907563,275.2402337,0.2891178925,148,952,1.470775296,0.4356846473,108.0553017,0.2241811239,0.5379464286,0.9847346872,0.3921568627,6.822696769,0.016722296,0.4553571429,1.900542008,0.2823129252,108.0553017,0.1462245793,0.328125,1.075523957,0.476744186,0.09661248302,0.671875,0.07589285714,0.0859375,0.1618303571,-1.256,71.8,3.628205128,78,0,0.8700980392,416,1.019607843,1194,2.926470588,0.1960784314,0.6595744681,1.260595573,0.4129464286,101.1507411,0.1128914521,157,896,14,77,16,9,17,80,79,47,31,8,34,6,64,37,14.5,59,84.5,84.5,9,13,17,25,16,18,66,25,25,22,90,14,19,14,11,75,120,12,26,36.5,21,109.5,94,36,45,67,64,29,38,54,46,44,41,21,67.5,105.5,51,47.5,96,68,108,18,55.5,66,74,94,55.5,11,96,40,32,14,20,20,35,71,118,70,98,25,0.786,0.857,0.643,13.5,1,24
UNLV,-3.3,71.6,2.28,73.9,4.5,-0.2,1.4,316,27.26706993,Dan Mullen,Corey Dennis,Paul Guenther,66,75,88,4.5,5.5,-1,0.93,0.19,28,10.5,113.5,27.26706993,27.22,69,91,71.6,7.31,8.78,5.81,66,36,UNLV,UNLV,,25000,20000,50000,,50000,75000,90000,,,o8.5,100,Over,8.5,,,,,,,,,,,,,,,,,,,,,,,,,,,,,MWC,600,,600,,600,,,2024,Mountain West,1.657993402,0.4041916168,69.14287327,0.2070145906,0.3642311887,1.127017277,0.4450171821,136.1780416,0.2339828893,0.6346782988,2.086074982,0.2925925926,0.2706395335,0.294438386,1.11405289,0.486862442,0.2002562638,0.705561614,0.0534351145,0.1003271538,0.1537622683,1.745,65.3,4.262135922,103,1140,1.958762887,758,1.302405498,1996,3.429037801,0.147766323,0.7413793103,1.308950721,0.4296619411,202.6384767,0.2209798001,172,917,1.449064655,0.3786764706,81.8098494,0.1503857526,0.5690376569,1.065253381,0.3975609756,42.60605225,0.1039172006,0.4288702929,2.113426469,0.2530120482,81.8098494,0.1913577535,0.3472803347,1.033739638,0.4567307692,0.0860231657,0.6527196653,0.0910041841,0.1129707113,0.2039748954,-0.989,75.6,4.05,60,0,1.13902439,449,1.095121951,1103,2.689512195,0.2195121951,0.7083333333,1.279522006,0.3859832636,117.2092296,0.1226037966,174,956,24.5,10,48,36,66,35,63,30,10,4,15,4,11,3,3,32,3,3,51,73,41,36,27,57,23,36,90,92,44,6,16,11,61,11,129,87,98,81,35,125,124,45,60,35,75,52.5,21,24,28.5,75,58,55,67.5,10,96,1,134,10,41,2,25,60,53,62,25,25,58,14,94,2,63,60,42,103,133,35,37,21,0.786,0.571,0.429,13.5,42.5,104
Minnesota,6,81.5,2.828,79.7,0.5,0.4,0.9,505,21.50323821,P.J. Fleck,Greg Harbaugh Jr.,Danny Collins,38,40,35.5,0.5,-0.5,1,0.56,0.3,73.5,77,68,21.50323821,30.54,130,29,81.5,6.86,7.28,4.82,38.5,47,Minnesota,Minnesota,,20000,20000,40000,,50000,30000,47500,,,o6.5,-155,Over,6.5,o7.5,130,Over,7.5,,,,,,,,,,,,,o6.5,-190,Over,6.5,,,,,,,,,BigTen,10000,,15000,12000,12000,,,2024,Big Ten,1.414363494,0.4570765661,126.4132193,0.2933021329,0.5301353014,0.9136709257,0.4368421053,45.31995831,0.1192630482,0.467404674,2.032437438,0.3020408163,0.3232880304,0.3013530135,0.9685073066,0.5088028169,0.1584244054,0.6986469865,0.05535055351,0.1008610086,0.1562115621,1.264,71.7,4.352112676,71,409,1.076315789,335,0.8815789474,1051,2.765789474,0.1842105263,0.7575757576,1.185396645,0.4464944649,169.1906297,0.2081065556,140,813,1.37517344,0.4025641026,37.66434656,0.09657524759,0.5058365759,0.9373560701,0.3578947368,1.627751868,0.004283557547,0.4928664073,1.855366441,0.2509505703,37.66434656,0.08983852109,0.3411154345,0.9732531736,0.4468503937,0.02547476499,0.6588845655,0.09987029831,0.09857328145,0.1984435798,-1.341,70.6,3.213114754,61,0,0.9394736842,338,0.8894736842,1010,2.657105263,0.1789473684,0.75,1.171954456,0.3800259403,36.56871166,0.04743023562,146,771,83,102.5,57,59,38,114,47.5,86,112,104,127,120,89,97,86,27,86,90,58,74,52,48,48,29,108,48,70,82,75,99,78,83,73,95,35,45,38,28,126,22,53,11,10,26,21,80,64,22,15,13,10,30,67.5,13,19,80.5,60,16,75,1,33,35,42,36,33,4,14,10,25,49,17,17,9,47,88,19,66,9,0.615,0.833,0.462,50,3,92
Iowa State,11,81.45,2.952,80.65,3,-3.1,0.9,285,27.86637925,Matt Campbell,Taylor Mouser,Jon Heacock,39,31,27,3,1,2,0.66,0.36,42,44.5,48.5,27.86637925,27.16,67,95,81.5,7.17,6.92,4.43,38.5,41,Iowa State,Iowa State,,12500,15000,18000,,25000,20000,20000,,,o7.5,-105,Over,7.5,o7.5,105,Over,7.5,,,,,,,,,,,,,o7.5,110,Over,7.5,,,,,,,,,Big12,1100,,1000,1200,1400,,,2024,Big 12,1.661324221,0.4082474227,134.448116,0.2772126102,0.4918864097,1.104057791,0.406,66.24479623,0.1324895925,0.5070993915,2.028885199,0.3389261745,0.3728046955,0.3022312373,1.160495074,0.4360465116,0.1205154712,0.6977687627,0.06795131846,0.08012170385,0.1480730223,1.382,70,4.230769231,91,557,1.114,495,0.99,1418,2.835,0.212,0.7014925373,1.379216776,0.406693712,194.0104434,0.1967651556,165,986,1.6305707,0.3842105263,63.9669344,0.1683340379,0.4418604651,1.05498337,0.449790795,88.73117625,0.1856300758,0.5558139535,1.990559573,0.3082437276,63.9669344,0.3091537827,0.3244186047,1.067987721,0.4733218589,0.09906340533,0.6755813953,0.06279069767,0.09651162791,0.1593023256,-1.198,72.4,3.44,75,0,1.780334728,584,1.221757322,1442,3.016527197,0.1987447699,0.7586206897,1.287769381,0.4197674419,143.8097439,0.1672206324,161,860,9,21.5,62,43,92,7,91,115,102,50,103,59.5,85,66,18,35,52.5,57,40,25,98,49,68,114,7,49,45,37,76,71,70,60,101,18,63,51,34,75,33,89.5,105.5,73,81,76,83,85.5,34,71,107,112,122,119,67.5,86,32,33,107,70,82,61,63,68,73,89,63,75,36,79,52,112,104,112,94,100,22,40,44,86,0.786,0.571,0.571,13.5,42.5,48
Arkansas,7,81.2,1.688,79,2,1,-0.8,361,31.20339491,Sam Pittman,Bobby Petrino,Travis Williams,41,38,114,2,1,1,0.67,0.31,53.5,44.5,68,31.20339491,26.12,44,121,81.2,4.82,5.44,2.4,41,89,Arkansas,Arkansas,,20000,20000,40000,,50000,30000,75000,,,o5.5,120,Over,5.5,o5.5,100,Over,5.5,,,,,o5.5,-115,Over,5.5,,,,,o5.5,135,Over,5.5,,,,,,,,,SEC,15000,,15000,13000,15000,,,2024,SEC,1.61970243,0.4578587699,148.2306094,0.3376551466,0.488320356,0.9909777575,0.5250544662,106.811335,0.2327044335,0.510567297,2.196783438,0.3745583039,0.4795361595,0.3147942158,0.9866868559,0.5454545455,0.1908421503,0.6852057842,0.07675194661,0.1223581758,0.1991101224,1.198,72.7,3.952380952,84,743,1.618736383,659,1.435729847,1498,3.264488017,0.1830065359,0.8148148148,1.276891014,0.4916573971,253.2674977,0.2817213545,156,899,1.546700378,0.4390804598,125.3686364,0.2882037619,0.4965753425,0.805021403,0.3863636364,-11.41591897,-0.02594527038,0.502283105,2.009259879,0.2749140893,125.3686364,0.2227687555,0.3321917808,0.9663082574,0.4803418803,0.08041249641,0.6678082192,0.06849315068,0.0799086758,0.1484018265,-1.361,70.1,3.311688312,77,0,0.8454545455,330,0.75,1228,2.790681818,0.1522727273,0.8032786885,1.197433271,0.4121004566,111.8670183,0.1277020756,156,876,34,41,20,15,8,69,14,84,33,33,4,11,27,35.5,39.5,62,109,112,123,115,115,70,31,6,101,70,10,4,16,68,17,21,6,57,65,30,28,26,44,97,89.5,49,52,65,36,116,102,39,56,1,7.5,17,67.5,99,22,91.5,53,87,118,38.5,49,58,84,34,49,39,112,34,61,61,9,10,30,7,77,101,104,54,0.539,0.615,0.539,65,27,61.5
Rutgers,4.7,81.05,2.14,73.35,7.5,-0.2,0.4,520,25.1041231,Greg Schiano,Kirk Ciarrocca,Robb Smith,42,44,94,7.5,3.5,4,0.82,0.55,13.5,17,15,25.1041231,27.15,66,66,81.1,5.53,6.52,3.55,42,75,Rutgers,Rutgers,,,,80000,,100000,50000,,,,o5.5,-145,Over,5.5,o5.5,-125,Over,5.5,,,,,,,,,,,,,,,,,,,,,,,,,BigTen,,,15000,21000,,,,2024,Big Ten,1.573444104,0.4285714286,105.7259397,0.2604087185,0.4511111111,0.871707906,0.450101833,44.45816643,0.0905461638,0.5455555556,1.996025244,0.3384030418,0.3989693909,0.2922222222,0.9437270414,0.4803767661,0.06415814165,0.7077777778,0.07222222222,0.06777777778,0.14,1.345,70.6,4.186046512,86,514,1.046843177,481,0.9796334012,1452,2.957230143,0.1771894094,0.7356321839,1.180827143,0.4388888889,145.797686,0.1619974289,144,900,1.599469648,0.3962703963,98.23045547,0.2289754207,0.5276752768,1.098448744,0.4789473684,100.7459425,0.2651209014,0.467404674,2.190023845,0.3094339623,98.23045547,0.3443791282,0.3259532595,1.082390949,0.4927007299,0.1835286916,0.6740467405,0.06519065191,0.07995079951,0.1451414514,-1.14,73.6,4.02739726,73,0,1.926315789,465,1.223684211,1215,3.197368421,0.1710526316,0.8333333333,1.340419067,0.4329643296,191.834192,0.2359584157,144,813,33,92.5,83,75,54,116,70.5,71,85,44,107,68,93,74.5,30.5,39,64,68,34,6,106,33,98,72,120,33,33,38,83,42,90,85,55,117,97,59,61,53.5,64,53,45,110,107,90,107,126,75,92,53,113,70,122,67.5,70.5,91,12,123,94,117,54,61,109,94,98,61,93,79,82,110,22,127,122,116,117,112,75,63,71,0.539,0.583,0.692,65,35,12
Miami,18.8,80.95,1.788,85.15,-5,1.6,0.2,263,35.50369158,Mario Cristobal,Shannon Dawson,Corey Hetherman,43,12,110,-5,-5,0,0.29,0.26,120.5,122.5,91,35.50369158,27.68,80.5,133,81,9.6,7.37,4.73,43,11,Miami (FL),Miami,,3000,3000,4000,,4000,3700,5000,,,o9.5,130,Over,9.5,o9.5,135,Over,9.5,,,,,,,,,,,,,o9,116,Over,9,,,,,,,,,ACC,400,,425,440,410,,,2024,ACC,1.679358908,0.4901960784,230.9325991,0.4528090177,0.5519480519,1.002455597,0.5555555556,144.1363816,0.3481555111,0.4480519481,2.391547227,0.4024390244,0.6893190724,0.2662337662,1.085672805,0.5619469027,0.3030921664,0.7337662338,0.0487012987,0.06277056277,0.1114718615,1.384,70.3,4.958762887,97,762,1.84057971,569,1.374396135,1526,3.686231884,0.09661835749,0.9027777778,1.355009405,0.5194805195,375.0689807,0.4059188102,149,924,1.694751088,0.3636363636,74.58886042,0.1653854998,0.5567901235,1.165220929,0.3844011142,37.07962797,0.1032858718,0.4432098765,2.037628233,0.3476821192,74.58886042,0.3980162027,0.3728395062,1.141059401,0.3877952756,-0.01679607248,0.6271604938,0.07160493827,0.1172839506,0.1888888889,-1.172,72.3,4.015625,64,0,1.526462396,382,1.064066852,948,2.640389972,0.2451253482,0.5555555556,1.452780353,0.3728395062,111.6684884,0.1378623313,145,810,21,73,1,1,1,15,1,2,2,28,8,30,16,30,6,2,56.5,56,5,3,27,4,4,3,33,4,1,1,3,108,2,8,1,52,26,6,3,7,28,49.5,50,58,51,16,129,2,9,20,6,62,26,100,67.5,26.5,90,34.5,114,30,30,30,6,15,1,122,6,109,47,118,71,6,61,50,25,127,130,39,21,111,0.769,0.5,0.75,21,66,5.5
UCLA,2.9,80.85,1.58,74.35,6,-0.1,-0.4,525,18.77948151,DeShaun Foster,Tino Sunseri,Ikaika Malloe,44,51,119,6,6,0,0.96,0.23,21,5,91,18.77948151,30.45,127,14,80.9,5.09,6.15,4.1,44,80,UCLA,UCLA,,30000,50000,40000,,50000,40000,47500,,,o5.5,120,Over,5.5,o5.5,115,Over,5.5,,,,,,,,,,,,,o5.5,125,Over,5.5,,,,,,,,,BigTen,20000,,10000,18000,25000,,,2024,Big Ten,1.511364469,0.4285714286,113.7195045,0.2663220245,0.5817438692,0.9149080889,0.342019544,-12.63981274,-0.04117202848,0.4182561308,1.918993515,0.358778626,0.4133600619,0.3569482289,0.9910291583,0.4110169492,-0.01529797562,0.6430517711,0.06811989101,0.1049046322,0.1730245232,1.261,72.2,3.152542373,59,291,0.9478827362,285,0.9283387622,772,2.515960912,0.2117263844,0.7142857143,1.293906414,0.3923705722,101.0796917,0.1377107517,119,734,1.408994456,0.4700239808,107.8423825,0.2586148262,0.5635135135,0.7176400579,0.4409937888,14.9415392,0.04640229564,0.4351351351,1.989093421,0.3303571429,107.8423825,0.30604241,0.3027027027,0.8745260927,0.511627907,0.1003285677,0.6972972973,0.08108108108,0.1,0.1810810811,-1.366,70.7,4.453125,64,0,0.4906832298,277,0.8602484472,936,2.905900621,0.1832298137,0.78,1.118543792,0.4567567568,120.3230407,0.1625987037,123,740,125,134,97,100,107,47,83.5,113,130,133,119,131,108,124,115.5,124,99.5,94.5,94,83,99,125,124,127,97,125,30,20,104,120,128,127,130,92,13,54,50,53.5,100,9,2,70,62,112,13,101,57,51,4,9,2,1,67.5,26.5,123,78,50,42,70.5,7,100,69,115,5,100,72,95,106,51,4,35,29,84,2,131,89,120,15,0.417,0.5,0.333,91.5,66,125
Texas Tech,11.8,80.7,3.29,78.3,3,-2.7,0.1,290,33.32925598,Joey McGuire,Mack Leftwich,Shiel Wood,45,25.5,15,3,0,3,0.59,0.44,42,67,36,33.32925598,23.31,6,130,80.7,8.67,8,5.03,45,20,Texas Tech,Texas Tech,,15000,10000,12000,,10000,12000,12000,,,o8.5,-135,Over,8.5,o8.5,100,Over,8.5,,,,,,,,,,,,,o8.5,-134,Over,8.5,,,,,,,,,Big12,600,,650,600,700,,,2024,Big 12,1.557646989,0.4230769231,158.2557623,0.2898457184,0.5465465465,1.050525613,0.4623893805,87.36910452,0.193294479,0.4524524525,1.967760731,0.3353846154,0.3842683671,0.3253253253,1.102387879,0.4910979228,0.1760414663,0.6746746747,0.05905905906,0.08408408408,0.1431431431,1.498,69,4.725274725,91,524,1.159292035,517,1.14380531,1456,3.220132743,0.1615044248,0.7384615385,1.316764336,0.4404404404,243.5391676,0.2437829506,169,999,1.668685505,0.4391752577,156.3623032,0.3223965014,0.5312157722,1.098649314,0.4305882353,58.63037622,0.1379538264,0.4654983571,2.121551419,0.3556338028,156.3623032,0.4412493401,0.3110624315,1.160020826,0.4689984102,0.138717238,0.6889375685,0.04709748083,0.08981380066,0.1369112815,-1.414,70,3.967391304,92,0,1.604705882,462,1.087058824,1205,2.834588235,0.1835294118,0.6268656716,1.405259689,0.4337349398,212.5679553,0.2328236093,176,913,4,14.5,27,22,51,33,64.5,50,37,43,55,51.5,78,71,18,5,29.5,25,37,37,70,84,38,49,26,84,38,41,94,106,38,39,37,42,28,47,21,57.5,72,114,126.5,109,120,93,120,17,56,41,49,72,65.5,106,67.5,132,83,96.5,36,113,98,116,83,91,65,128,83,116,126,123,96,21,78,78,73,118,114,106,106,97,0.615,0.583,0.692,50,35,12
Houston,0.9,74.55,1.82,69.85,10,0.5,-0.8,277,16.68486441,Willie Fritz,Slade Nagle,Austin Armstrong,56,58.5,109,10,6,4,1,0.68,3,5,15,16.68486441,30.33,125,8,74.6,5.03,5.97,3.39,56,82,Houston,Houston,,50000,25000,80000,,100000,50000,47500,,,o6.5,110,Over,6.5,o6.5,120,Over,6.5,,,,,,,,,,,,,,,,,,,,,,,,,Big12,3300,,3000,3500,4000,,,2024,Big 12,1.402892949,0.3708609272,3.535076398,0.01170555099,0.4259520451,0.9886463912,0.3541147132,4.600529014,0.01147264093,0.5655853315,1.636462303,0.2096774194,-0.04635922942,0.3497884344,1.051563159,0.4381778742,0.02374030145,0.6502115656,0.05218617772,0.1565585331,0.2087447109,1.239,72.3,2.574468085,47,513,1.279301746,408,1.017456359,1034,2.57755611,0.2119700748,0.6744186047,1.171306291,0.3582510578,-0.5528099269,-0.000779703705,140,709,1.631265017,0.3930635838,71.30997971,0.2060982073,0.4663072776,0.9624751351,0.4025316456,16.52902955,0.04184564443,0.5323450135,1.909278461,0.325,71.30997971,0.2990570626,0.3234501348,1.041298935,0.4322709163,0.02890206983,0.6765498652,0.05795148248,0.1172506739,0.1752021563,-1.499,69,3.515625,64,0,1,376,0.9518987342,1094,2.769367089,0.1949367089,0.6923076923,1.270798606,0.397574124,86.28253409,0.1162837387,140,742,131,102.5,131,131,127,118,106,114,125,108,96,96.5,66,76,132,134,102,102,129,132,38,121,113,112,58,121,134,133,134,27,121,121,129,59,109,131,131,112,128,10,30,40,31,46,73,40,40,35,25,26,21.5,42,67.5,26.5,44,114,20,49,31,74,64,36,27,69,64,70,42,102,34,93,32,33,46,59,41,61,60,87,0.333,0.455,0.167,107,91,135
Boise State,9.2,79.35,2.932,80.25,-0.5,-0.8,0.4,338,31.29803379,Spencer Danielson,Dirk Koetter,Erik Chinander,46,33,30,-0.5,-0.5,0,0.57,0.22,84.5,77,91,31.29803379,27.59,79,123,79.4,10.18,10.21,7.27,46,8,Boise State,Boise State,,20000,25000,20000,,50000,25000,25000,,,o9.5,-210,Over,9.5,,,,,,,,,,,,,,,,,o9.5,-230,Over,9.5,,,,,,,,,MWC,-135,,-130,,-195,,,2024,Mountain West,1.484573837,0.4728132388,168.8965996,0.3992827413,0.4397089397,1.165254055,0.4776951673,150.9084187,0.2804989194,0.5592515593,1.864386222,0.3487544484,0.3741576763,0.2920997921,1.146279353,0.5286343612,0.3137328469,0.7079002079,0.05821205821,0.07276507277,0.130977131,1.392,70.3,4.632183908,87,1290,2.397769517,652,1.211895911,1707,3.173420074,0.1728624535,0.8513513514,1.299935408,0.4760914761,318.7903758,0.331382927,163,962,1.693187256,0.3760162602,97.19301184,0.197546772,0.5497206704,1.124382014,0.3920595533,43.29352404,0.1074280994,0.4502793296,2.317644853,0.3146417445,97.19301184,0.4572012121,0.3586592179,1.061197812,0.4216027875,-0.01093214846,0.6413407821,0.05363128492,0.1463687151,0.2,-1.208,72.8,3.391891892,74,0,1.709677419,451,1.1191067,1096,2.7191067,0.2133995037,0.619047619,1.431172013,0.3832402235,140.4865359,0.1569681965,165,895,12,25.5,5,4,19,44,3,67,45,15.5,36,12.5,1,1,25.5,13,56.5,55,24,14,68,32,2,14,12,32,43,25,113,31,8,5,20,6,102,10,18,14,109,108,115,69,78,32,128,14,26,27,26,83,59,115,67.5,78.5,27,26,103.5,13,5,92,15,17,17,83,15,117,77,89,132,8,67,62,34,121,127,53,35,110,0.857,0.5,0.5,4.5,66,76
BYU,11.5,78.95,2.324,77.55,1.5,-0.9,0.8,322,24.40208382,Kalani Sitake,Aaron Roderick,Jay Hill,47,27,80,1.5,1,0.5,0.67,0.28,59.5,44.5,77,24.40208382,29.24,115,58,79,8.75,6.54,3.84,47,19,BYU,BYU,,30000,15000,25000,,30000,15000,20000,,,o6.5,-150,Over,6.5,o8.5,125,Over,8.5,,,,,,,,,,,,,o6.5,-159,Over,6.5,,,,,,,,,Big12,1800,,1800,850,1900,,,2024,Big 12,1.66092043,0.4230769231,98.79491485,0.2533202945,0.4676258993,0.973052652,0.4603174603,77.21010554,0.1750796044,0.5287769784,1.943713226,0.3258426966,0.3154957695,0.3201438849,1.076435974,0.4955908289,0.1467134944,0.6798561151,0.06834532374,0.09232613909,0.1606714628,1.547,68.3,3.730337079,89,446,1.011337868,563,1.276643991,1420,3.219047619,0.1904761905,0.7358490566,1.281471628,0.4412470024,167.4239218,0.2007481077,142,834,1.488861096,0.3728395062,47.62002654,0.1175803124,0.4993834772,0.9610022836,0.4491315136,49.99344452,0.1240532122,0.4969173859,2.000773959,0.3055555556,47.62002654,0.2867720533,0.3107274969,0.959607231,0.4561717352,0.04341730905,0.6892725031,0.08261405672,0.09494451295,0.1775585697,-1.167,73.4,3.790322581,62,0,1.101736973,415,1.029776675,1125,2.79057072,0.1736972705,0.6923076923,1.201082647,0.4093711467,96.5368332,0.1190343196,147,811,69,97.5,60,61,49,59,69,94,38,49,20,33,99,88,20.5,87,16.5,16,69,46,100,76,52,44,39,76,73,55,97,54,46,49,40,64,80,63,68,57.5,34,51,56.5,41,38,57,39,40,70,38,32,49,39.5,54,67.5,16.5,69.5,15,116,46,86,6,84,44,51,31,84,63,22,72,55,54,74,71,93,57,80,26,31,33,0.846,0.667,0.692,7,17,12
Vanderbilt,1.7,78.75,1.26,71.15,8.5,-1.8,0.9,367,19.08369854,Clark Lea,Timothy Beck,Clark Lea,48,55,130,8.5,4.5,4,0.88,0.52,8,12,15,19.08369854,31.09,131,15,78.8,4.37,4.81,1.42,48,98.5,Vanderbilt,Vanderbilt,,50000,50000,50000,,50000,50000,75000,,,o5.5,140,Over,5.5,o5.5,130,Over,5.5,,,,,,,,,,,,,o4.5,-177,Over,4.5,,,,,,,,,SEC,30000,,30000,30000,25000,,,2024,SEC,1.652229103,0.4299065421,107.4547539,0.3347500122,0.4158031088,0.888450482,0.4155555556,32.05868648,0.07124152552,0.5829015544,2.059728475,0.3088803089,0.3180243344,0.335492228,0.9362023606,0.477582846,0.1078187317,0.664507772,0.06606217617,0.08937823834,0.1554404145,1.497,68.7,4.253731343,67,343,0.7622222222,418,0.9288888889,1267,2.816222222,0.2155555556,0.829787234,1.212762635,0.420984456,137.679312,0.1783410777,134,772,1.486525214,0.4767726161,138.7574715,0.3392603215,0.5074441687,0.880692366,0.4483627204,41.60146357,0.1047895808,0.4925558313,2.04430821,0.3516949153,138.7574715,0.4326852482,0.2928039702,0.9550278501,0.5087719298,0.1372723096,0.7071960298,0.06575682382,0.1017369727,0.1674937965,-1.089,74.7,4.21875,64,0,1.156171285,435,1.095717884,1170,2.948110831,0.1939546599,0.7719298246,1.197414633,0.4627791563,180.358935,0.2237703909,139,806,105,119,72,83,74,103,9,118,105,75,118,91,125,114,93,33,24.5,26.5,56,44,94,107,80,78,122,107,72,74,61,17,99,94,93,109,116,32,59,52,37,46,25.5,102,100,116,35,92.5,42,62,40,76,46,58,67.5,26.5,109,5.5,129,60,65,52,108,89,112,29,108,114,117,121,73,48,65,57,90,23,89,114,123,32,0.539,0.692,0.583,65,10,40.5
Virginia,-4.3,73.75,2.948,69.75,10,-0.6,-0.4,264,23.56968241,Tony Elliott,Des Kitchings,John Rudzinski,60,79,28.5,10,6,4,1,0.48,3,5,15,23.56968241,25.84,40,49,73.8,4.21,7.34,4.2,59.5,102,Virginia,Virginia,,100000,,100000,,100000,100000,90000,,,o6.5,110,Over,6.5,o6.5,110,Over,6.5,,,,,,,,,,,,,o6,-125,Over,6,,,,,,,,,ACC,7500,,10000,8000,10000,,,2024,ACC,1.482171612,0.3605442177,38.05827267,0.08629993804,0.5313253012,0.9144995856,0.4366925065,62.93754026,0.162629303,0.4662650602,1.679125856,0.2625899281,0.1836144305,0.334939759,1.049566779,0.4619565217,0.08906645146,0.665060241,0.0686746988,0.1108433735,0.1795180723,1.353,70.5,3.46875,64,391,1.010335917,460,1.188630491,1251,3.233333333,0.1240310078,0.7142857143,1.189682062,0.3951807229,100.2094929,0.1207343288,146,830,1.627342936,0.4064837905,139.7118522,0.3484086091,0.5018773467,0.9825186186,0.4231738035,58.52165995,0.1474097228,0.4968710889,2.065585058,0.3062015504,139.7118522,0.3925334011,0.3229036295,1.060074631,0.4658040665,0.1763091347,0.6770963705,0.05882352941,0.08635794743,0.1451814768,-1.406,70.1,4.037974684,79,0,1.022670025,380,0.9571788413,1278,3.220151134,0.1385390428,0.7719298246,1.300060503,0.4142678348,196.6568594,0.2461287351,147,799,70,85.5,103,101,105,112,83.5,5,35,77,44,78,100,100,100,105,61.5,67,105,94,101,105,88,91,62,105,115,114,132,100,51,63,74,93,33,122,118,116,111,40,56.5,114,113,70,90,92.5,117,97,68,27,24,44,67.5,112.5,93,91.5,38,93,107,70,66,105,61,81,66,107,119,74,79,53,82,76,67,69,83,115,72,85,0.417,0.546,0.333,91.5,46,125
Duke,4.9,78.65,3.196,76.55,2.5,-1.2,0.8,265,23.07954077,Manny Diaz,Jonathan Brewer,Jonathan Patke,49,41,19,2.5,0,2.5,0.62,0.41,48,67,41.5,23.07954077,25.2,28,40,78.7,6.45,7.6,5.1,49,54,Duke,Duke,,100000,20000,30000,,50000,20000,47500,,,o6.5,-185,Over,6.5,o6.5,-160,Over,6.5,,,,,,,,,,,,,o6.5,-162,Over,6.5,,,,,,,,,ACC,2500,,3000,3000,3000,,,2024,ACC,1.612715223,0.4106382979,117.9915193,0.2510457857,0.5588585018,0.7489177834,0.3306233062,-39.64343839,-0.1074347924,0.4387633769,2.035777433,0.2779783394,0.2474564201,0.3293697979,1.033055232,0.4219858156,0.01749463298,0.6706302021,0.08085612366,0.09869203329,0.179548157,1.461,69,3.690140845,71,242,0.6558265583,275,0.7452574526,879,2.381842818,0.2493224932,0.7352941176,1.278165103,0.3745541023,78.41240136,0.09323710031,178,841,1.497552845,0.3673913043,49.80535897,0.1082725195,0.4914529915,0.9418615342,0.4147368421,35.81987071,0.07541025412,0.5074786325,2.094176612,0.2967741935,49.80535897,0.3078168735,0.3311965812,0.8976967325,0.4376996805,-0.01840891292,0.6688034188,0.06837606838,0.1495726496,0.2179487179,-1.332,71.3,3.414285714,70,0,0.9515789474,557,1.172631579,1324,2.786526316,0.2168421053,0.6031746032,1.198451238,0.391025641,83.89925131,0.08963595225,176,936,64,6,114,115,118,66,72,131,132,126,133,133,132,130,86,89,29.5,36,106,65,124,95,115,123,80,95,96,100,72,113,134,133,131,133,21,65,47,69,47,120,126.5,23,29,40,38,9,22,36,80,100,117,33,67.5,51,30,61,66.5,4,3,40,52,14,33,9,52,74,25,60,88,65,43,48,59,48,71,22,24,37,0.692,0.667,0.462,33,17,92
Pittsburgh,3.4,77.3,2.296,73.5,3.5,0.5,-0.2,518,29.69129749,Pat Narduzzi,Kade Bell,Randy Bates,50,47,85,3.5,0,3.5,0.62,0.46,35,67,31.5,29.69129749,22.37,5,113,77.3,5.57,7.14,4.46,50,72.5,Pittsburgh,Pittsburgh,,25000,25000,50000,,50000,50000,47500,,,o6.5,115,Over,6.5,o6.5,140,Over,6.5,,,,,,,,,,,,,o6.5,105,Over,6.5,,,,,,,,,ACC,4000,,4000,6000,6600,,,2024,ACC,1.571103977,0.3988764045,70.62543161,0.1322573626,0.5887541345,1.06986021,0.4504021448,71.18714358,0.1908502509,0.4112458655,2.053154986,0.3620689655,0.3864350136,0.3197353914,1.082610104,0.4473257699,0.04821137967,0.6802646086,0.0815876516,0.1278941566,0.2094818082,1.238,72.7,4.105263158,76,612,1.64075067,482,1.292225201,1177,3.155495979,0.1742627346,0.7678571429,1.350083103,0.4200661521,141.8125752,0.1563534456,163,907,1.787557106,0.3811394892,111.0034232,0.2180813815,0.5391949153,0.9611842197,0.3810623557,-8.461699086,-0.01954203022,0.4586864407,2.177337482,0.3132183908,111.0034232,0.3131030847,0.3686440678,1.072206758,0.4194630872,-0.02558591597,0.6313559322,0.07097457627,0.125,0.1959745763,-1.323,71,3.675675676,74,0,0.9561200924,397,0.9168591224,1015,2.343879908,0.2586605081,0.4791666667,1.407747841,0.3802966102,93.71066757,0.09926977497,166,944,29,25.5,87,80,77,16,37.5,68,48,90,16,67,25,52,66,44.5,109,103,130,120,125,74,107,107,34,74,37,17,63,123,40,54,54,33,12,112,96,88,65,122,118,31,34,27,121,1,6,3,16,19,32,34,67.5,78.5,61,69.5,74,20,19,31,7,12,16,91,7,78,100,87,108,17,11,11,19,58,119,64,41,129,0.539,0.539,0.462,65,51.5,92
NC State,4.8,76.5,2.584,76,1.5,1.3,-0.3,266,23.1029788,Dave Doeren,Kurt Roper,DJ Eliot,51,42,52,1.5,2.5,-1,0.77,0.18,59.5,23,113.5,23.1029788,30.49,129,42,76.5,6.61,7.2,4.66,51.5,50.5,North Carolina State,NC State,,20000,30000,40000,,,30000,90000,,,o6.5,110,Over,6.5,o6.5,125,Over,6.5,,,,,,,,,,,,,o6.5,100,Over,6.5,,,,,,,,,ACC,4000,,,4000,4000,,,2024,ACC,1.622096266,0.4626865672,129.3631579,0.3217989001,0.5056603774,1.00809728,0.4318766067,60.61330888,0.1558182748,0.4893081761,2.170539888,0.3434782609,0.5254704918,0.2893081761,1.089445809,0.4867256637,0.1079285244,0.7106918239,0.06163522013,0.1371069182,0.1987421384,1.305,71.1,3.973684211,76,572,1.470437018,472,1.213367609,1229,3.160411311,0.1696658098,0.7115384615,1.330706917,0.4452830189,181.8378294,0.2287268294,151,795,1.475801451,0.4219114219,80.26941381,0.1871081907,0.515625,1.253836431,0.3855721393,72.93567485,0.181432027,0.4831730769,2.212854182,0.2949640288,80.26941381,0.3018918612,0.3341346154,1.102404199,0.4584837545,0.1204773789,0.6658653846,0.07572115385,0.1237980769,0.1995192308,-1.461,68.7,3.782051282,78,0,1.947761194,446,1.109452736,1219,3.031343284,0.1567164179,0.7631578947,1.373406874,0.4038461538,150.6704054,0.1810942372,160,832,97,65,39,52,39,26,86.5,60,47,86,35,71,47,63.5,66,58,74,77,122,126,79,26,78,58,32,26,5,30,22,85,54,66,78,49,53,37,37,22,43,67.5,102.5,87,88,51,115,87,100,75,55,79,55.5,126,67.5,105.5,68,116.5,23,14,20,20,46,81,55,110,46,71,55,58,113,37,102,95,29,133,98,50,87,29,0.462,0.333,0.615,77,116.5,31.5
Army,-0.6,76.45,2.1,72.45,4,-1.1,1.1,319,23.56055512,Jeff Monken,Cody Worley,Nate Woody,52,67,97,4,1,3,0.66,0.42,30.5,44.5,36,23.56055512,32.86,134,48,76.5,7.28,8.87,6.38,51.5,37,Army,Army,,100000,,200000,,200000,100000,,,,o7.5,-140,Over,7.5,,,,,,,,,,,,,,,,,,,,,,,,,,,,,AAC,550,,550,,,,,2024,American Athletic,1.857246451,0.40625,46.64472464,0.3644119113,0.1434977578,0.9625031927,0.5203145478,226.290371,0.2965797785,0.8553811659,1.657205571,0.3142857143,0.2932761247,0.235426009,0.9642689693,0.5615835777,0.3074543678,0.764573991,0.02242152466,0.05493273543,0.07735426009,1.413,70.6,4.472972973,74,1067,1.398427261,860,1.127129751,2740,3.590694626,0.08125819135,0.8623853211,1.06612602,0.5033632287,271.271865,0.3041164406,131,892,1.432641103,0.4129930394,57.69565934,0.1338646388,0.5360696517,0.9347237153,0.4604904632,60.57964641,0.1650671564,0.4564676617,1.99325918,0.3076923077,57.69565934,0.2875352998,0.3233830846,0.9495044561,0.4908088235,0.0466614095,0.6766169154,0.05348258706,0.09017412935,0.1436567164,-1.327,71.1,2.566666667,60,0,1.040871935,394,1.073569482,1196,3.258310627,0.1580381471,0.6981132075,1.190139551,0.4315920398,100.1429847,0.1245559511,126,804,40,123.5,9,11,3,133,2,1,5,1,62,1,58,6,77.5,19,64,50,1,2,1,1,3,4,110,1,80,68,133,1,6,1,7,70,134,17,112,79,9,42,3.5,47,42,89,28,45,98,109,47,66,31,46,67.5,10,3,67,71,100,96,94,65,45,93,24,65,64,33,78,54,15,92,83,101,45,117,30,79,18,0.857,0.692,0.571,4.5,10,48
Virginia Tech,4.3,75.75,2.558,76.85,-2,1.1,0.8,256,24.81229584,Brent Pry,Philip Montgomery,Sam Siefkes,53,46,53,-2,-1,-1,0.52,0.18,101.5,85,113.5,24.81229584,27.42,74,62,75.8,6.54,6.79,5,53,53,Virginia Tech,Virginia Tech,,15000,,25000,,50000,30000,90000,,,o6.5,140,Over,6.5,o6.5,105,Over,6.5,,,,,,,,,,,,,o6.5,145,Over,6.5,,,,,,,,,ACC,4000,,3000,4000,3000,,,2024,ACC,1.545891582,0.3788300836,50.33331948,0.1402042325,0.441031941,1.097996442,0.4336283186,87.91222253,0.1944960675,0.5552825553,2.16827341,0.2591240876,0.2376711993,0.3366093366,1.040234275,0.4833333333,0.1177868507,0.6633906634,0.05405405405,0.1351351351,0.1891891892,1.431,69.7,4.084507042,71,751,1.661504425,506,1.119469027,1337,2.957743363,0.1924778761,0.7704918033,1.28147156,0.4078624079,128.726808,0.1581410418,163,814,1.7162272,0.3665048544,74.23148338,0.1801735033,0.4746543779,0.8770351619,0.4203539823,31.75057916,0.07024464416,0.5207373272,2.263761934,0.2491349481,74.23148338,0.2611765673,0.3329493088,0.9769372816,0.4645941278,0.02065738296,0.6670506912,0.07373271889,0.1198156682,0.1935483871,-1.333,70.8,3.053333333,75,0,1.081858407,468,1.03539823,1321,2.922123894,0.185840708,0.71875,1.248642194,0.3928571429,87.44065269,0.1007380791,161,868,82,25.5,85,87,91,60,35,98,84,65.5,64,56.5,23,33,86,48,44.5,40.5,112,125,45,111,71,65,74,111,103,116,23,35,36,38,75,24,100,108,109,107,75,93,105.5,32,32,42,59,58.5,50,53,78,52,75.5,53,67.5,86,9,75,64.5,22,24,26,47,32,59,39,47,55,46,9,125,78,41,45,65,22,55,47,22,117,0.462,0.462,0.615,77,82.5,31.5
James Madison,3,75,3.06,72.1,0,0.9,2,909,26.61490886,Bob Chesney,Dean Kennedy,Lyle Hemphill,54,49.5,23,0,0,0,0.61,0.23,79.5,67,91,26.61490886,27.5,76,85,75,,,,54,131,James Madison,James Madison,,100000,,100000,,100000,50000,75000,,,o8.5,130,Over,8.5,,,,,,,,,,,,,,,,,o8.5,110,Over,8.5,,,,,,,,,SunBelt,325,,325,,250,,,2024,Sun Belt,1.520345534,0.4024390244,79.87278225,0.194811664,0.4586129754,0.996523811,0.4585062241,77.46509663,0.1607159681,0.5391498881,2.131745107,0.2949640288,0.2691451377,0.3109619687,0.9746239361,0.4935064935,0.1111253842,0.6890380313,0.04250559284,0.09395973154,0.1364653244,1.635,67.1,3.930232558,86,772,1.601659751,607,1.2593361,1583,3.28340249,0.1493775934,0.7068965517,1.220437242,0.4317673378,143.275585,0.1602635179,161,894,1.686910837,0.3399558499,35.89559392,0.07923972168,0.5392857143,1.068066943,0.3489583333,3.524891217,0.009179404211,0.4571428571,2.263380261,0.2590361446,35.89559392,0.1736963987,0.3952380952,1.030963053,0.3976377953,-0.05917705894,0.6047619048,0.07380952381,0.1297619048,0.2035714286,-1.195,72.8,3.644067797,59,0,1.221354167,376,0.9791666667,951,2.476302083,0.2369791667,0.65,1.398976525,0.3428571429,27.60525841,0.03286340287,157,840,36.5,31.5,84,77,63,96,89,32,28,24,24,21,32,25,30.5,64.5,9,9,28,52,14,63,73,46,105,63,91,90,31,45,53,48,42,55,90,93,91,86,93,74.5,94,7,8,2,118,25,12,7,7,35,21.5,65,67.5,7.5,56,26,108,11,16,25,1,5,4,58,1,16,12,17,124,16,18,18,7,105,120,10,5,107,0.692,0.539,0.308,33,51.5,129
Liberty,-1.1,74.8,2.968,68.1,6,1,-0.3,401,28.17248383,Jamey Chadwell,Willy Korn,Skylor Magee,55,69.5,26,6,2,4,0.73,0.49,21,29,15,28.17248383,26.54,52,97,74.8,9.4,10.63,7.5,55,12,Liberty,Liberty,,200000,,200000,,100000,100000,47500,,,o9.5,100,Over,9.5,,,,,,,,,,,,,,,,,o9.5,100,Over,9.5,,,,,,,,,CUSA,130,,145,,-113,,,2024,Conference USA,1.5626766,0.4053156146,70.56202724,0.2344253397,0.3684210526,0.9094628593,0.5300970874,113.7109023,0.2207978685,0.6303549572,1.869654937,0.3349056604,0.3256250287,0.2594859241,0.9450135967,0.5355371901,0.1909941483,0.7405140759,0.05385556916,0.09669522644,0.1505507956,1.266,71.9,4.070422535,71,782,1.518446602,674,1.308737864,1784,3.463300971,0.145631068,0.7571428571,1.111214952,0.4834761322,184.5839658,0.2259289667,139,817,1.675978678,0.3910447761,68.8734875,0.2055925,0.4311454311,1.022998251,0.3772727273,12.57630815,0.02858251853,0.5662805663,1.805003127,0.3083003953,68.8734875,0.2053890754,0.3256113256,1.135071565,0.4179389313,0.04761803068,0.6743886744,0.05148005148,0.0990990991,0.1505791506,-1.332,71.1,3.47761194,67,0,0.9795454545,429,0.975,1191,2.705681818,0.1977272727,0.724137931,1.311013187,0.3822393822,76.91528415,0.0989900697,140,777,80.5,107.5,44,50,11,130,49.5,27,9,11,14,8.5,42,23,86,51,89.5,87.5,44,59,44,3,30,10,119,3,69,42,110,7,21,19,3,99,128,74,97,80,69,25,30,30,23,29,95,62,36,25,43,31,44,39,67.5,37.5,36.5,67,66.5,84,74,102,62,46,15,121,62,35,41,80,14,118,23,23,17,89,14,60,56,101,0.667,0.25,0.455,39,127,99.5
Boston College,0.3,74.5,2.248,72,1.5,0.1,0.9,259,23.32906031,Bill O’Brien,Will Lawing,Tim Lewis,57,62,89,1.5,1,0.5,0.68,0.27,59.5,44.5,77,23.32906031,28.81,112,46,74.5,4.84,5.64,4.04,57,88,Boston College,Boston College,,40000,,100000,,100000,50000,90000,,,o5.5,105,Over,5.5,o5.5,-110,Over,5.5,,,,,,,,,,,,,o5.5,110,Over,5.5,,,,,,,,,ACC,7500,,10000,8000,10000,,,2024,ACC,1.905287996,0.4066852368,120.7144945,0.3362520738,0.4184149184,0.8620477222,0.4188376754,14.82597478,0.02971137231,0.5815850816,2.246349107,0.3176470588,0.3457491697,0.2972027972,1.008707094,0.4543946932,0.0785645622,0.7027972028,0.04195804196,0.09673659674,0.1386946387,1.424,69.7,4,75,539,1.080160321,485,0.9719438878,1457,2.920240481,0.1723446894,0.7115384615,1.291098652,0.4137529138,135.5404693,0.1579725749,150,858,1.382500123,0.4357298475,102.843594,0.2240601176,0.5451306413,0.9229409741,0.3848167539,14.2963517,0.03742500445,0.4536817102,1.839730518,0.2872727273,102.843594,0.2039522556,0.3266033254,0.9956478987,0.4726631393,0.1028660674,0.6733966746,0.06650831354,0.09263657957,0.1591448931,-1.347,71.3,3.643835616,73,0,1.227748691,330,0.8638743455,1047,2.740575916,0.1937172775,0.8181818182,1.187816564,0.4121140143,114.4119305,0.1358811526,149,842,55.5,69.5,86,84,86,51,86.5,64.5,90,42,110,66,88,69,73.5,55.5,44.5,43,32,60,13,41,89,99,94,41,60,64,12,19,115,112,90,120,114,31,44,78,4,76,63,54,56,66,25,121,43,31,20,11,7.5,66,67.5,70.5,55,61,58,71,89,48,59,70,70,45,59,34,88,47,22,12,28,27,27,39,124,69,99,14,0.539,0.667,0.539,65,17,61.5
Georgia Tech,4.7,74.35,1.826,76.65,-1,-0.4,0.1,271,28.2120856,Brent Key,Buster Faulkner,Blake Gideon,58,44,108,-1,-1,0,0.52,0.23,90.5,85,91,28.2120856,26.64,53.5,98,74.4,6.37,5.72,4.99,58,56,Georgia Tech,Georgia Tech,,15000,12500,15000,,15000,12000,15000,,,o7.5,-145,Over,7.5,o7.5,-150,Over,7.5,,,,,,,,,,,,,o7.5,-177,Over,7.5,,,,,,,,,ACC,1200,,1300,1300,900,,,2024,ACC,1.489270443,0.4615384615,148.021022,0.3558197644,0.4653243848,1.019884145,0.4539748954,67.20355751,0.1405932165,0.5346756152,1.924052939,0.3725490196,0.4377166104,0.2852348993,1.03334317,0.4913928013,0.1621390358,0.7147651007,0.04921700224,0.07941834452,0.1286353468,1.193,72.9,4.253164557,79,768,1.606694561,536,1.121338912,1386,2.90041841,0.1861924686,0.7380952381,1.240231747,0.4574944072,215.2245795,0.2407433775,145,894,1.497692448,0.4344660194,106.4465863,0.2583655008,0.5208596713,1.021903948,0.3941798942,16.18097149,0.04280680289,0.4778761062,1.97787908,0.2648221344,106.4465863,0.1901091643,0.3198482933,1.102807426,0.4851301115,0.1347985485,0.6801517067,0.05436156764,0.1036662453,0.1580278129,-1.267,71.6,3.969230769,65,0,1.267195767,405,1.071428571,946,2.501322751,0.2645502646,0.5714285714,1.281556818,0.414664981,120.6192377,0.1524895546,143,791,36.5,90,29,31,31,88,66,89,93,55,63,41,30,27,52.5,34,115,115,21,24,31,19,45,48,78,19,21,7,100,50,66,59,48,47,82,20,29,23,107,34,39.5,67,63,71,77,3,3,9,5,65,35,70,67.5,30.5,85,52,90.5,73,62,88,72,87,90,111,72,24,94,23,49,32,34,32,38,88,105,88,96,38,0.539,0.5,0.417,65,66,110
West Virginia,1,73.8,2.888,76.3,-2.5,-1.2,-0.8,288,25.88260849,Rich Rodriguez,,Zac Alley,59,57,31,-2.5,0,-2.5,0.6,0.1,105.5,67,133,25.88260849,27.73,83.5,81,73.8,4.63,4.89,2.72,59.5,91,West Virginia,West Virginia,,25000,20000,50000,,50000,60000,90000,,,o5.5,145,Over,5.5,o5.5,140,Over,5.5,,,,,,,,,,,,,o5.5,155,Over,5.5,,,,,,,,,Big12,5000,,4000,6500,6600,,,2024,Big 12,1.711178023,0.4198473282,101.3830655,0.257972177,0.4400895857,1.088331262,0.4408817635,92.40247985,0.1851753103,0.5587905935,2.253093375,0.3267326733,0.3868477345,0.3393057111,1.044479047,0.4847457627,0.117873821,0.6606942889,0.05935050392,0.1030235162,0.1623740202,1.283,71.6,4.597402597,77,677,1.356713427,598,1.198396794,1548,3.10260521,0.1723446894,0.7894736842,1.355265588,0.431131019,186.7604179,0.209138206,137,893,1.815974252,0.4825870647,200.3332565,0.498341434,0.4872727273,0.9991292866,0.4146919431,36.78583897,0.08717023452,0.5115151515,2.242970712,0.3754940711,200.3332565,0.5803750031,0.3066666667,1.146220483,0.479020979,0.1574089742,0.6933333333,0.04,0.08727272727,0.1272727273,-1.275,72,4.742857143,70,0,1.172985782,446,1.056872038,1204,2.852369668,0.182464455,0.6481481481,1.428581653,0.4472727273,236.8728091,0.2871185564,141,825,38.5,114,56,46,64,14,26,64.5,56,26,39,23,61,45,59.5,14,84.5,83,74,80,72,114,70,63,68,114,36,51,10,33,41,33,68,30,101,61,66,60,24,61,33,124,124,104,126,24,58,43,48,57,55.5,61,67.5,51,131,41.5,89,123,104,129,91.5,98,81,123,91.5,132,133,127,122,70,51,49,58,77,67,130,126,131,0.462,0.417,0.692,77,99,12
Mississippi State,-1.4,73.7,2.52,73.7,0,0.6,-0.6,359,25.80032556,Jeff Lebby,Jeff Lebby,Coleman Hutzler,61,71.5,58,0,-2.5,2.5,0.45,0.39,79.5,104.5,41.5,25.80032556,23.5,8,80,73.7,3.21,4.45,1.14,61,117,Mississippi State,Mississippi State,,50000,100000,80000,,100000,100000,90000,,,o3.5,-165,Over,3.5,o3.5,-160,Over,3.5,,,,,,,,,,,,,o3.5,-167,Over,3.5,,,,,,,,,SEC,50000,,50000,50000,47500,,,2024,SEC,1.748458048,0.387012987,94.23404399,0.2447637506,0.5032679739,1.088058081,0.4105263158,44.61266304,0.1174017448,0.4967320261,2.092475975,0.3320158103,0.3659797723,0.3307189542,1.15153542,0.431640625,0.09033950123,0.6692810458,0.07581699346,0.1294117647,0.2052287582,1.229,71.9,3.75,64,572,1.505263158,392,1.031578947,1127,2.964473684,0.1578947368,0.7368421053,1.410679704,0.3986928105,138.846707,0.1814989634,131,765,1.506347087,0.5420289855,177.1319564,0.5134259605,0.4035087719,0.8084133441,0.4725490196,61.96014944,0.1214904891,0.5964912281,1.788906904,0.3846153846,177.1319564,0.4788477146,0.2432748538,0.9580516347,0.5378670788,0.2155978071,0.7567251462,0.04210526316,0.06900584795,0.1111111111,-1.363,70.3,4.317647059,85,0,1.07254902,583,1.143137255,1657,3.248235294,0.1470588235,0.7,1.113351685,0.5005847953,239.0921058,0.2796398899,136,855,112,123.5,68,81,102,5,68,43,82,97,92,99,43,63.5,100,85.5,89.5,105,127,122,114,98,87,118,8,98,51,47,41,78,79,84,98,31,54,67,73,101,19,84,16,122,125,132,11,48,111,106,129,91,121,51,67.5,127.5,113,86.5,51,134,134,124,134,119,127,30,134,125,130,130,13,131,72,85,111,8,4,133,134,43,0.167,0.583,0.667,129.5,35,19.5
Navy,-1,72.1,2.618,66,5.5,-0.4,1,278,23.37728975,Brian Newberry,Drew Cronic,P.J. Volker,62.5,68,51,5.5,3.5,2,0.82,0.37,23,17,48.5,23.37728975,30.46,128,47,72.1,8.23,8.78,6.67,62.5,27,Navy,Navy,,200000,100000,100000,,200000,100000,47500,,,o8.5,-145,Over,8.5,,,,,,,,,,,,,,,,,o8.5,-143,Over,8.5,,,,,,,,,AAC,350,,375,,300,,,2024,American Athletic,1.972730824,0.3756613757,65.43349091,0.3462089466,0.2464146023,1.167461874,0.4429065744,134.2763377,0.232312003,0.7535853977,2.426520291,0.2477876106,0.3196364124,0.294654498,1.118261963,0.5009242144,0.2356229195,0.705345502,0.03129074316,0.0814863103,0.1127770535,1.57,68.2,4.390625,64,1150,1.989619377,609,1.053633218,1813,3.135986159,0.1418685121,0.8,1.342306203,0.4263363755,199.7098287,0.2603778731,148,767,1.560016555,0.3720379147,39.63907776,0.09393146389,0.4762979684,0.9214139231,0.4543478261,72.29166099,0.1571557848,0.5191873589,2.226822561,0.2490842491,39.63907776,0.1958627104,0.3081264108,0.9599804525,0.4861337684,0.07679001121,0.6918735892,0.05530474041,0.08916478555,0.144469526,-1.225,72.5,3.47761194,67,0,0.9695652174,483,1.05,1512,3.285869565,0.1347826087,0.7413793103,1.195350025,0.4130925508,100.5427968,0.1134794546,154,886,110,77,23,40,70,21,22.5,20,52,10,85,20,8,2,100,26,15,15,6,31,3,37,14,41,22,37,71,124,2,3,18,12,64,5,132,24,101,110,3,105,79,38,44,68,31,73,120,113,112,55,82,36,67.5,37.5,36.5,31.5,101,97,101,86,89,57,92,32,89,28,18,8,117,76,90,94,99,38,57,17,28,61,0.769,0.692,0.615,21,10,31.5
UTSA,0,72.1,2.522,70.8,0.5,0.7,0.1,317,31.3010406,Jeff Traylor,Justin Burke,Jess Loepp,62.5,63,57,0.5,1.5,-1,0.71,0.19,73.5,34,113.5,31.3010406,24.23,16,124,72.1,7.47,8.39,5.93,62.5,33,UTSA,UTSA,,100000,100000,100000,,200000,100000,90000,,,o7.5,-120,Over,7.5,,,,,,,,,,,,,,,,,o7.5,-134,Over,7.5,,,,,,,,,AAC,500,,500,,410,,,2024,American Athletic,1.49988216,0.4187380497,112.5296549,0.215161864,0.5293522267,1.093123753,0.3866090713,58.64269705,0.126658093,0.4686234818,1.993288235,0.2951807229,0.2874460406,0.3360323887,1.09600366,0.4573170732,0.1086845978,0.6639676113,0.06477732794,0.0991902834,0.1639676113,1.592,67.7,3.567010309,97,744,1.606911447,467,1.008639309,1414,3.054427646,0.1965442765,0.58,1.316943078,0.4028340081,166.7291816,0.1687542324,183,988,1.86896976,0.3544018059,100.1683041,0.2261135532,0.5157159488,1.078834706,0.3357487923,-15.88025864,-0.03835811265,0.4819557625,2.237783035,0.2647058824,100.1683041,0.3388430583,0.3562281723,1.219190003,0.3887884268,-0.03627689193,0.6437718277,0.0733410943,0.1559953434,0.2293364377,-1.547,67.5,3.409638554,83,0,1.449275362,362,0.8743961353,900,2.174154589,0.270531401,0.5957446809,1.49792661,0.3445867288,83.62485461,0.09735140234,183,859,8,3,77,62,98,32,130,102,70,51.5,99,75,29,34,6,96,13.5,12,77,67,90,109,76,96,29,109,82,89,84,97,74,67,112,25,37,83,53,64,104,88,131,27,28,3,133,8,1,1,2,12,17,91,67.5,124,29,124,13,2,1,28,17,10,2,131,17,91,81,22,120,34,4,4,3,108,99,71,15,133,0.539,0.539,0.692,65,51.5,12
Memphis,2.1,71.8,2.406,71,1,-2,1.8,501,29.039937,Ryan Silverfield,Tim Cramsey,Jordon Hankins,64,53,73,1,-1.5,2.5,0.5,0.41,66,93,41.5,29.039937,27.96,91,105,71.8,8.45,8.34,5.65,64,22.5,Memphis,Memphis,,100000,30000,80000,,100000,50000,90000,,,o8.5,110,Over,8.5,,,,,,,,,,,,,,,,,o8.5,-106,Over,8.5,,,,,,,,,AAC,550,,600,,410,,,2024,American Athletic,1.610359837,0.4149797571,154.8121479,0.3133849148,0.5369565217,1.058519441,0.4624413146,93.0057684,0.2183234,0.4630434783,2.050639724,0.3381818182,0.4717310244,0.2989130435,1.126027839,0.4790697674,0.1830881932,0.7010869565,0.04782608696,0.07065217391,0.1184782609,1.578,67.7,4.655172414,87,628,1.474178404,528,1.23943662,1377,3.231690141,0.1666666667,0.6923076923,1.339930588,0.4369565217,247.8179163,0.2693673003,156,920,1.653568153,0.3888888889,113.2566175,0.2420013194,0.5721271394,1.096629635,0.4040114613,27.5708589,0.0789995957,0.4266503667,2.392177151,0.2974910394,113.2566175,0.3801592547,0.3410757946,1.070931162,0.4452690167,0.06117298494,0.6589242054,0.0782396088,0.119804401,0.1980440098,-1.145,73.4,4.046153846,65,0,1.93982808,327,0.9369627507,910,2.608022923,0.2206303725,0.6304347826,1.410446385,0.3948655257,139.0366709,0.1699714804,155,818,22.5,41,22,19,58,23,96,55.5,36,59,26,45,45,50,25.5,12,13.5,13,12,12,25,43,36,74,16,43,12,39,64,102,23,32,36,36,32,40,23,67,49,57,84,76,76,43,123,20,20,17,3,22,6,125,67.5,30.5,95,15,121,17,25,14,34,51,39,90,34,104,104,63,134,1,46,39,47,116,134,82,53,94,0.846,0.546,0.539,7,46,61.5
California,-0.3,71.7,2.808,74.3,-5.5,1.8,1.1,348,25.07305382,Justin Wilcox,Bryan Harsin,Peter Sirmon,65,65.5,38,-5.5,-5.5,0,0.25,0.24,123,126.5,91,25.07305382,26.2,45,64,71.7,5.75,5.83,3.07,65,66,California,California,,40000,50000,100000,,100000,75000,90000,,,o5.5,120,Over,5.5,o5.5,-120,Over,5.5,,,,,,,,,,,,,o5.5,125,Over,5.5,,,,,,,,,ACC,12500,,10000,13000,15000,,,2024,ACC,1.42842229,0.4268041237,120.6181181,0.2486971507,0.5712603062,1.088722037,0.4005524862,27.34005027,0.07552500075,0.4263839812,2.16455208,0.2960526316,0.3388269452,0.3580683157,0.9875512298,0.480733945,0.07425061115,0.6419316843,0.05771495878,0.1401648999,0.1978798587,1.37,70.4,3.069444444,72,596,1.64640884,361,0.9972375691,949,2.622375691,0.2209944751,0.6756756757,1.288488947,0.4146054181,143.4699744,0.1689870134,150,849,1.687797846,0.4027149321,97.9329296,0.221567714,0.5274463007,0.912248124,0.4005102041,26.04334207,0.06643709711,0.4677804296,2.239007681,0.3003533569,97.9329296,0.3743585068,0.3377088305,1.013341276,0.4504504505,0.01769793039,0.6622911695,0.08591885442,0.1062052506,0.192124105,-1.331,70.8,3.228571429,70,0,0.7117346939,369,0.9413265306,1158,2.953571429,0.1734693878,0.8409090909,1.32433126,0.3997613365,115.7658088,0.1381453565,151,838,59,69.5,76,76,84,54,105,122,122,122,102,109.5,24,54,81,126,59.5,62,121,128,67,126,93,70,100,126,65,88,24,118,97,97,104,29,17,66,45,56,123,73,69,59,57,48,98,129.5,71,64,38,25,19,9,67.5,51,20,75,68.5,25,57,4,38,30,45,52,38,101,78,68,121,23,39,38,45,35,111,66,67,108,0.462,0.462,0.273,77,82.5,131
UCF,0.4,71.3,2.372,77.9,-6.5,2.7,-0.8,269,30.04506664,Scott Frost,Steve Cooper,Alex Grinch,67,61,77,-6.5,-4.5,-2,0.33,0.13,129,117,130,30.04506664,24.64,22,116,71.3,5.51,5.24,2.76,67,76.5,UCF,UCF,,20000,50000,50000,,50000,40000,90000,,,o5.5,-125,Over,5.5,o5.5,-140,Over,5.5,,,,,,,,,,,,,o5.5,-121,Over,5.5,,,,,,,,,Big12,5000,,5000,5000,5000,,,2024,Big 12,1.505907852,0.3915662651,26.66665581,0.08032125243,0.4058679707,1.110059855,0.5320910973,159.1521289,0.3295075133,0.5904645477,1.812498,0.3407079646,0.2090510147,0.2762836186,1.101584056,0.5236486486,0.2202763493,0.7237163814,0.05256723716,0.09718826406,0.1497555012,1.409,69.4,3.75,80,1003,2.076604555,701,1.451345756,1780,3.686128364,0.1345755694,0.7258064516,1.24303205,0.4731051345,177.6491281,0.2171749733,139,818,1.601240296,0.4158163265,99.94491441,0.2549615164,0.4993630573,1.007748686,0.3545918367,10.24390733,0.02613241666,0.4993630573,2.20912461,0.3020833333,99.94491441,0.3770358638,0.3668789809,0.9715599742,0.4325955734,-0.00004562491686,0.6331210191,0.04585987261,0.1171974522,0.1630573248,-1.244,72.3,4.366666667,60,0,0.8826530612,324,0.8265306122,979,2.496683673,0.2244897959,0.7948717949,1.328076939,0.3847133758,108.5636532,0.1382976474,140,785,78,107.5,52,55,20,85,77,14,3,12,3,5,6,8,48.5,85.5,38.5,51,43,62,40,13,20,19,27,13,107,36,124,13,4,3,2,13,122,125,126,97,103,32,30,60,48,34,100,108.5,17,8,11,8,5,24,67.5,10,118,34.5,98,65,32,119,8,21,28,35,8,103,80,71,111,56,22,22,8,79,79,86,82,72,0.333,0.417,0.636,107,99,26
Purdue,-10,70.3,0.842,63,5,1.7,-1.4,519,17.50181757,Barry Odom,Josh Jenson,Michael Scherer,68,101,133,5,2,3,0.73,0.44,25,29,36,17.50181757,28.6,110,12,70.3,1.86,3.27,2.05,68,129,Purdue,Purdue,,200000,100000,200000,,200000,100000,450000,,,o3.5,170,Over,3.5,o2.5,-180,Over,2.5,,,,,,,,,,,,,o2.5,-190,Over,2.5,,,,,,,,,BigTen,50000,,50000,50000,47500,,,2024,Big Ten,1.542574568,0.3700564972,40.92497778,0.1156072819,0.5267857143,0.8278517933,0.4132492114,7.180089472,0.02265012452,0.4717261905,2.300487913,0.2727272727,0.4156395924,0.3273809524,0.8539434585,0.4469026549,-0.09807398161,0.6726190476,0.07886904762,0.1383928571,0.2172619048,1.133,73.2,3.34,50,390,1.230283912,368,1.160883281,978,3.083596215,0.1829652997,0.6071428571,1.185213181,0.3898809524,47.11127065,0.07010605751,139,672,1.699917474,0.5,172.3173174,0.4923351925,0.4402515723,1.161612266,0.4650112867,127.3736066,0.2875250714,0.5572327044,2.27641591,0.3914893617,172.3173174,0.6347879803,0.2955974843,1.132690038,0.5160714286,0.2646866319,0.7044025157,0.04150943396,0.08301886792,0.1245283019,-1.455,69.2,4.820512821,78,0,1.528216704,589,1.329571106,1462,3.300225734,0.164785553,0.75,1.408865314,0.479245283,297.3996892,0.3740876594,139,795,133,107.5,123,124,112,115,126,83,60,112.5,50,106.5,70,101,130.5,115,120.5,127,131,127,118,90,133,109,134,90,28,107.5,5,96,119,120,95,127,41,116,116,113,77,36,25.5,134,134,126,122,80,88,116,109,128,124,101,67.5,105.5,134,112,24,125,110,126,104,129,118,120,104,134,128,132,128,115,134,131,103,126,21,129,129.5,113,0.083,0.25,0.583,132.5,127,40.5
Florida State,7.2,70.1,2.022,71.8,-2.5,0.4,-1.6,262,17.01684224,Mike Norvell,Gus Malzahn,Tony White,69,36.5,101,-2.5,-4,1.5,0.34,0.34,105.5,114,57.5,17.01684224,26.71,57,9,70.1,6.61,4.92,4.24,69,50.5,Florida State,Florida State,,10000,10000,25000,,30000,20000,47500,,,o7.5,200,Over,7.5,o6.5,-130,Over,6.5,,,,,,,,,,,,,o6.5,-159,Over,6.5,,,,,,,,,ACC,2800,,1800,2500,3300,,,2024,ACC,1.718034183,0.31043257,5.493970457,0.01397956859,0.5435684647,0.8882304408,0.4006116208,26.65910689,0.08152632075,0.4522821577,2.123796278,0.2570422535,0.1905410044,0.3928077455,0.9495623874,0.410022779,-0.05674246148,0.6071922545,0.05670816044,0.1507607192,0.2074688797,1.085,73.7,2.88,50,240,0.7339449541,356,1.088685015,967,2.956574924,0.1773700306,0.6923076923,1.288372957,0.3499308437,29.20370467,0.04039239927,130,723,1.747147397,0.4057142857,117.9256023,0.3369302921,0.4396984925,1.093294941,0.4144144144,77.83553942,0.175305269,0.5577889447,2.210318518,0.3435114504,117.9256023,0.478491744,0.3291457286,1.060731072,0.4419475655,0.1212314813,0.6708542714,0.04648241206,0.09673366834,0.1432160804,-1.427,69.5,3.618421053,76,0,1.612612613,500,1.126126126,1341,3.019369369,0.1689189189,0.7962962963,1.378101839,0.4095477387,190.1024479,0.2388221708,131,796,129,125.5,126,126,130,55,96,73,86,117.5,74,114,128,131,130.5,131,127.5,130,128,130,60,133,128,129,116,133,111,118,34,107,94,98,103,110,29,129,129,130,22,38,10,112,106,59,116,110.5,78,72,88,87,92.5,108,67.5,92.5,49,108,30,103,80,117,53,82,34,82,53,124,106,116,112,116,98,100,57,115,20,113,71,121,0.167,0.2,0.25,129.5,131.5,132
Michigan State,-0.2,69.45,1.1,69.45,1,-0.2,-0.8,504,20.02738813,Jonathan Smith,Brian Lindgren,Joe Rossi,70,64,132,1,1,0,0.67,0.24,66,44.5,91,20.02738813,29.48,119,19,69.5,4.03,3.31,1.88,70,105,Michigan State,Michigan State,,25000,15000,40000,,50000,50000,90000,,,o5.5,-145,Over,5.5,o5.5,-125,Over,5.5,,,,,,,,,,,,,,,,,,,,,,,,,BigTen,15000,,15000,12000,20000,,,2024,Big Ten,1.52268205,0.3862433862,83.19880233,0.2201026517,0.5108108108,0.8310871598,0.4570637119,15.16846151,0.04201789891,0.4878378378,1.988468765,0.2427983539,0.1746698299,0.3283783784,0.9607988236,0.5070422535,0.1102293147,0.6716216216,0.05675675676,0.1182432432,0.175,1.123,73.7,3.338983051,59,379,1.049861496,414,1.146814404,970,2.686703601,0.2132963989,0.724137931,1.155758716,0.4202702703,97.22873804,0.1313901865,129,740,1.691180996,0.4463276836,123.3672264,0.3484949898,0.482946794,0.9493238876,0.3819628647,7.944684415,0.02107343346,0.514324693,2.076037061,0.3318965517,123.3672264,0.3868550147,0.3165075034,1.084686149,0.4491017964,0.06992734422,0.6834924966,0.04365620737,0.1009549795,0.1446111869,-1.438,69.3,4.057142857,70,0,0.9867374005,346,0.9177718833,997,2.64403183,0.2228116711,0.6274509804,1.337447805,0.412005457,124.7839629,0.17023733,130,733,121,127.5,100,104,75,127,78,117,118,115.5,53,93.5,92,105.5,115.5,116,127.5,128,96,109,61,93,75,31,111,93,118,126,86,86,111,111,43,126,48,82,89,103,90,8,8,77,65,64,105,18,18,21,13,20,11,41,67.5,51,97,110,29,96,68,122,76,54,44,100,76,106,111,108,82,74,21,21,21,53,61,116,109,109,0.417,0.273,0.5,91.5,124,76
Syracuse,1.6,69.3,2.872,74.7,-3.5,-2,0.1,260,31.2530623,Fran Brown,Jeff Nixon,Elijah Robinson,71,56,33,-3.5,-4.5,1,0.32,0.31,112.5,117,68,31.2530623,25.79,39,122,69.3,4.47,3.9,2.98,71,95,Syracuse,Syracuse,,25000,,50000,,50000,40000,,,,o5.5,135,Over,5.5,o5.5,130,Over,5.5,,,,,,,,,,,,,,,,,,,,,,,,,ACC,6500,,10000,8000,,,,2024,ACC,1.531233551,0.4991922456,225.3078095,0.3639867681,0.6239919355,0.8038227833,0.4420485175,23.09197268,0.06224251397,0.3739919355,1.989918374,0.3843648208,0.3292981032,0.3094758065,1.042726016,0.5182481752,0.2011833955,0.6905241935,0.07862903226,0.07661290323,0.1552419355,1.308,71,4.22826087,92,286,0.7708894879,361,0.9730458221,1046,2.818867925,0.1832884097,0.7575757576,1.279023475,0.4768145161,238.9051436,0.2408317979,148,992,1.475456128,0.4528301887,142.5475679,0.3361970941,0.5421994885,1.093036645,0.4129213483,41.86430028,0.1175963491,0.4552429668,2.069470291,0.3236514523,142.5475679,0.4162170638,0.3081841432,1.082548968,0.4824399261,0.1442100353,0.6918158568,0.06777493606,0.104859335,0.1726342711,-1.137,73.5,4.287878788,66,0,2.081460674,415,1.165730337,1086,3.05,0.1685393258,0.8163265306,1.309628211,0.4335038363,178.3259415,0.2280382884,144,782,6,77,28,24,18,65,47.5,85,104,106,109,109.5,124,125,16,36,71,76,55,22,117,61,25,21,72,61,68,2,85,131,103,104,66,129,4,18,4,5,84,28.5,45,107,98,92,93,119,80,80,24,99,39.5,131,67.5,33.5,112,13,124,52,60,42,88,92,88,99,88,110,121,99,80,13,71,59,55,113,122,112,115,28,0.769,0.462,0.636,21,82.5,26
Troy,-6,68.5,1.756,67.2,1,1,-0.7,383,24.20489175,Gerad Parker,Sean Reagan,Dontae Wright,72,86,112,1,-3,4,0.4,0.49,66,106.5,15,24.20489175,28.14,95.5,55,68.5,6.23,7.61,5.56,72,59,Troy,Troy,,300000,100000,500000,,400000,100000,90000,,,o5.5,-115,Over,5.5,,,,,,,,,,,,,,,,,o5.5,-143,Over,5.5,,,,,,,,,SunBelt,1400,,1600,,1600,,,2024,Sun Belt,1.541626699,0.4729344729,124.0556114,0.3534347904,0.4588235294,0.9419827684,0.4223300971,46.87183349,0.1137665861,0.5385620915,1.875147559,0.3487394958,0.4139354284,0.3111111111,1.02792913,0.4876660342,0.1320364119,0.6888888889,0.05359477124,0.108496732,0.1620915033,1.182,73,4.431034483,58,517,1.254854369,455,1.104368932,1191,2.889563107,0.1893203883,0.7454545455,1.234750099,0.4444444444,168.099821,0.2197383281,130,765,1.617877193,0.4139941691,83.70571069,0.2440399729,0.4737569061,0.9126518283,0.4435695538,42.91758515,0.1126445805,0.5262430939,1.961436172,0.3004694836,83.70571069,0.2776194739,0.294198895,1.046335244,0.4833659491,0.1320750448,0.705801105,0.05386740331,0.111878453,0.1657458564,-1.514,68.3,3.773333333,75,0,1.351706037,393,1.031496063,1118,2.935170604,0.1679790026,0.7096774194,1.234651834,0.429558011,126.6232958,0.174894055,136,724,112,125.5,50,60,42.5,92,59,93,95,89,70,81,68,73,119,22,118.5,120,72,88,42,64,60,55,84,64,29,26,107,47,81,80,87,80,89,23,42,13,78,6,16,85,67,87,51,55,81,56,30.5,50,30,82,67.5,86,67,118,16,61,43,91,107,86,89,73,107,60,60,69,45,85,70,61,86,37,54,84,80,78,0.333,0.5,0.546,107,66,54
Maryland,-1.1,67.95,2.094,71.25,-2.5,-0.5,-0.3,280,25.46462812,Mike Locksley,Pep Hamilton,Ted Monachino,73,69.5,98,-2.5,-5,2.5,0.3,0.4,105.5,122.5,41.5,25.46462812,25.08,25.5,70,68,4.34,3.71,1.01,73.5,100,,,,,,,,,,,,,,,,,,,,,,,,,,,,,,,,,,,,,,,,,,,,,,,,,,,,,,,,,,,,,,,,,,,,,,,,,,,,,,,,,,,,,,,,,,,,,,,,,,,,,,,,,,,,,,,,,,,,,,,,,,,,,,,,,,,,,,,,,,,,,,,,,,,,,,,,,,,,,,,,,,,,,,,,,,,,,,,,,,,,,,,,,,,,,,,,,,,,,,,,,,,,,,,,,,,,0.333,0.333,0.75,107,116.5,5.5
North Carolina,2,67.95,1.78,75.05,-7.5,-0.4,-0.2,275,27.1356802,Bill Belichick,Freddie Kitchens,Steve Belichick,74,54,111,-7.5,-6,-1.5,0.24,0.14,133,132,123.5,27.1356802,26.05,43,89,68,6.05,4.94,2.66,73.5,62,North Carolina,North Carolina,,10000,12500,30000,,,20000,75000,,,o7.5,135,Over,7.5,o7.5,110,Over,7.5,,,,,,,,,,,,,o7.5,135,Over,7.5,,,,,,,,,ACC,2800,,,3000,4000,,,2024,ACC,1.637773646,0.381294964,77.78397482,0.1865323137,0.4711864407,1.10076145,0.4602150538,122.0282372,0.2624263166,0.5254237288,2.142103958,0.3144876325,0.379439675,0.3197740113,1.075076436,0.4717607973,0.1300145569,0.6802259887,0.05649717514,0.09943502825,0.1559322034,1.363,70.9,4.077922078,77,722,1.552688172,617,1.32688172,1562,3.359354839,0.1333333333,0.7,1.329675496,0.4214689266,185.6501913,0.2097742274,155,885,1.787216845,0.3703703704,94.62099576,0.2336320883,0.4682080925,0.8622780831,0.4478935698,68.04986746,0.1508866241,0.5213872832,2.102800536,0.2572463768,94.62099576,0.2329997525,0.3190751445,1.042576019,0.4770797963,0.1371126677,0.6809248555,0.05086705202,0.09826589595,0.149132948,-1.362,70.2,4.013157895,76,0,0.9024390244,468,1.037694013,1526,3.383592018,0.1263858093,0.84,1.256428124,0.4069364162,145.067293,0.1677078532,161,865,43,44.5,55,48,73,27,93,12,14,25,12,18,40,39,59.5,49,69,64.5,57,68,58,75,61,83,40,75,40,67,29,58,9,15,41,22,77,97,92,105,40,92,105.5,74,83,56,62,128,127,122,117.5,54,75.5,27,67.5,92.5,89,89,52,86,77,105,74,88,75,71,74,44,73,15.5,92,79,87,90,89,17,46,79,27,128,0.462,0.167,0.385,77,133.5,117
Texas State,-7.2,67.9,2.048,69.5,-1.5,0.4,-0.5,374,32.55375498,G.J. Kinne,Landon Keopple,Dexter McCoil,75,92.5,100,-1.5,-0.5,-1,0.57,0.19,96.5,77,113.5,32.55375498,25.43,32,129,67.9,5.57,7.28,4.93,75.5,72.5,Texas State,Texas State,,100000,30000,100000,,100000,75000,450000,,,o7.5,125,Over,7.5,,,,,,,,,,,,,,,,,o7.5,114,Over,7.5,,,,,,,,,SunBelt,650,,650,,800,,,2024,Sun Belt,1.550391358,0.4871794872,174.4466953,0.4066356534,0.4530095037,0.9330860193,0.4822134387,89.19206225,0.1762688977,0.5343189018,1.823144622,0.3442028986,0.3706213048,0.2914466737,1.057279451,0.5335320417,0.2132394185,0.7085533263,0.05174234424,0.08025343189,0.1319957761,1.462,69.3,3.811881188,101,758,1.498023715,646,1.276679842,1707,3.372924901,0.1442687747,0.746835443,1.217891352,0.4783526927,245.37513,0.2591078458,152,947,1.587476525,0.3849765258,72.96068256,0.1712692079,0.494199536,1.188069008,0.3665893271,38.85832489,0.09015852643,0.5,2.229974288,0.2828947368,72.96068256,0.2975346442,0.3526682135,1.085946036,0.4229390681,0.01231725295,0.6473317865,0.05568445476,0.1357308585,0.1914153132,-1.185,72.8,3.428571429,77,0,1.633410673,515,1.194895592,1189,2.75962877,0.2320185615,0.6097560976,1.391493954,0.373549884,97.32355898,0.1129043608,154,862,16,59,24,21,15,97,55,24,11,15.5,19,14,44,32,4,81,35,34.5,25,27,35,31,21,12,50,31,48,28,120,51,45,37,17,87,94,8,12,8,73,91,79,37,39,17,117,13,13,34,42,106,99,110,67.5,99,31,26,113,27,10,85,19,28,18,102,19,67,44,41,118,57,53,55,13,130,75,42,48,69,0.615,0.462,0.667,50,82.5,19.5
Fresno State,-6.2,67.9,2.684,68,-4,1.6,0.3,337,22.61077795,Matt Entz,Josh Davis,Nick Benedetto,76,88.5,44,-4,-3.5,-0.5,0.37,0.2,117,110.5,105,22.61077795,26.31,47,37,67.9,6.24,7.46,5.12,75.5,58,Fresno State,Fresno State,,200000,100000,200000,,200000,100000,90000,,,o6.5,-140,Over,6.5,,,,,,,,,,,,,,,,,o6.5,-143,Over,6.5,,,,,,,,,MWC,900,,900,,750,,,2024,Mountain West,1.543316923,0.4092920354,88.72739566,0.1962995479,0.5594059406,0.9540355728,0.3857142857,16.37537545,0.04678678701,0.4331683168,2.034888217,0.280155642,0.2225674011,0.3180693069,1.079824522,0.4500907441,0.05576454659,0.6819306931,0.05693069307,0.08168316832,0.1386138614,1.466,69.3,3.683544304,79,280,0.8,287,0.82,970,2.770857143,0.1828571429,0.6875,1.294713854,0.396039604,87.92608724,0.1088194149,153,808,1.498091996,0.3734177215,41.57239058,0.08770546535,0.5107758621,0.8167721076,0.4370860927,41.76523564,0.09219698816,0.4881465517,1.973939987,0.2852112676,41.57239058,0.1988799367,0.3060344828,0.9081429306,0.4565217391,0.03579826783,0.6939655172,0.06357758621,0.08189655172,0.1454741379,-1.298,71.7,3.625,72,0,0.7505518764,442,0.9757174393,1333,2.941942605,0.1766004415,0.7051282051,1.138355095,0.4040948276,79.5359865,0.085706882,153,928,87,53.5,110,107,104,46,99.5,81,109,115.5,131,130,122,128,52.5,90,35,33,31,32,62,71,103,104,36,71,105,98,74,116,110,108,114,76,20,92,77,73,76,117,76,20,25,52,16,51,66,58,85,32,51.5,11,67.5,63.5,50,51,79,92,114,59,93,39,52,10,93,29,19,44,48,43,55,58,80,10,94,14,32,39,0.462,0.5,0.462,77,66,92
South Alabama,-3.4,66.9,2.512,68.9,-5,2.2,0.8,376,29.65835732,Major Applewhite,Rob Ezell,Will Windham,77,76,59,-5,-5,0,0.3,0.24,120.5,122.5,91,29.65835732,27.32,73,112,66.9,6.84,7.32,5.5,77,48,South Alabama,South Alabama,,200000,100000,200000,,200000,100000,450000,,,o6.5,-130,Over,6.5,,,,,,,,,,,,,,,,,o6.5,-155,Over,6.5,,,,,,,,,SunBelt,650,,650,,700,,,2024,Sun Belt,1.516771901,0.4695431472,139.4027754,0.3538141507,0.4787363305,1.046847228,0.5292740047,145.5858785,0.3409505351,0.5188335358,2.216912687,0.3263598326,0.4650186805,0.2904009721,1.033847104,0.5702054795,0.2905276295,0.7095990279,0.03766707169,0.09963547995,0.1373025516,1.36,70.7,4.6625,80,830,1.943793911,631,1.477751756,1527,3.574941452,0.1451990632,0.8305084746,1.2583705,0.4993924666,280.8076003,0.3412000003,153,823,1.473698315,0.4288939052,90.31575008,0.203873025,0.5091954023,1.009397609,0.3947990544,37.6528326,0.08901378866,0.4862068966,1.74541957,0.2877697842,90.31575008,0.1007691895,0.3195402299,1.115301498,0.4679054054,0.1455320068,0.6804597701,0.06206896552,0.09655172414,0.1586206897,-1.279,71.5,3.662162162,74,0,1.151300236,433,1.023640662,1211,2.861702128,0.1607565012,0.7142857143,1.256504427,0.4103448276,114.1687827,0.1312284859,155,870,75,53.5,4,8,5,74,8,26,6,27,1,16,12,17,48.5,11,66,66,30,71,11,30,6,2,77,30,15,52,14,65,3,7,4,43,70,22,31,16,96,94.5,84,50,55,60,63,56,94,45,52,47,45,57,67.5,78.5,60,55,87.5,72,81,63,73,93,64,116,73,5,69,48,8,40,52,53,39,80,91.5,57,93,27,0.539,0.462,0.385,65,82.5,117
Toledo,-1.4,66.8,2.708,63.7,3.5,-0.5,0.1,524,25.49751844,Jason Candle,Robert Weiner,Vince Kehres,78,71.5,42,3.5,1.5,2,0.71,0.38,35,34,48.5,25.49751844,23.63,10,72,66.8,8.5,8.62,6.33,78,21,Toledo,Toledo,,200000,100000,200000,,200000,100000,90000,,,o8.5,-140,Over,8.5,,,,,,,,,,,,,,,,,o8.5,-125,Over,8.5,,,,,,,,,MAC,250,,260,,250,,,2024,Mid-American,1.582993185,0.4364035088,120.0832199,0.2633403946,0.5277777778,0.7866972485,0.3737623762,-21.69253154,-0.05369438499,0.4675925926,1.921136234,0.2730627306,0.1542893445,0.3136574074,1.056676982,0.4654300169,0.07775666607,0.6863425926,0.06712962963,0.1076388889,0.1747685185,1.513,68.6,3.546666667,75,346,0.8564356436,357,0.8836633663,1063,2.631930693,0.2128712871,0.5636363636,1.239448367,0.4050925926,87.92211535,0.1017617076,161,864,1.484956276,0.384787472,43.3312904,0.09693800984,0.4780748663,0.9337677273,0.4094650206,49.88150265,0.1026368367,0.5197860963,1.973045247,0.2898089172,43.3312904,0.2307363021,0.335828877,0.9345897848,0.4508856683,0.0214436789,0.664171123,0.06737967914,0.1197860963,0.1871657754,-1.281,71.8,3.867647059,68,0,0.8744855967,511,1.051440329,1465,3.013580247,0.1666666667,0.7647058824,1.189305276,0.3967914439,85.76772346,0.09173018552,165,935,52,31.5,111,108,96,90,132,116,119,102,126,112.5,116,112,73.5,98,22.5,21,95,86,97,68,90,87,52,68,124,106,101,98,131,131,125,130,38,55,46,44,58,119,115,25,30,45,27,89.5,83,69,110,56,98,22,67.5,40.5,78.5,47.5,86,32,26,45,43,33,46,19,43,42,20,51,47,77,60,70,53,42,59,20,46,31,0.615,0.462,0.615,50,82.5,31.5
Marshall,-9.4,64.7,1.964,69.2,-4,-1.5,1,310,25.4656031,Tony Gibson,Rod Smith,Shannon Morrison,90,99,102,-4,-3.5,-0.5,0.38,0.2,117,110.5,105,25.4656031,26.23,46,71,64.7,4.99,7,4.36,90.5,83.5,Marshall,Marshall,,200000,100000,200000,,200000,100000,90000,,,o5.5,150,Over,5.5,,,,,,,,,,,,,,,,,,,,,,,,,,,,,SunBelt,2500,,2500,,3300,,,2024,Sun Belt,1.649502337,0.4096385542,83.51132726,0.2515401423,0.4093711467,1.034480357,0.4463157895,92.3589625,0.1944399211,0.5856966708,2.03573996,0.304526749,0.2686176328,0.2996300863,1.069333564,0.4823943662,0.1749054567,0.7003699137,0.0542540074,0.08014796547,0.1344019729,1.532,68.9,3.930232558,86,743,1.564210526,587,1.235789474,1589,3.344842105,0.16,0.7678571429,1.274833775,0.4290998767,164.6203842,0.2029844441,154,811,1.554717499,0.3665835411,45.15674516,0.1126103371,0.4546485261,1.090530954,0.4318658281,76.9268585,0.16127224,0.5408163265,2.133399843,0.2610169492,45.15674516,0.2231897382,0.3344671202,1.046815438,0.4701873935,0.07446793974,0.6655328798,0.07369614512,0.1167800454,0.1904761905,-1.131,73.7,3.867647059,68,0,1.337526205,518,1.085953878,1403,2.941719078,0.1865828092,0.7192982456,1.283832433,0.4002267574,109.5536534,0.1242104914,157,882,84,49,58,63,67,71,37.5,46,17,23,30,27,38,35.5,30.5,64.5,26.5,18,27,26,47,44,39,66,46,44,92,79,73,16,37,34,60,45,119,64,87,72,38,102.5,94,46,50,49,79,60,48,57,101.5,70,101,80,67.5,40.5,78.5,10.5,125,29,35,27,45,56,67,74,45,40,21,20,97,102,91,98,74,112,32,24,23,57,0.769,0.846,0.462,21,2,92
Northwestern,-6.1,66.35,2.078,66.55,0,0,-0.2,512,17.33652457,David Braun,Zach Lujan,Tim McGarigle,79,87,99,0,-0.5,0.5,0.57,0.27,79.5,77,77,17.33652457,28.52,106,11,66.4,2.82,2.62,0.84,79,121,Northwestern,Northwestern,,100000,,100000,,,100000,90000,,,o3.5,-155,Over,3.5,o3.5,-130,Over,3.5,,,,,,,,,,,,,o4,135,Over,4,,,,,,,,,BigTen,50000,,,50000,47500,,,2024,Big Ten,1.324927732,0.3569682152,4.902407752,0.01198632702,0.5497311828,1.091128107,0.3787878788,13.07576608,0.03962353358,0.4435483871,1.872365803,0.2988505747,0.1801659457,0.3508064516,0.9522587024,0.3995859213,-0.08608410253,0.6491935484,0.08064516129,0.1115591398,0.1922043011,1.284,72,3.018518519,54,294,0.8909090909,354,1.072727273,841,2.549393939,0.2484848485,0.6666666667,1.217086576,0.3642473118,5.444690316,0.007318132145,142,744,1.380192297,0.4509803922,89.73107952,0.2199291165,0.5244215938,0.8820510636,0.4347826087,31.46613236,0.08550579446,0.4730077121,1.828889961,0.3333333333,89.73107952,0.2399052864,0.2699228792,0.9746761153,0.4823943662,0.1093289639,0.7300771208,0.06940874036,0.08483290488,0.1542416452,-1.668,66.4,3.742857143,70,0,0.9782608696,357,0.9701086957,1103,2.998369565,0.1847826087,0.6984126984,1.1484987,0.442159383,112.4789616,0.1445745008,142,778,118.5,97.5,130,130,124,101,109.5,130,128,128,79,115,111,123,125,128,93,82,115,97,121,122,131,131,114,122,117,85,108,111,112,116,121,27,27,130,130,117,134,26,35.5,64,53,100,17,46,53,68,28.5,29,14,38,67.5,51,66,132,4,77,109,35,129,73,87,37,129,45,68,110.5,19,28,49,44,76,24,108,65,113,13,0.333,0.333,0.583,107,116.5,40.5
Jacksonville State,-10.4,61.15,2.5,66.75,-2,0.5,0.9,901,31.94505149,Charles Kelly,Clint Trickett,Brian Williams,98,104,62,-2,-1.5,-0.5,0.49,0.21,101.5,93,105,31.94505149,23.59,9,126,61.2,,,,98,132,Jacksonville State,Jacksonville State,,200000,100000,200000,,200000,100000,,,,o6.5,150,Over,6.5,,,,,,,,,,,,,,,,,o6.5,150,Over,6.5,,,,,,,,,CUSA,750,,750,,1200,,,2024,Conference USA,1.878123712,0.4104938272,116.9627342,0.3609960932,0.3424947146,1.10181482,0.4806451613,158.7180526,0.255996859,0.6553911205,2.077971519,0.326848249,0.3694410936,0.2716701903,1.163059546,0.503628447,0.2544558693,0.7283298097,0.03488372093,0.08245243129,0.1173361522,1.264,71.5,4.848837209,86,1098,1.770967742,812,1.309677419,2061,3.323870968,0.1532258065,0.6835443038,1.341371856,0.455602537,270.266455,0.2856939271,171,946,1.588412164,0.4180138568,85.34601487,0.1971039604,0.4441025641,0.8966593082,0.4417744917,55.16837155,0.1019748088,0.5548717949,2.026163327,0.3298611111,85.34601487,0.3538181058,0.2953846154,0.9517497236,0.4730713246,0.05328450043,0.7046153846,0.06256410256,0.1056410256,0.1682051282,-1.259,71.8,3.811764706,85,0,0.9741219963,602,1.112754159,1646,3.042698706,0.1737523105,0.652173913,1.194771848,0.4307692308,138.5060663,0.1420575039,173,975,17,12,18,12,34,22,102,37,20,2,13,2,18,5,30.5,3,80,90,10,35,6,8,10,37,6,8,49,50,47,4,11,4,18,21,131,19,48,70,7,131,123,62,75,88,30,26,69,78,127,81,126,37,67.5,127.5,71,47.5,94,59,59,62,105,47,72,27,105,95,63,105,68,111,59,75,85,29,25,52,84,70,0.643,0.571,0.571,41,42.5,48
Air Force,-7.3,66,2.676,64.8,2.5,-1,-0.3,336,19.26115305,Troy Calhoun,Mike Thiessen,Brian Knorr,80,94.5,46.5,2.5,1,1.5,0.67,0.34,48,44.5,57.5,19.26115305,30.04,122.5,16,66,5.77,6.24,4.26,80,65,Air Force,Air Force,,200000,100000,200000,,200000,100000,90000,,,o5.5,-175,Over,5.5,,,,,,,,,,,,,,,,,o5.5,-200,Over,5.5,,,,,,,,,MWC,1600,,1600,,1700,,,2024,Mountain West,2.090430248,0.3082191781,12.36125473,0.08466612826,0.1822721598,0.8923148233,0.4434250765,95.50487623,0.1460319208,0.8164794007,2.061933852,0.2398190045,0.181685494,0.2759051186,0.8636814388,0.4862068966,0.1109770089,0.7240948814,0.02746566792,0.0936329588,0.1210986267,1.273,71.4,4.019230769,52,428,0.6544342508,543,0.8302752294,1982,3.030275229,0.1391437309,0.8272727273,1.053255701,0.418227216,104.5191593,0.1304858419,125,801,1.582759564,0.4256756757,95.59290867,0.3229490158,0.4333821376,1.02868633,0.4134366925,37.55656896,0.09704539784,0.5666178624,2.008061908,0.2916666667,95.59290867,0.2917354451,0.3162518302,1.06506555,0.47751606,0.1501812023,0.6837481698,0.04538799414,0.1010248902,0.1464128843,-1.5,69.1,3.96875,64,0,1.165374677,443,1.144702842,1192,3.080878553,0.157622739,0.679245283,1.272788524,0.4187408492,133.1494776,0.1949479907,121,683,91,132,101,98,80,134,11,18,75,5,130,38,133,93.5,129,53,76,86,13,50,2,10,74,59,133,10,116,128,59,2,63,26,62,106,133,124,128,131,1,2,1,90,72,74,74,35,99,86,44,92,53.5,59,67.5,26.5,84,113,19,88,67,121,77,95,76,86,77,65,76,54,60,120,57,51,56,94,17,107,90,66,0.417,0.417,0.417,91.5,99,110
Washington State,-4.8,65.8,3.7,72.7,-9,0.3,0.8,551,29.75513806,Jimmy Rogers,Danny Freund,Jesse Bobbit,81,82,4,-9,-6,-3,0.23,0.08,136,132,135.5,29.75513806,26,42,114,65.8,4.92,5.82,0,81.5,85.5,,,,,,,,,,,,,,,,,,,,,,,,,,,,,,,,,,,,,,,,,,,,,,,,,,,,,,,,,,,,,,,,,,,,,,,,,,,,,,,,,,,,,,,,,,,,,,,,,,,,,,,,,,,,,,,,,,,,,,,,,,,,,,,,,,,,,,,,,,,,,,,,,,,,,,,,,,,,,,,,,,,,,,,,,,,,,,,,,,,,,,,,,,,,,,,,,,,,,,,,,,,,,,,,,,,,0.615,0.539,0.539,50,51.5,61.5
Old Dominion,-10.2,65.75,1.486,66.75,-2,1.3,-0.3,515,28.66408364,Ricky Rahne,Kevin Decker,Blake Seiler,82,103,122,-2,-1.5,-0.5,0.5,0.2,101.5,93,105,28.66408364,24.76,23,103,65.8,3.88,6.13,4.69,81.5,107,Old Dominion,Old Dominion,,200000,,200000,,200000,100000,450000,,,o5.5,-160,Over,5.5,,,,,,,,,,,,,,,,,o5.5,-167,Over,5.5,,,,,,,,,SunBelt,1100,,1000,,1400,,,2024,Sun Belt,1.63754714,0.3942857143,91.84007566,0.2624002162,0.4380475594,1.151983267,0.4561797753,98.2783753,0.2208502816,0.5569461827,2.185559793,0.2992424242,0.3596146102,0.3304130163,1.096087347,0.4897196262,0.1633438471,0.6695869837,0.04881101377,0.1138923655,0.1627033792,1.205,72.7,4.75,60,833,1.871910112,598,1.343820225,1465,3.291235955,0.1460674157,0.6808510638,1.348487122,0.4267834793,182.3272153,0.2281942619,150,799,1.764639516,0.4035989717,109.6902551,0.2819800902,0.4576470588,1.011506377,0.3868131868,47.37542658,0.1041218167,0.5352941176,2.26567052,0.3103448276,109.6902551,0.3974374081,0.3411764706,1.033593332,0.4339285714,0.05396122553,0.6588235294,0.05176470588,0.1082352941,0.16,-1.355,70.7,3.64,75,0,1.235164835,491,1.079120879,1382,3.036923077,0.1692307692,0.7755102041,1.366587167,0.3917647059,145.4751346,0.1711472172,156,850,94.5,69.5,40,51,68,18,104,28,26,41,10,23,14,15,112,4,109,110,75,101,28,96,44,53,28,96,56,83,19,34,20,24,46,7,104,56,74,94,41,79,89.5,81,84,41,113,96,77,76,97,67,89.5,69,67.5,86,54,78,56,69,52,99,31,48,29,61,31,108,98,83,127,97,64,67,31,82,34,99,68,124,0.417,0.5,0.583,91.5,66,40.5
Louisiana,-3.1,65.7,2.312,69.6,-4,-0.9,1,378,25.6884993,Michael Desormeaux,Tim Leger,Jim Salgado,83,74,83,-4,-2,-2,0.47,0.11,117,100,130,25.6884993,29.34,117,77,65.7,7.19,7.12,4.48,83,40,Louisiana,Louisiana,,100000,50000,100000,,100000,100000,450000,,,o7.5,-115,Over,7.5,,,,,,,,,,,,,,,,,,,,,,,,,,,,,SunBelt,650,,600,,600,,,2024,Sun Belt,1.54752127,0.4668246445,157.979969,0.3743601161,0.4784580499,1.061994034,0.4239130435,94.30459932,0.2050099985,0.5215419501,2.086856605,0.2983870968,0.3634718807,0.2811791383,1.124286598,0.5015772871,0.2557469115,0.7188208617,0.05215419501,0.07029478458,0.1224489796,1.277,71.5,4.26744186,86,665,1.445652174,519,1.12826087,1493,3.245652174,0.1608695652,0.7586206897,1.305996242,0.4444444444,252.2845683,0.2860369255,152,882,1.376065443,0.4346846847,88.5975849,0.1995441101,0.4933333333,0.8701137293,0.5120879121,97.21351409,0.2136560749,0.5055555556,1.906498816,0.3137254902,88.5975849,0.2789573027,0.2833333333,0.9127087404,0.5364341085,0.1713930329,0.7166666667,0.05666666667,0.07888888889,0.1355555556,-1.385,69.8,4.428571429,70,0,1.057142857,536,1.178021978,1515,3.330549451,0.1516483516,0.8285714286,1.099335985,0.4733333333,181.6826184,0.201869576,147,900,45.5,59,17,16,42.5,38,45,48,34,36,60,50,52,47,30.5,31,80,84.5,15,8,37,16,9,40,18,16,52,86,43,63,32,29,85,35,71,16,22,19,74,112,56.5,92,103,123,8,125,104,118,114,102,113,48,67.5,51,121,101.5,44,115,120,82,117,103,124,12,117,62,67,88,33,63,117,114,132,18,73,55,97,10,0.714,0.5,0.429,26.5,66,104
UConn,-5.4,65.55,2.538,62.65,3.5,-0.5,-0.1,526,27.45709032,Jim Mora,Gordon Sammis,Matt Brock,84,84,55,3.5,2.5,1,0.76,0.3,35,23,68,27.45709032,25.61,36.5,93,65.6,7,7.67,0,84,45,UConn,UConn,,100000,100000,200000,,400000,100000,90000,,,o7.5,100,Over,7.5,,,,,,,,,,,,,,,,,o7.5,100,Over,7.5,,,,,,,,,Independent,,,,,,,,2024,FBS Independents,1.520535781,0.3985148515,83.49724768,0.2066763557,0.4524076148,1.025273358,0.4262295082,83.02372227,0.1701305784,0.5464725644,2.043944509,0.2988929889,0.3092788784,0.3034714446,1.015637548,0.463022508,0.1223238201,0.6965285554,0.06382978723,0.07278835386,0.1366181411,1.528,68.5,4.08974359,78,771,1.579918033,540,1.106557377,1512,3.097336066,0.1864754098,0.7454545455,1.241363466,0.4132138858,159.8999921,0.1790593417,173,893,1.491263084,0.3634311512,66.79314436,0.1507745922,0.5091954023,0.9123902792,0.4070588235,13.27318346,0.0312310199,0.4885057471,2.138649339,0.2526315789,66.79314436,0.2505864488,0.3275862069,0.9311226046,0.4478632479,0.003479964722,0.6724137931,0.07471264368,0.1034482759,0.1781609195,-1.327,71.2,3.362318841,69,0,1.331764706,454,1.068235294,1153,2.712470588,0.2211764706,0.625,1.191427769,0.383908046,73.45291726,0.08442864053,172,870,38.5,9,71,67,88,87,59,91,57,31,68,39,34,26,56,47,20.5,19,29,15,86,52,67,90,90,52,76,84,65,40,49,43,83,46,95,88,88,89,92,94.5,122,19,19,33,29,16,19,26,36,64,61,79,67.5,44,24,64,71,44,63,23,58,23,43,17,58,50,39,13,101,44,24,24,50,36,91.5,36,19.5,36,0.692,0.636,0.583,33,22.5,40.5
San Jose State,-10.1,65.45,2.494,65.95,-1.5,1.1,-0.1,522,28.71835427,Ken Niumatalolo,Craig Stutzmann,Derrick Odum,85,102,65,-1.5,-1.5,0,0.5,0.26,96.5,93,91,0,23.47,7,3,65.5,5.55,7.44,5.07,85,74,San Jose State,San José State,,200000,100000,200000,,200000,100000,450000,,,o7.5,-115,Over,7.5,,,,,,,,,,,,,,,,,o7.5,-134,Over,7.5,,,,,,,,,MWC,750,,850,,850,,,2024,Mountain West,1.562604737,0.4522058824,172.6746835,0.3174166975,0.6310904872,0.8062286978,0.4150943396,-14.59299566,-0.04588992346,0.3689095128,2.038073098,0.3421052632,0.3907033638,0.3085846868,1.063966208,0.4815436242,0.09086341112,0.6914153132,0.08816705336,0.0939675174,0.1821345708,1.301,71.5,3.6,85,305,0.9591194969,337,1.059748428,735,2.310691824,0.2672955975,0.7,1.298473422,0.4385150812,158.0816878,0.183389429,163,862,1.683612029,0.3863134658,81.62134789,0.1801795759,0.4689440994,0.8594697988,0.423828125,16.14627977,0.03153570268,0.5300207039,2.110933425,0.2852760736,81.62134789,0.2223511725,0.3374741201,0.9525760631,0.4671875,0.03531048009,0.6625258799,0.06314699793,0.1118012422,0.1749482402,-1.423,69.7,3.580246914,81,0,0.779296875,465,0.908203125,1401,2.735351563,0.203125,0.7764705882,1.227390437,0.4057971014,95.0851895,0.09843187319,159,966,53,25.5,67,69,56,45,93,133,133,134,83,118,105,119,35.5,95,80,78,108,53,131,58,85,68,48,58,35,32,70,133,129,128,94,128,1,38,13,30,70,128,100.5,29,36,55,48,98,30,30,100,16,70,13,67.5,120,47,103,33,50,44,60,39,38,62,28,39,38,57,45,93,88,25,31,68,16,49,48,49,106,0.539,0.462,0.5,65,82.5,76
East Carolina,-6.6,65.1,0,66.1,0.5,-0.7,-0.8,274,31.36650563,Blake Harrell,John David Baker,Josh Aldridge,86.5,90,136,0.5,0.5,0,0.63,0.23,73.5,56.5,91,31.36650563,21.98,2,125,65.1,5.62,6.06,4.05,86.5,70,East Carolina,East Carolina,,200000,100000,200000,,100000,100000,90000,,,o6.5,120,Over,6.5,,,,,,,,,,,,,,,,,o6.5,125,Over,6.5,,,,,,,,,AAC,1800,,2500,,2200,,,2024,American Athletic,1.697252958,0.4331797235,112.0866967,0.2582642781,0.4881889764,0.9725741872,0.4395604396,67.9749923,0.1493955875,0.5118110236,2.207599793,0.3420074349,0.4459770652,0.3025871766,1.048983826,0.4774193548,0.09692557816,0.6974128234,0.06411698538,0.08886389201,0.1529808774,1.429,69.6,3.790123457,81,654,1.437362637,461,1.013186813,1397,3.070769231,0.1758241758,0.7735849057,1.3237072,0.4364454443,180.061689,0.2025440821,166,889,1.639701745,0.423255814,127.07229,0.2955169535,0.4540654699,1.042106344,0.3617021277,17.33628504,0.03353246622,0.5459345301,2.005186048,0.3479623824,127.07229,0.4298117423,0.3368532207,1.049317646,0.4108280255,0.01162202112,0.6631467793,0.04963041183,0.1124604013,0.1620908131,-1.297,71.8,3.846153846,78,0,1.286266925,486,0.9400386847,1295,2.504642166,0.247582205,0.5737704918,1.336855295,0.3896515312,144.408575,0.1524905755,168,947,41,19.5,59,54,59,28,32,70,65,54,98,77,54,48,45.5,82,40.5,42,49,42,88,50,84,79,63,50,18,33,15,67,59,57,70,66,67,60,54,50,25,123,119,68,82,38,104,4,8,10,71,24,84.5,74,67.5,105.5,75,47.5,80,66,42,107,40,26,9,76,40,113,114,119,57,104,27,34,10,97,31,103,88,89,0.615,0.583,0.462,50,35,92
Wake Forest,-4.6,65.1,2.172,68.1,-1.5,-0.1,-0.4,258,24.53326691,Jake Dickert,Rob Ezell,Scottie Hazelton,86.5,81,91,-1.5,-1,-0.5,0.54,0.2,96.5,85,105,24.53326691,24.5,20,60,65.1,4.39,5.2,1.81,86.5,97,Wake Forest,Wake Forest,,200000,100000,200000,,200000,100000,90000,,,o4.5,115,Over,4.5,o4.5,-135,Over,4.5,,,,,,,,,,,,,o4.5,120,Over,4.5,,,,,,,,,ACC,40000,,40000,35000,47500,,,2024,ACC,1.450207569,0.4102564103,86.10609145,0.2007134999,0.5119331742,0.8943581589,0.4430693069,24.41033104,0.06042161149,0.4821002387,1.866565334,0.2857142857,0.1176389176,0.3090692124,0.9864797434,0.4853195164,0.1194218699,0.6909307876,0.06563245823,0.09904534606,0.1646778043,1.316,71,3.202702703,74,330,0.8168316832,410,1.014851485,1234,3.05470297,0.1534653465,0.7931034483,1.169934204,0.423627685,99.61374237,0.1188708143,145,838,1.258907627,0.5299145299,163.6339585,0.3496452104,0.5441860465,0.9424612814,0.4923076923,79.62643603,0.2041703488,0.4534883721,1.773984079,0.4052863436,163.6339585,0.4215734293,0.2639534884,0.9481469034,0.5497630332,0.220996901,0.7360465116,0.03720930233,0.08255813953,0.1197674419,-1.261,71.8,4.118421053,76,0,1.233333333,509,1.305128205,1282,3.287179487,0.1435897436,0.8166666667,1.120821949,0.511627907,235.5882068,0.2739397753,145,860,67.5,90,105,103,72,121,25,38,69,85,97,95,120,115,77.5,122,71,75,80,66,93,60,69,62,102,60,129,96.5,111,89,104,101,63,105,47,91,82,71,118,89.5,50,120,123,134,14,120,112,114,69,126,96,68,67.5,92.5,100.5,47.5,92.5,130,111,131,131,121,134,22,131,111,127,134,10,11,113,103,124,49,123,117,133,2,0.333,0.3,0.5,107,122,76
South Florida,-3.5,64.95,2.166,64.55,0.5,-0.8,0.7,273,29.79392787,Alex Golesh,Joel Gordon,Todd Orlando,88,77,92.5,0.5,0,0.5,0.6,0.29,73.5,67,77,29.79392787,20.96,1,115,65,5.51,5.7,4.46,88,76.5,South Florida,South Florida,,100000,100000,100000,,100000,100000,90000,,,o6.5,-105,Over,6.5,,,,,,,,,,,,,,,,,o6.5,-106,Over,6.5,,,,,,,,,AAC,700,,800,,750,,,2024,American Athletic,1.537835243,0.3897216274,73.67956904,0.1577720965,0.5032327586,1.186315209,0.3956521739,83.50984482,0.1815431409,0.4956896552,2.148328756,0.2675159236,0.2547275647,0.338362069,1.126199167,0.4560260586,0.1254945665,0.661637931,0.05711206897,0.09590517241,0.1530172414,1.452,69.3,3.879518072,83,831,1.806521739,528,1.147826087,1430,3.109565217,0.1630434783,0.6575342466,1.362075226,0.3922413793,157.0381191,0.1692221111,182,928,1.609291142,0.3967280164,113.2494879,0.2315940448,0.5041237113,1.119116355,0.3825363825,20.36423042,0.04233727738,0.4958762887,1.953190119,0.3069908815,113.2494879,0.2777053578,0.3391752577,1.158294905,0.4321372855,0.06591053919,0.6608247423,0.06597938144,0.1309278351,0.1969072165,-1.267,72.1,4,79,0,1.449064449,509,1.058212058,1256,2.612058212,0.2390852391,0.6557377049,1.370687542,0.3896907216,133.6137183,0.1377461014,184,970,20,4,75,70,109,11,112,52,55,47,52,45,17,16,42,71,35,37,50,55,64,113,63,97,15,113,95,112,27,80,42,42,107,3,55,103,94,99,81,129.5,132,57,73,39,114,27,10,18,63,59,96,90,67.5,112.5,87.5,39,90.5,19,13,50,36,52,26,127,36,61,103,76,42,52,33,36,23,119,86,78,64,75,0.539,0.539,0.583,65,51.5,40.5
Stanford,-6.2,64.85,1.288,64.15,2,-0.8,-0.5,523,19.82853876,Frank Reich,,Andy Thompson,89,88.5,129,2,0,2,0.58,0.37,53.5,67,48.5,19.82853876,28.22,99,18,64.9,3.11,3,1.77,89,119,Stanford,Stanford,,100000,100000,100000,,100000,100000,90000,,,o3.5,145,Over,3.5,o3.5,-105,Over,3.5,,,,,,,,,,,,,o3.5,150,Over,3.5,,,,,,,,,ACC,50000,,40000,40000,47500,,,2024,ACC,1.448144987,0.3980099502,57.07828212,0.1419857764,0.5,1.008674645,0.4039900249,23.78897998,0.0593241396,0.4987562189,2.14241734,0.2595419847,0.2462867924,0.3258706468,0.9819846906,0.4686346863,0.02672838684,0.6741293532,0.06965174129,0.1517412935,0.2213930348,1.261,71.5,3.672131148,61,474,1.182044888,427,1.064837905,1086,2.707730673,0.2369077307,0.6349206349,1.227045002,0.4004975124,79.01392527,0.09827602646,139,804,1.573230948,0.4735576923,155.5809897,0.3739927636,0.5395590143,1.017118471,0.4366197183,39.2695278,0.1106183882,0.4604409857,1.94070143,0.3405172414,155.5809897,0.3331761864,0.3009079118,1.15115182,0.5064935065,0.2180958112,0.6990920882,0.0402075227,0.1037613489,0.1439688716,-1.625,67.5,4.533333333,75,0,1.478873239,364,1.025352113,1033,2.910704225,0.2028169014,0.6956521739,1.328351874,0.4565499351,194.8505175,0.2527244066,143,771,89.5,107.5,113,114,101,94,120,128,116,101,81,90,76,82,110,91,80,94.5,132,131,102,87,112,85,104,87,98,115,28,77,105,103,102,48,59,107,107,91,119,22,39.5,115,110,111,101,43,31,52,18,48,18,96,67.5,86,124,124,6,98,61,128,103,120,110,124,103,90,125,113,39,18,69,56,77,84,121,124,122,64,0.25,0.364,0.417,120,111,110
Oregon State,-2.4,64.7,3.028,69.9,-3.5,-1.3,-0.4,517,24.37993334,Trent Bray,Ryan Gunderson,Keith Heyward,91,73,24,-3.5,-3.5,0,0.37,0.24,112.5,110.5,91,24.37993334,28.28,101.5,57,64.7,6.09,5.91,0,90.5,61,Oregon State,Oregon State,,200000,100000,200000,,200000,100000,90000,,,o6.5,-185,Over,6.5,,,,,,,,,,,,,,,,,o6.5,-200,Over,6.5,,,,,,,,,Independent,,,,,,,,2024,Pac-12,1.469244131,0.3844155844,33.11616311,0.08601600808,0.4594272076,0.953973839,0.4734513274,95.39225968,0.2110448223,0.5393794749,1.823168296,0.3127572016,0.1677093615,0.2899761337,0.989642456,0.4806722689,0.144635128,0.7100238663,0.06324582339,0.08949880668,0.1527446301,1.049,75.1,3.870967742,62,514,1.137168142,494,1.092920354,1515,3.352433628,0.1261061947,0.768115942,1.164636831,0.4319809069,126.811276,0.151326105,121,838,1.542853346,0.4511041009,105.2241241,0.3319373001,0.4330601093,0.9557063767,0.4939759036,88.91580604,0.2142549543,0.5669398907,2.137112192,0.3233830846,105.2241241,0.4697767311,0.2745901639,0.9810443224,0.5329566855,0.1877868309,0.7254098361,0.05737704918,0.07650273224,0.1338797814,-1.417,69.6,4.347826087,69,0,1.489156627,518,1.248192771,1348,3.247228916,0.1662650602,0.7894736842,1.196976539,0.4754098361,194.1399302,0.2652184838,128,732,67.5,133,90,88,62,124,36,7,15,30,72,62,80,74.5,107,72,134,134,48,45,83,29,54,71,98,29,119,71,119,44,27,27,23,77,88,123,123,104,114,7,6,119,109,125,33,105,86,105,90,119,101,97,67.5,44,117,105.5,35,117,124,78,126,110,123,41,126,122,91,98,99,122,118,113,125,56,16,110,114,53,0.417,0.333,0.455,91.5,116.5,99.5
Ohio,-4.4,64.3,3.376,67.6,-1.5,-0.6,-0.2,513,25.26724524,Brian Smith,Scott Isphording,John Hauser,92,80,11,-1.5,0,-1.5,0.62,0.16,96.5,67,123.5,25.26724524,29.89,120,68,64.3,7.11,7.24,5.87,92,42,Ohio,Ohio,,200000,100000,200000,,200000,100000,90000,,,o7.5,105,Over,7.5,,,,,,,,,,,,,,,,,o7.5,-106,Over,7.5,,,,,,,,,MAC,300,,350,,300,,,2024,Mid-American,1.407924901,0.4487534626,87.10806588,0.2412965814,0.397139714,1.088738326,0.4698354662,117.931654,0.2155971737,0.601760176,1.820002098,0.3692307692,0.4261745378,0.2860286029,1.031484156,0.4976887519,0.1457095241,0.7139713971,0.05500550055,0.09350935094,0.1485148515,1.252,72.1,4.146341463,82,854,1.561243144,677,1.237659963,1718,3.140036563,0.1718464351,0.7619047619,1.212146978,0.4609460946,205.370861,0.2259305401,165,909,1.551449281,0.3920704846,91.66143621,0.2018974366,0.5334900118,0.9469657497,0.3620253165,-5.58645367,-0.01414292068,0.464159812,2.102220472,0.2516778523,91.66143621,0.199710122,0.3501762632,1.032144467,0.4448462929,0.0330702948,0.6498237368,0.06815511163,0.1386603995,0.2068155112,-1.372,70.4,3.790322581,62,0,0.8,357,0.9037974684,1007,2.549113924,0.2253164557,0.75,1.282162225,0.3772032902,77.80148939,0.09142360681,165,851,27.5,21.5,43,35,26,104,42.5,62,51,14,28,7,39,14,43.5,43,96.5,97.5,42,48,50.5,20,53,42,82,20,26,10,121,10,24,16,27,28,125,71,79,33,127,80,115,24,24,22,78,80,16,13,14,14.5,14,14,67.5,16.5,69.5,83.5,49,8,7,41,21,37,37,59,21,31,71,12,90,19,12,12,11,52,116,56,59,56,0.786,0.643,0.429,13.5,20.5,104
Utah State,-14.8,63.8,3.138,59.7,0.5,0.2,-0.6,529,33.43693266,Bronco Mendenhall,Kevin McGiven,Nick Howell,93,117,20,0.5,-1,1.5,0.52,0.33,73.5,85,57.5,33.43693266,22.35,4,131,63.8,3.47,5.76,3.83,93,113.5,Utah State,Utah State,,300000,100000,500000,,200000,100000,450000,,,o4.5,135,Over,4.5,,,,,,,,,,,,,,,,,o4.5,110,Over,4.5,,,,,,,,,MWC,5000,,10000,,10000,,,2024,Mountain West,1.396716446,0.4543378995,112.9135913,0.2577935875,0.5296251511,1.103022047,0.4623376623,91.3862759,0.2373669504,0.4655380895,2.077316788,0.3151260504,0.36745165,0.2877871826,1.054588537,0.5127334465,0.1855073486,0.7122128174,0.08222490931,0.08222490931,0.1644498186,1.252,71.9,4.416666667,72,761,1.976623377,494,1.283116883,1277,3.316623377,0.161038961,0.6470588235,1.258049064,0.4558645707,196.717321,0.2378685865,147,827,1.464853471,0.4707379135,121.8336765,0.3100093548,0.4839901478,0.9828018233,0.4673123487,101.0028448,0.2445589464,0.5086206897,1.821726016,0.3167420814,121.8336765,0.3189970357,0.2721674877,1.081681243,0.5211505922,0.2404749862,0.7278325123,0.05172413793,0.09975369458,0.1514778325,-1.422,69.9,4.443037975,79,0,2.084745763,526,1.273607748,1403,3.396125908,0.1622276029,0.7708333333,1.218726572,0.4655172414,212.6190617,0.2618461352,152,812,73,81,31,41,33,76,116,49,21,71,18,62,9,31,81,24,89.5,97.5,79,33,126.5,23,34,26,55,23,50,65,48,101,15,36,38,19,36,62,51,29,130,52,73,117,121,119,45,91,91,125,101.5,120,108,132,67.5,112.5,122,100,34,81,72,100,128,126,122,97,128,83,109,91,17,67,123,123,106,70,62,105,121,24,0.333,0.364,0.75,107,111,5.5
ULM,-14.6,60.55,1.878,58.25,5,-0.6,-0.1,379,17.32381222,Bryant Vincent,Bryant Vincent,Earnest Hill,101,115,104,5,1,4,0.68,0.55,25,44.5,15,0,31.57,133,3,60.6,3.61,5.46,3.58,101,111,Louisiana-Monroe,UL Monroe,,300000,100000,1000000,,400000,100000,450000,,,,,,,,,,,,,,,,,,,,,,,o4.5,-134,Over,4.5,,,,,,,,,SunBelt,3300,,3500,,3300,,,2024,Sun Belt,1.894523813,0.3230769231,35.09968321,0.1349987816,0.3746397695,1.106649557,0.3865740741,55.89626787,0.129389509,0.6224783862,1.981422658,0.2583333333,0.237847922,0.3458213256,1.169853288,0.4162995595,0.06152804376,0.6541786744,0.04755043228,0.1008645533,0.1484149856,1.431,69.7,3.333333333,57,617,1.428240741,451,1.043981481,1221,2.826157407,0.1828703704,0.7166666667,1.370320622,0.3616714697,85.01723316,0.1225032178,137,694,1.432892968,0.3918128655,55.58953014,0.1625424858,0.4191176471,0.882269034,0.5309168443,112.9215441,0.2407708829,0.574754902,1.788736795,0.2881355932,55.58953014,0.2571580229,0.2892156863,0.9208207784,0.5431034483,0.1746768102,0.7107843137,0.04779411765,0.07965686275,0.1274509804,-1.445,69.6,4.118421053,76,0,1.230277186,635,1.353944563,1638,3.493390192,0.1236673774,0.8939393939,1.074915528,0.4693627451,162.0018433,0.1985316707,138,816,132,114,102,111,126,10,81.5,82,103,87,87,82,55,51,122,117,44.5,40.5,41,75,23,118,101,125,5,118,102,117,89,8,73,73,113,16,127,110,121,128,5,55.5,21.5,91,91,120,5,133,128,130,126,130,131,67,67.5,92.5,100.5,105.5,25.5,122,119,110,112,104,129,15,112,52,29,49,12,126,121,125,134,25,8,38,58,19,0.417,0.5,0.546,91.5,66,54
Buffalo,-7.1,62.5,3.124,59.6,3.5,-1.5,0.9,276,24.14941871,Pete Lembo,Dave Patenaude,Joe Bowen,94,91,21,3.5,2,1.5,0.72,0.34,35,29,57.5,24.14941871,25.61,36.5,54,62.5,7.61,7.98,6.05,94,31,Buffalo,Buffalo,,300000,,500000,,100000,100000,,,,o7.5,-130,Over,7.5,,,,,,,,,,,,,,,,,,,,,,,,,,,,,MAC,450,,400,,,,,2024,Mid-American,1.569189984,0.3896457766,86.58444142,0.2359249085,0.4189497717,1.130499559,0.3747534517,44.2005433,0.08718055877,0.5787671233,1.856404977,0.2949152542,0.2853012966,0.3367579909,1.128788012,0.4234079174,0.0733267768,0.6632420091,0.06050228311,0.1015981735,0.1621004566,1.508,68.5,4,80,483,0.9526627219,526,1.037475345,1404,2.769428008,0.1854043393,0.6268656716,1.318886138,0.3801369863,126.7667398,0.1447108902,166,876,1.652790946,0.4193548387,112.8897191,0.2427735894,0.5178173719,0.9512405042,0.4262295082,30.55433176,0.07155581208,0.4755011136,2.05630102,0.2847457627,112.8897191,0.1409957409,0.3285077951,1.101333517,0.4859038143,0.1469329001,0.6714922049,0.070155902,0.1224944321,0.1926503341,-1.322,70.9,3.730769231,78,0,1.192037471,442,1.035128806,1257,2.943793911,0.1990632319,0.6034482759,1.314111422,0.4198218263,130.1942823,0.144982497,165,898,50,19.5,92,89,117,30,122,88,110,53,90,47,107,80.5,48.5,55.5,20.5,23,73,78,75,112,94,122,14,112,84,91,115,23,91,86,123,10,113,73,81,100,66,111,115,65,70,77,96,10,33,60,64.5,51,51.5,62,67.5,105.5,65,72,75,24,23,32,54,94,91,109,54,9,102,43,77,30,42,42,69,54,103,83,85,93,0.692,0.615,0.583,33,27,40.5
Oklahoma State,0.9,62.25,2.464,70.25,-7,0.8,-0.8,286,26.15505802,Mike Gundy,Doug Meacham,Todd Grantham,95,58.5,69,-7,-6,-1,0.23,0.18,131,132,113.5,26.15505802,24.14,14,83,62.3,4.62,2.36,0.61,95,92,Oklahoma State,Oklahoma State,,50000,25000,50000,,50000,50000,90000,,,o5.5,125,Over,5.5,o4.5,-170,Over,4.5,,,,,,,,,,,,,o5.5,135,Over,5.5,,,,,,,,,Big12,5000,,5000,5000,6600,,,2024,Big 12,1.541123409,0.422907489,134.9588344,0.2972661551,0.5675,0.8812670607,0.4186046512,19.61275024,0.05701380884,0.43,1.872236808,0.3062015504,0.2864178453,0.3225,1.069616511,0.4741697417,0.147121875,0.6775,0.0725,0.07375,0.14625,1.195,72.9,4.216666667,60,323,0.9389534884,327,0.9505813953,967,2.810465116,0.1773255814,0.7441860465,1.258327831,0.42,153.6358603,0.1920448254,152,800,1.754938114,0.4483568075,149.927206,0.3519417982,0.4857468643,1.21578383,0.4545454545,122.0342426,0.2705859038,0.5142531357,2.102597018,0.3531468531,149.927206,0.4273273078,0.3261117446,1.261242597,0.4991539763,0.2533770535,0.6738882554,0.06385404789,0.08209806157,0.1459521095,-1.377,70.3,3.929411765,85,0,2.062084257,611,1.354767184,1526,3.384257206,0.133037694,0.7407407407,1.475830467,0.4515393387,271.9614486,0.3101042744,151,877,92.5,59,64,72,78,75,61,72,106,117.5,115,123,110,117,112,38,115,113,39,17,107,78,51,80,45,78,83,77,109,117,107,107,91,111,18,42,33,59,79,98.5,69,127,130,109,132,72,121,123,117.5,131,128,130,67.5,127.5,81,86.5,46,90,113,57,60,128,104,133,60,112,123,122,91,73,128,128,100,132,65,120,111,122,0.25,0.25,0.583,120,127,40.5
Wyoming,-10.8,62.2,3.274,61.6,1,0.1,-0.5,563,20.28656995,Jay Sawvel,Jay Johnson,Aaron Bohl,96,105,16.5,1,2.5,-1.5,0.75,0.15,66,23,123.5,20.28656995,27.54,77,20,62.2,4.99,5.63,3.93,96,83.5,Wyoming,Wyoming,,300000,100000,500000,,200000,100000,450000,,,o5.5,145,Over,5.5,,,,,,,,,,,,,,,,,o5.5,135,Over,5.5,,,,,,,,,MWC,3300,,4000,,4000,,,2024,Mountain West,1.749182238,0.3306010929,28.59946314,0.07814060967,0.4632911392,0.9384372806,0.3797169811,-3.639211873,-0.00858304687,0.5367088608,2.066204131,0.2416356877,0.1446153563,0.3405063291,1.052701311,0.4165067179,-0.02675869399,0.6594936709,0.0582278481,0.1088607595,0.1670886076,1.264,72,3.068965517,58,439,1.035377358,336,0.7924528302,1096,2.585141509,0.2051886792,0.6428571429,1.286310117,0.3569620253,24.96025127,0.03159525477,148,790,1.376829226,0.4548022599,93.78617015,0.264932684,0.4670184697,1.187844577,0.4158415842,77.21644209,0.1911298072,0.5329815303,1.86671973,0.3073770492,93.78617015,0.3176503669,0.3218997361,1.107178798,0.4941634241,0.1818986823,0.6781002639,0.05145118734,0.09366754617,0.1451187335,-1.261,72.1,3.971428571,70,0,2.007425743,544,1.346534653,1243,3.075990099,0.1806930693,0.6341463415,1.280326427,0.4340369393,171.0026122,0.2255971138,142,758,101,77,127,127,129,56,117,106,124,100,132,119,95,91,119,127,93,90,84,91,69,115,125,124,57,115,126,127,55,48,126,126,120,84,85,127,125,127,17,16,35.5,105,94,94,76,21,60,85,58,129,115,128,67.5,51,86,39,92.5,95,87,103,69,108,96,114,69,81,72,77,27,94,107,99,60,129,44,90,116,11,0.25,0.5,0.5,120,66,76
Colorado State,-8.3,61.95,2.316,62.35,0,-0.5,0.1,340,24.04822451,Jay Norvell,Jay Norvell,Freddie Banks,97,97,81,0,1,-1,0.66,0.18,79.5,44.5,113.5,24.04822451,28.59,108.5,53,62,5.68,5.2,3.46,97,68,Colorado State,Colorado State,,200000,100000,200000,,100000,100000,450000,,,o6.5,140,Over,6.5,,,,,,,,,,,,,,,,,o6.5,120,Over,6.5,,,,,,,,,MWC,1400,,1800,,1700,,,2024,Mountain West,1.716221191,0.3952879581,112.7857851,0.2952507462,0.453143535,0.9419477364,0.4295010846,13.62406309,0.02955328219,0.546856465,1.997288897,0.3357664234,0.4261679763,0.325029656,1.019083553,0.4516695958,0.0169416918,0.674970344,0.06524317912,0.09371293001,0.1589561091,1.298,72.1,3.507462687,67,766,1.661605206,528,1.145336226,1316,2.854013015,0.2169197397,0.5507246377,1.276948572,0.4139976275,126.4098481,0.1499523703,159,843,1.421858813,0.4383561644,101.2499431,0.2311642536,0.4982935154,1.019769847,0.4195011338,45.56818998,0.103329229,0.5017064846,1.913024549,0.30078125,101.2499431,0.259278937,0.2912400455,1.047838078,0.481540931,0.1291215492,0.7087599545,0.07622298066,0.09328782708,0.1695108077,-1.315,71.5,4,72,0,1.167800454,436,0.9886621315,1330,3.015646259,0.1632653061,0.696969697,1.224547252,0.4288964733,146.818133,0.1670285928,155,879,63,35.5,91,90,85,68,133,120,100,69,54,45,22,29,93,101,96.5,79,65,51,92,83,116,103,88,83,27,40,82,39,116,115,80,81,93,44,52,92,23,100,84,72,85,86,47,44,90,70,82,36,47.5,60,67.5,63.5,87.5,55,76,56,88,16,109,85,86,75,109,53,83,70,35,60,62,65,64,87,78,77,102,17,0.615,0.583,0.5,50,35,76
Georgia Southern,-4,61.1,3.824,62.7,0.5,-1.8,-0.3,375,24.79688735,Clay Helton,Ryan Aplin,Brandon Bailey,99,78,2,0.5,1,-0.5,0.67,0.21,73.5,44.5,105,24.79688735,26.64,53.5,61,61.1,6.96,6.36,4.52,99.5,46,Georgia Southern,Georgia Southern,,300000,100000,500000,,200000,100000,90000,,,o7.5,120,Over,7.5,,,,,,,,,,,,,,,,,o7.5,100,Over,7.5,,,,,,,,,SunBelt,650,,750,,650,,,2024,Sun Belt,1.527414764,0.4025974026,101.7425624,0.2202219966,0.5267958951,0.9990938194,0.4516908213,58.30496837,0.1408332569,0.472063854,1.969083977,0.3321167883,0.3790924454,0.3124287343,1.034549817,0.4676616915,0.09081843192,0.6875712657,0.05701254276,0.1140250855,0.1710376283,1.262,72.3,4.569444444,72,365,0.8816425121,431,1.041062802,1146,2.768357488,0.2077294686,0.7777777778,1.262546087,0.425313569,158.6348445,0.1808835171,159,877,1.536567798,0.4377777778,126.2347185,0.2805215966,0.5154639175,0.9974348708,0.4845605701,81.99106821,0.1947531311,0.4822451317,1.970290091,0.319391635,126.2347185,0.3401062145,0.3012600229,1.074688335,0.5196721311,0.192019438,0.6987399771,0.05269186712,0.09049255441,0.1431844215,-1.597,66.9,3.8125,80,0,1.532066508,540,1.282660333,1328,3.15391924,0.1733966746,0.7313432836,1.262295686,0.4593356243,206.5797916,0.2366320637,154,873,48.5,35.5,69,68,71,72,30,108,111,96,88,86.5,113,109,81,17,102,92.5,90,102,63,67,86,86,76,67,41,46,93,95,65,68,52,53,40,81,65,85,85,96,79,111,115,113,66,65,72,90,81,122,114,102,67.5,117,72,128,10,104,95,97,102,112,120,93,102,92,113,94,46,35,109,106,119,75,97,98,101,50,0.615,0.667,0.462,50,17,92
Louisiana Tech,-11.9,61.05,2.676,59.05,1,1.5,-0.5,309,21.00102281,Sonny Cumbie,Scott Parr,Jeremiah Johnson,100,109,46.5,1,1,0,0.68,0.22,66,44.5,91,21.00102281,27.26,70,26,61.1,4.92,7.35,5.27,99.5,85.5,Louisiana Tech,Louisiana Tech,,300000,100000,1000000,,100000,100000,450000,,,o5.5,-160,Over,5.5,,,,,,,,,,,,,,,,,o5.5,-200,Over,5.5,,,,,,,,,CUSA,800,,900,,800,,,2024,Conference USA,1.665009103,0.3783783784,61.15226919,0.137730336,0.5028312571,0.7078780226,0.3698630137,-41.27271295,-0.09422993825,0.4960362401,2.155049294,0.2567567568,0.1588124148,0.3352208381,0.9079292229,0.4327086882,-0.04969574103,0.6647791619,0.04643261608,0.1200453001,0.1664779162,1.655,66.8,3.092105263,76,297,0.6780821918,391,0.8926940639,1124,2.565296804,0.2237442922,0.6666666667,1.195144754,0.3737259343,17.8370748,0.02020053771,168,883,1.575246464,0.3450134771,49.13755507,0.1324462401,0.4432497013,1.007332592,0.3926247289,37.91841407,0.0822525251,0.550776583,1.858708428,0.2832764505,49.13755507,0.2718415118,0.3500597372,1.0163095,0.4154411765,-0.009184094652,0.6499402628,0.04778972521,0.1063321386,0.1541218638,-1.186,73.2,3.719298246,57,0,0.6898047722,471,1.021691974,1337,2.89978308,0.1973969631,0.7021276596,1.24258494,0.3691756272,74.65341546,0.08919165527,162,837,44,17,128,128,119,110,109.5,125,126,98,125,100,131,121,66,125,8,7,82,113,20,106,127,116,130,106,122,119,26,79,133,134,126,134,56,109,104,108,31,72,109,22,21,13,53,50,37,49,87,46,78,7,67.5,3.5,62,18,111,78,56,111,22,19,13,53,22,58,24,42,26,107,47,54,37,78,24,29,7,65,0.385,0.615,0.385,100,27,117
North Texas,-7.2,59.4,2.364,63,-3,0,-0.6,510,35.05812392,Eric Morris,Jordan Davis,Matt Caponi,102,92.5,78.5,-3,-3.5,0.5,0.38,0.28,108.5,110.5,77,35.05812392,22.08,3,132,59.4,6.34,5.54,3.16,102,57,North Texas,North Texas,,150000,100000,200000,,,100000,90000,,,o6.5,-150,Over,6.5,,,,,,,,,,,,,,,,,o6.5,-159,Over,6.5,,,,,,,,,AAC,1800,,,,1600,,,2024,American Athletic,1.586894533,0.4393673111,149.0760722,0.2619966119,0.6046758767,1.323328905,0.3844086022,64.76714263,0.1741052221,0.3953241233,2.040725518,0.3344051447,0.3632181412,0.3304994687,1.293163366,0.4587301587,0.1601307506,0.6695005313,0.06269925611,0.09351753454,0.1562167906,1.262,71.9,3.847058824,85,881,2.36827957,437,1.174731183,978,2.629301075,0.2096774194,0.5952380952,1.490991518,0.4176408077,213.8432148,0.2272510253,171,941,1.681560199,0.4117647059,122.7850771,0.2777942922,0.4604166667,0.9986060055,0.4660194175,99.83389177,0.193852217,0.5364583333,2.169653098,0.3189368771,122.7850771,0.3664082057,0.3135416667,1.035038958,0.4946889226,0.1543528991,0.6864583333,0.04166666667,0.07291666667,0.1145833333,-1.504,68.2,3.936170213,94,0,1.473786408,550,1.067961165,1666,3.234368932,0.1495145631,0.7567567568,1.293150231,0.4395833333,212.0074305,0.2208410734,171,960,18,12,41,33,81,1,128,110,120,112.5,47,85,3,11,35.5,74,89.5,92.5,59,49,81,97,46,94,1,97,53,44,68,129,48,61,116,1,6,57,27,42,55,126.5,121,101,119,98,86,83,108,100,130,63,116,95,67.5,133,82,119.5,18,133,128,125,80,97,99,64,80,98,110,93,106,99,108,121,105,76,37,97,77,104,0.462,0.385,0.615,77,107,31.5
Northern Illinois,-16,57.4,0.838,63.5,-3.5,-0.3,-0.3,511,24.84041791,Thomas Hammock,Wesley Beschorner,Nick Benedetto,108,121,134,-3.5,-3.5,0,0.39,0.23,112.5,110.5,91,24.84041791,27.89,90,63,57.4,3.53,5.45,3.72,108,112,Northern Illinois,Northern Illinois,,200000,,200000,,,100000,90000,,,o6.5,125,Over,6.5,,,,,,,,,,,,,,,,,o6.5,125,Over,6.5,,,,,,,,,MAC,1400,,,,1150,,,2024,Mid-American,1.595526398,0.4081081081,89.44755068,0.241750137,0.4070407041,0.9909702348,0.447761194,82.61151857,0.1541259675,0.5896589659,1.864525203,0.3074204947,0.2018887187,0.3113311331,1.041262006,0.4856230032,0.1664850021,0.6886688669,0.05500550055,0.100110011,0.1551155116,1.423,69.6,3.392405063,79,728,1.358208955,629,1.173507463,1770,3.302238806,0.1343283582,0.7323943662,1.224443331,0.4301430143,161.3541187,0.1775072813,153,909,1.557569696,0.3476070529,19.02057347,0.0479107644,0.5162548765,0.903788113,0.4086021505,28.65983118,0.07704255694,0.4837451235,2.084796786,0.2572463768,19.02057347,0.1894616163,0.3589076723,0.9328759793,0.4442190669,-0.0093529441,0.6410923277,0.06762028609,0.1079323797,0.1755526658,-1.425,69.6,3.080645161,62,0,0.9435483871,413,1.110215054,1136,3.052419355,0.1478494624,0.7441860465,1.21489797,0.3771131339,47.68040465,0.06200312698,150,769,27.5,53.5,73,65,65,95,74,13,25,13,48,17,60,38,52.5,113,40.5,44,54,72,50.5,65,43,61,73,65,108,75,112,15,56,44,59,58,121,69,75,76,51,19.5,65.5,15,15,20,44,74,109,81,34,80,38,32,67.5,16.5,11,105.5,31,48,54,43,13,18,36,18,13,23,5,15.5,86,38,44,41,52,31,100,6,10,59,0.615,0.455,0.546,50,91,54
Bowling Green,-13.7,59,1.34,65.1,-8,1.6,0.3,320,23.75966923,Eddie George,Travis Partridge,Brandon Fisher,103,110,128,-8,-6,-2,0.23,0.11,135,132,130,23.75966923,29.45,118,51,59,4.37,5.52,4.38,103,98.5,Bowling Green,Bowling Green,,200000,100000,200000,,100000,100000,450000,,,o6.5,150,Over,6.5,,,,,,,,,,,,,,,,,o6,120,Over,6,,,,,,,,,MAC,800,,1100,,1150,,,2024,Mid-American,1.426283043,0.4426966292,124.4629482,0.2796920184,0.5272511848,1.102660747,0.4085213033,61.68203112,0.1545915567,0.4727488152,1.781217587,0.315018315,0.2910258633,0.3234597156,1.122360397,0.4798598949,0.1868562498,0.6765402844,0.05450236967,0.1232227488,0.1777251185,1.381,70.8,3.84,75,583,1.461152882,469,1.175438596,1206,3.021553885,0.2230576441,0.7777777778,1.279754059,0.4265402844,186.1449793,0.2205509233,147,844,1.559516622,0.3578680203,33.87226058,0.08597020451,0.4894409938,1.088318934,0.3950617284,69.68401878,0.1720593056,0.5031055901,1.95553598,0.2355072464,33.87226058,0.1214860584,0.3428571429,1.130987434,0.4461247637,0.1131284729,0.6571428571,0.05838509317,0.09813664596,0.1565217391,-1.398,70,3.46875,64,0,1.274074074,466,1.150617284,1332,3.287654321,0.150617284,0.8,1.30904609,0.3739130435,93.3751143,0.1159939308,151,805,61.5,81,49,47,69,64,30,123,77,88,46,72,50,59,73.5,75,67.5,58,98,117,48,79,32,73,20,79,81,66,128,94,55,64,99,20,39,50,41,38,124,44,69,39,33,18,92,113,105,115,83.5,95,72,71,67.5,26.5,34,96.5,40,75,78,72,29,75,40,119,29,7,11,2,43,62,97,91,40,111,69.5,12,16,60,0.539,0.462,0.385,65,82.5,117
Miami Ohio,-7.6,58.05,2.732,65.25,-7.5,-0.2,0.5,502,22.15949854,Chuck Martin,Pat Welsh,Bill Brechin,104,96,40,-7.5,-6,-1.5,0.22,0.14,133,132,123.5,0,29.97,121,3,58.1,5.99,5.26,4.06,104,63,Miami (OH),Miami (OH),,200000,100000,200000,,200000,100000,450000,,,o6.5,115,Over,6.5,,,,,,,,,,,,,,,,,o6.5,100,Over,6.5,,,,,,,,,MAC,650,,650,,700,,,2024,Mid-American,1.521339015,0.4362244898,83.06070849,0.2118895625,0.5311653117,0.9855316249,0.3782991202,34.75084995,0.1019086509,0.4620596206,2.023780571,0.3036437247,0.2833831418,0.3346883469,1.046662259,0.4582484725,0.07143653861,0.6653116531,0.07452574526,0.108401084,0.1829268293,2.077,60.6,3.428571429,84,575,1.686217009,330,0.9677419355,1047,3.070381232,0.1788856305,0.6857142857,1.290941837,0.406504065,105.0709765,0.1423725969,147,738,1.261938267,0.4107142857,54.29984879,0.1212050196,0.5221445221,0.8489653177,0.4656862745,51.52870863,0.1262958545,0.4755244755,1.681130806,0.3,54.29984879,0.1923500369,0.303030303,0.8863913801,0.4949832776,0.09107662099,0.696969697,0.08041958042,0.1060606061,0.1864801865,-1.059,75.2,2.865671642,67,0,0.8897058824,407,0.9975490196,1321,3.237990196,0.1299019608,0.6923076923,1.052139175,0.4358974359,104.4748289,0.1217655349,142,858,122.5,81,94,97,93,52,101,76,66,105,111,122,21,61,39.5,107.5,1,1,109,87,111,104,96,95,65,104,85,81,77,103,86,93,122,61,34,84,90,46,91,87,35.5,44,47,95,2,40,124,103,78,37,37,25,67.5,37.5,5,2,130,35,58,9,99,62,100,6,99,26,28,66.5,4,31,75,72,104,13,106,28,75,4,0.643,0.5,0.462,41,66,92
Hawai'i,-11.5,57.98,2.524,59.78,-1.5,0.5,-0.8,345,23.72357953,#N/A,#N/A,#N/A,105,108,56,-1.5,-2.5,1,0.43,0.32,96.5,104.5,68,23.72357953,26.65,55,50,58,4.4,4.34,2.67,105,96,Hawai'i,Hawai'i,,300000,100000,500000,,100000,100000,450000,,,o5.5,-150,Over,5.5,,,,,,,,,,,,,,,,,o5.5,-167,Over,5.5,,,,,,,,,MWC,2000,,2500,,2400,,,2024,Mountain West,1.36455567,0.4381139489,105.8062518,0.2078708287,0.6283950617,0.8526616984,0.4493243243,38.60281494,0.1304149153,0.3654320988,1.984453145,0.3231939163,0.3000521132,0.324691358,0.918898166,0.4954296161,0.1010121222,0.675308642,0.08395061728,0.1074074074,0.1913580247,1.075,74.4,3.813559322,59,253,0.8547297297,382,1.290540541,973,3.286824324,0.1655405405,0.7777777778,1.173314383,0.4395061728,134.1673366,0.1656386872,136,810,1.447823982,0.4051948052,91.34909065,0.2372703653,0.4916985951,0.9710265312,0.4393939394,59.55179556,0.1503833221,0.5057471264,1.824257213,0.2979591837,91.34909065,0.3108693693,0.312899106,1.018087086,0.4776951673,0.1374093635,0.687100894,0.05747126437,0.09833971903,0.1558109834,-1.401,70.6,4.151515152,66,0,1.328282828,482,1.217171717,1263,3.18989899,0.1641414141,0.7962962963,1.19642169,0.4214559387,150.089233,0.1916848442,136,783,85,116.5,79,86,53,117,30,53,27,114,17,102.5,117,129,115.5,80,130,132,114,85,128,82,83,45,126,82,78,60,87,134,72,90,56,123,3,86,60,43,132,30,16,89,87,80,32,110.5,89,91,66,111,81,78,67.5,33.5,103,80.5,39,76,76,76,81,90,77,55,81,77,70,65,18,64,86,79,82,64,72,80,69,20,0.417,0.583,0.417,91.5,35,110
UAB,-13.8,57.65,4.002,58.75,-1,1.1,-1.2,1326,25.68697154,Trent Dilfer,Alex Mortensen,Sione Ta’ufo’ou,106,111,1,-1,-2,1,0.47,0.3,90.5,100,68,25.68697154,25.37,31,76,57.7,3.26,4.34,2.4,106,116,UAB,UAB,,300000,,500000,,400000,100000,450000,,,o4.5,110,Over,4.5,,,,,,,,,,,,,,,,,o4.5,105,Over,4.5,,,,,,,,,AAC,10000,,20000,,25000,,,2024,American Athletic,1.540110426,0.41875,109.6871778,0.2285149537,0.5594405594,0.7828453421,0.4758064516,51.53423723,0.1385328958,0.4335664336,2.092216331,0.3059701493,0.3628170194,0.3123543124,0.9343381151,0.5016949153,0.07736346014,0.6876456876,0.06060606061,0.1177156177,0.1783216783,1.163,72.9,3.426666667,75,395,1.061827957,446,1.198924731,1242,3.339516129,0.1290322581,0.8125,1.185518046,0.4405594406,142.8794027,0.1665261104,152,858,1.805407731,0.3543543544,56.53242106,0.1697670302,0.4002403846,0.8828333923,0.503006012,124.4434386,0.2493856486,0.5997596154,1.87593903,0.3083333333,56.53242106,0.3141682121,0.2884615385,1.002745103,0.4983108108,0.1783369743,0.7115384615,0.06129807692,0.06971153846,0.1310096154,-1.627,66.6,4.236842105,76,0,0.9679358717,603,1.208416834,1838,3.683166333,0.1142284569,0.8448275862,1.177857164,0.4435096154,180.9758597,0.2175190621,151,832,55.5,59,78,78,50,113,16,9,18,83,38,83,90,99,73.5,109,115,121,101,108,76,66,91,39,123,66,54,78,42,115,68,77,21,131,19,79,58,63,80,67.5,69,98,101,101,23,131,132,134,133,110,127,35,67.5,92.5,110,131,5,121,133,66,113,106,103,47,113,79,31,81,28,132,124,130,129,26,3,41,14,130,0.25,0.455,0.636,120,91,26
Western Kentucky,-5.8,57.5,2.7,64.8,-6.5,-0.4,-0.4,312,25.24452865,Tyson Helton,Will Friend,Tyson Summers,107,85,43,-6.5,-5,-1.5,0.3,0.16,129,122.5,123.5,25.24452865,25.7,38,67,57.5,7.27,6.44,4.62,107,38,Western Kentucky,Western Kentucky,,200000,100000,200000,,100000,100000,450000,,,o7.5,-120,Over,7.5,,,,,,,,,,,,,,,,,o7.5,-125,Over,7.5,,,,,,,,,CUSA,350,,375,,350,,,2024,Conference USA,1.586839277,0.4432989691,172.3024893,0.3552628646,0.5370985604,0.9384248754,0.3884892086,8.877524075,0.02128902656,0.4617940199,1.955712731,0.2857142857,0.2766707885,0.3255813953,1.122578174,0.4811165846,0.1579006162,0.6744186047,0.0553709856,0.1063122924,0.161683278,1.373,70.3,3.833333333,78,298,0.7146282974,408,0.9784172662,1169,2.803597122,0.2038369305,0.6666666667,1.308210277,0.4174972315,177.5026871,0.1965699746,163,903,1.707714456,0.4174174174,100.5198149,0.301861306,0.3565310493,0.9344369113,0.4748322148,120.0568087,0.2014375985,0.6381156317,2.095622408,0.2965779468,100.5198149,0.2546668719,0.2815845824,0.9836029286,0.5126676602,0.2118766563,0.7184154176,0.03319057816,0.09100642398,0.1241970021,-1.327,71.4,3.658227848,79,0,1.365771812,706,1.184563758,1999,3.354194631,0.1224832215,0.7777777778,1.189142074,0.4518201285,209.1466237,0.2239257213,162,934,32,25.5,63,56,82,37,109.5,105,107,93,108,96.5,129,120,56,76,56.5,60,71,84,53,86,49,69,19,86,87,96.5,96,104,120,117,111,85,31,21,14,36.5,56,118,109,103,117,110,26,99.5,129,120,134,103,134,83,67.5,112.5,58,58.5,71,126,94,132,119,118,116,42,119,51,82,59,89,134,111,127,114,44,1,104,83,115,0.571,0.5,0.429,58,66,104
Coastal Carolina,-7.3,56.85,2.112,62.95,-6.5,-0.1,0.5,415,24.35821235,Tim Beck,Travis Trickett,Jeremiah Johnson,109,94.5,95,-6.5,-5,-1.5,0.3,0.15,129,122.5,123.5,24.35821235,26.67,56,56,56.9,5.69,4,2.65,109,67,Coastal Carolina,Coastal Carolina,,300000,100000,500000,,100000,100000,450000,,,o5.5,110,Over,5.5,,,,,,,,,,,,,,,,,o5.5,100,Over,5.5,,,,,,,,,SunBelt,1800,,1800,,2000,,,2024,Sun Belt,1.841402802,0.3656509695,85.72917807,0.2374769476,0.4397076736,0.9932542623,0.431372549,57.98487683,0.1263287077,0.5590742996,2.291622649,0.2757352941,0.2795326623,0.3313032887,1.050422804,0.4644808743,0.1083868971,0.6686967113,0.06699147381,0.08404384896,0.1510353228,1.536,67.2,3.823529412,85,588,1.281045752,495,1.078431373,1359,2.961437908,0.1917211329,0.7555555556,1.332513678,0.4019488429,135.5372906,0.1650880519,156,821,1.724640539,0.4004914005,108.4053411,0.2663521896,0.4609286523,0.9951541741,0.4526315789,79.47704585,0.1673200965,0.5379388448,2.028781746,0.2969283276,108.4053411,0.2425126479,0.3318233296,1.094744135,0.493220339,0.1949741017,0.6681766704,0.05096262741,0.09116647792,0.1421291053,-1.481,68.9,4.035294118,85,0,1.606315789,571,1.202105263,1598,3.363368421,0.1326315789,0.7936507937,1.309721046,0.4280860702,186.0909259,0.2107485004,155,883,76,41,81,85,99,25,52,97,83,62,77,59.5,65,57.5,35.5,78,10,17,46,36,96,100,77,89,61,100,86,103,6,32,75,69,79,56,103,72,83,114,10,104,84,94,105,83,94,107,122,121,125,107,119,107,67.5,127.5,92,115,21,106,93,104,50,115,95,105,50,46,97,61,70,100,93,102,97,74,39,91,65,119,0.462,0.385,0.615,77,107,31.5
San Diego State,-11.1,56.5,1.632,56.8,-1,0.4,0.3,521,22.15820615,Sean Lewis,Sean Lewis,Eric Schmidt,110,107,118,-1,-5,4,0.3,0.48,90.5,122.5,15,22.15820615,24.46,19,35,56.5,4.68,4.35,2.54,110,90,San Diego State,San Diego State,,300000,100000,500000,,200000,100000,450000,,,o4.5,-130,Over,4.5,,,,,,,,,,,,,,,,,o4.5,-150,Over,4.5,,,,,,,,,MWC,3300,,3500,,4500,,,2024,Mountain West,1.574773525,0.3777777778,68.07806032,0.1680939761,0.5100755668,1.106180372,0.3678756477,42.79126131,0.1108581899,0.4861460957,2.070600784,0.2698961938,0.3097764623,0.3639798489,1.089912908,0.4297029703,0.03301254529,0.6360201511,0.05667506297,0.1190176322,0.1756926952,1.47,69,3.444444444,63,384,0.9948186528,382,0.9896373057,1170,3.030829016,0.1424870466,0.6875,1.349213431,0.3715365239,106.196733,0.133749034,136,794,1.60437532,0.4316353887,105.3622986,0.2824726504,0.4393404005,0.9343841627,0.4862579281,98.57358994,0.2084008244,0.5571260306,2.082173939,0.3719008264,105.3622986,0.5151101364,0.285041225,0.9495585697,0.4958813839,0.1158613143,0.714958775,0.03062426384,0.08833922261,0.1189634865,-1.2,73.2,4.277777778,72,0,1.598308668,535,1.131078224,1652,3.49154334,0.1162790698,0.8028169014,1.210262875,0.4605418139,194.9844708,0.2296636876,138,849,98.5,116.5,99,95,121,17,99.5,22,74,92,104,102.5,102,104,103,106,29.5,32,97,111,59,128,111,119,31,128,75,111,53,88,83,88,128,17,49,101,99,109,62,78,21.5,108,111,115,41,115,131,129,128,88,112,104,67.5,63.5,111,18,106,131,102,133,115,79,101,25,115,129,92,125,85,114,114,119,120,43,19,100,95,73,0.25,0.417,0.583,120,99,40.5
New Mexico State,-11,56.25,3.002,54.75,2.5,0.3,-1.3,509,21.68676867,Tony Sanchez,Tyler Wright,Joe Morris,111,106,25,2.5,1,1.5,0.68,0.35,48,44.5,57.5,21.68676867,25.91,41,32,56.3,6.15,6.1,3.99,111,60,New Mexico State,New Mexico State,,300000,100000,1000000,,200000,100000,450000,,,o4.5,-140,Over,4.5,,,,,,,,,,,,,,,,,o4.5,-134,Over,4.5,,,,,,,,,CUSA,2500,,4000,,3300,,,2024,Conference USA,1.802707115,0.2870967742,-1.916410762,-0.006181970198,0.4177897574,0.9484873263,0.4511627907,36.26717014,0.08434225614,0.5795148248,1.760942742,0.2891566265,0.1042796566,0.3355795148,1.031562071,0.4279918864,0.009322481942,0.6644204852,0.0781671159,0.1253369272,0.2035040431,1.194,73.3,3.428571429,63,483,1.123255814,513,1.193023256,1383,3.215348837,0.1534883721,0.756097561,1.217128885,0.3814016173,30.5616181,0.04118816456,142,742,1.861062223,0.4148351648,141.1406117,0.3877489333,0.4853333333,1.085836243,0.4285714286,71.01426365,0.1844526329,0.5133333333,2.231575977,0.3130434783,141.1406117,0.4633152063,0.3066666667,1.227499612,0.4692307692,0.194893396,0.6933333333,0.06133333333,0.072,0.1333333333,-1.473,69.3,4.064102564,78,0,1.462337662,390,1.012987013,1210,3.143116883,0.1792207792,0.5862068966,1.456276506,0.4213333333,207.9070634,0.2772094179,140,750,120,97.5,125,125,116,100,51,39,39,56,41,53,84,80.5,103,107.5,122,114,125,119,116,108,120,120,81,108,132,94,130,22,93,92,53,79,115,132,132,134,12,12,30,121,116,79,131,6.5,62,89,51,42,28,93,67.5,105.5,98,110,22,120,129,65,91.5,114,66,132,91.5,119,120,86,119,72,103,93,72,110,64,125,81,132,0.25,0.417,0.727,120,99,8
Georgia State,-14.3,55.85,1.432,59.85,-3.5,-0.3,-0.2,377,25.08428907,Dell McGee,Jim Chaney,Kevin Sherrer,112,113,125,-3.5,-2,-1.5,0.47,0.16,112.5,100,123.5,25.08428907,26.51,50,65,55.9,2.95,3.21,2.07,112,120,Georgia State,Georgia State,,300000,100000,500000,,100000,100000,450000,,,o3.5,-110,Over,3.5,,,,,,,,,,,,,,,,,o3.5,-125,Over,3.5,,,,,,,,,SunBelt,4000,,4000,,5000,,,2024,Sun Belt,1.558960977,0.4,102.8690985,0.2212238676,0.5776397516,0.9717588825,0.4171597633,21.40380739,0.06332487394,0.4198757764,2.07455999,0.3097014925,0.3414865221,0.3329192547,1.044246987,0.4543761639,0.04138919395,0.6670807453,0.07453416149,0.1043478261,0.1788819876,1.416,69.4,3.850746269,67,530,1.568047337,375,1.109467456,988,2.923964497,0.1952662722,0.65,1.305763744,0.4062111801,113.7443851,0.1412973728,146,805,1.587254444,0.4594594595,117.8021658,0.3537602575,0.4183417085,0.9463702858,0.4880694143,97.95499402,0.212483718,0.5791457286,1.776612456,0.3722943723,117.8021658,0.4398926622,0.290201005,1.037652647,0.5168141593,0.1936185178,0.709798995,0.06155778894,0.07537688442,0.1369346734,-1.522,67.9,4.419753086,81,0,1.386117137,600,1.301518438,1565,3.394793926,0.1431670282,0.8,1.205775778,0.4748743719,211.0096676,0.265087522,144,796,88,85.5,96,93,94,39,115,100,89,111,67,105,35,70,93,73,38.5,48,103,82,112,101,109,100,69,101,64,73,52,119,101,105,92,68,14,80,62,87,71,38,45,118,118,124,40,113,115,124,122,125,125,85,67.5,120,120,122,15,112,125,64,110,113,119,66,110,115,105,126,11,127,116,117,121,51,7,121,117,68,0.25,0.2,0.546,120,131.5,54
Appalachian State,-8.8,55.8,1.852,66.9,-7.5,-0.7,-0.9,382,27.85206869,Dowell Loggains,,DJ Smith,113,98,105,-7.5,-6,-1.5,0.17,0.15,133,132,123.5,0,25.52,35,3,55.8,5.59,4.91,3.04,113.5,71,Appalachian State,App State,,100000,100000,100000,,100000,100000,90000,,,o5.5,-160,Over,5.5,,,,,,,,,,,,,,,,,o5.5,-167,Over,5.5,,,,,,,,,SunBelt,1600,,1800,,2000,,,2024,Sun Belt,1.75189501,0.4185463659,111.7582381,0.2800958349,0.5161707633,0.8800050474,0.4636118598,45.46105208,0.1225365285,0.4799482536,2.176247814,0.3731343284,0.4661802685,0.3467011643,0.9468726084,0.4732673267,0.04464921185,0.6532988357,0.08796895213,0.07050452781,0.1584734799,1.187,72.4,3.893939394,66,379,1.021563342,468,1.261455526,1175,3.167385445,0.1725067385,0.8139534884,1.309520162,0.4385510996,147.4841639,0.19079452,127,773,1.490089282,0.4646464646,104.0344204,0.3502842436,0.4304347826,1.033568851,0.5012787724,99.43171101,0.2543010512,0.5666666667,2.011221671,0.3224043716,104.0344204,0.3323998795,0.2652173913,1.052908135,0.5424063116,0.2662533373,0.7347826087,0.02463768116,0.09130434783,0.115942029,-1.333,71.3,4.777777778,63,0,1.685421995,498,1.273657289,1346,3.442455243,0.1381074169,0.7777777778,1.222191065,0.484057971,195.8196199,0.2837965506,128,690,104,131,66,74,55,34,15,66,46,91,23,73.5,97,105.5,96.5,68,105.5,118,64,10,130,119,108,82,118,119,14,6,21,93,76,82,35,112,43,49,55,65,16,3,6,123,112,129,46,99.5,118,127,89,121,91,112,67.5,21,132,61,64.5,132,92,134,130,130,128,78,130,89,89,97,62,121,125,120,128,96,13,118,118,34,0.455,0.4,0.2,83,104,134
Tulsa,-15.6,55.8,0.738,54.4,3,0,-0.6,272,25.77214987,Tre Lamb,Brad Robbins,Josh Reardon,114,119,135,3,0,3,0.61,0.43,42,67,36,25.77214987,24.08,12.5,79,55.8,2.63,3.85,1.96,113.5,125,Tulsa,Tulsa,,300000,100000,1000000,,400000,100000,,,,o3.5,140,Over,3.5,,,,,,,,,,,,,,,,,o3.5,115,Over,3.5,,,,,,,,,AAC,15000,,20000,,30000,,,2024,American Athletic,1.777641069,0.3348314607,59.51521878,0.1337420647,0.5074116306,0.9583679034,0.3837209302,24.55089614,0.0570951073,0.4903078677,2.157750274,0.2640264026,0.2422339529,0.3454960091,1.069996587,0.4076655052,0.01121457563,0.6545039909,0.06043329532,0.1174458381,0.1778791334,1.317,71.1,3.536231884,69,521,1.211627907,442,1.027906977,1291,3.001162791,0.1720930233,0.8,1.347131284,0.3580387685,79.83405415,0.09103084852,168,877,1.901207072,0.4668304668,219.5397929,0.5394098107,0.4874251497,1.276034547,0.3820754717,64.51582221,0.152159958,0.5077844311,2.28755164,0.3457249071,219.5397929,0.4969950173,0.3221556886,1.371446478,0.4575971731,0.2529889821,0.6778443114,0.03952095808,0.1113772455,0.1508982036,-1.443,70,4.697368421,76,0,2.011792453,490,1.155660377,1254,2.957075472,0.1981132075,0.7254901961,1.613485626,0.4215568862,276.8834236,0.3315969144,170,835,48.5,17,115,113,128,19,22.5,63,79,70,93,84,72,72,90,99,74,74,99,107,74,117,119,130,44,117,100,113,25,83,106,100,119,74,52,111,105,125,13,70,120,130,132,81,134,63,35,65,62,97,87.5,129,67.5,92.5,130,96.5,27,83,45,130,68,127,54,134,68,127,134,117,130,66,88,89,22,134,68,134,119,134,0.25,0.333,0.667,120,116.5,19.5
Rice,-15.8,55.7,3.096,61.6,-6,1.1,-1,318,22.84901437,Scott Abell,Vince Munch,Jon Kay,115,120,22,-6,-6,0,0.24,0.23,126,132,91,22.84901437,26.52,51,39,55.7,3.18,4.18,2.56,115.5,118,Rice,Rice,,300000,100000,500000,,200000,100000,450000,,,o3.5,-155,Over,3.5,,,,,,,,,,,,,,,,,o3.5,-177,Over,3.5,,,,,,,,,AAC,7500,,20000,,14000,,,2024,American Athletic,1.483726077,0.3536842105,45.81874997,0.09646052626,0.6176853056,1.054866241,0.397260274,14.55737773,0.04985403331,0.3797139142,1.812974374,0.276816609,0.1852255867,0.3758127438,1.110747622,0.425,0.003321122509,0.6241872562,0.09882964889,0.09622886866,0.1950585176,1.627,67.4,3.267605634,71,469,1.606164384,326,1.116438356,845,2.894863014,0.1712328767,0.84375,1.308557975,0.3693107932,55.12433336,0.0716831383,151,769,1.70130019,0.332361516,50.63487056,0.1476235293,0.4420103093,1.079280329,0.3912037037,63.01542064,0.1458690293,0.5567010309,2.064217234,0.2398523985,50.63487056,0.1853519455,0.3492268041,1.110882922,0.4316831683,0.1252843946,0.6507731959,0.05798969072,0.1108247423,0.168814433,-1.186,73.2,3.722222222,54,0,1.275462963,489,1.131944444,1315,3.044444444,0.1435185185,0.775862069,1.329846634,0.3646907216,113.4989965,0.1462615934,152,776,107,65,122,121,122,36,5,61,94,127,65,124,31,83,86,120,11.5,10,119,56,133,129,121,121,24,129,114,101,123,130,108,113,105,38,5,120,114,120,110,24,73,66,54,11,103,97,113,79,74,89,86,72,67.5,2,63.5,18,111,57,47,73,23,84,25,115,23,20,26,3,78,113,80,86,33,109,23,34,3,114,0.333,0.455,0.417,107,91,110
UMass,-23.9,55.7,1.438,54.9,-1.5,0.4,-0.1,323,20.85492665,#N/A,#N/A,#N/A,116,133,124,-1.5,0,-1.5,0.62,0.16,96.5,67,123.5,0,28.75,111,3,55.7,2.72,5.43,3.78,115.5,124,UMass,Massachusetts,,300000,,1000000,,100000,100000,450000,,,o4.5,150,Over,4.5,,,,,,,,,,,,,,,,,o3.5,-177,Over,3.5,,,,,,,,,MAC,6000,,7500,,10000,,,2024,FBS Independents,1.691781469,0.3710144928,70.79803898,0.2052117072,0.4345088161,0.9358757328,0.4241071429,53.80457299,0.1200994933,0.564231738,1.91710399,0.3038461538,0.2654811928,0.3274559194,1.01637323,0.4475655431,0.1023506685,0.6725440806,0.06171284635,0.1108312343,0.1725440806,1.097,74.6,3.73015873,63,463,1.033482143,458,1.022321429,1361,3.0375,0.1540178571,0.7285714286,1.240139677,0.4005037783,123.6803671,0.1557687243,133,794,1.673689496,0.4065934066,75.7743566,0.2775617458,0.3850493653,0.9777066498,0.5034642032,117.4488644,0.2712444905,0.610719323,2.077709192,0.2741116751,75.7743566,0.2464114828,0.2778561354,1.042630136,0.537109375,0.2670501116,0.7221438646,0.05782792666,0.08180535966,0.1396332863,-1.618,67.2,4.657894737,76,0,1.48960739,534,1.233256351,1528,3.527944573,0.1108545035,0.8909090909,1.212521531,0.4640338505,185.2727193,0.261315542,134,709,98.5,121.5,88,91,100,89,76,40,73,61,94,80,96,84.5,103,88,131,129,93,93,80,91,82,106,89,91,94,80,105,28,77,75,84,86,107,89,95,111,26,5,12,116,104,118,42,132,133,131,119,117,111,98,67.5,92.5,129,126.5,7,109,115,75,122,131,126,72,122,48,50,33,83,133,130,126,130,67,2,96,73,99,0.167,0.546,0.583,129.5,46,40.5
Florida International,-18,54.7,2.292,56,-3.5,2.5,-0.3,313,23.23750479,Willie Simmons,Nick Coleman,Jovan Dewitt,122.5,127,86,-3.5,-1,-2.5,0.53,0.1,112.5,85,133,23.23750479,28.13,94,45,54.7,3.77,5.43,3.75,122.5,109,Florida International,Florida International,,300000,100000,1000000,,100000,100000,450000,,,o5.5,110,Over,5.5,,,,,,,,,,,,,,,,,o5.5,105,Over,5.5,,,,,,,,,CUSA,1400,,1300,,1800,,,2024,Conference USA,1.662865354,0.4198250729,101.7877192,0.2967571987,0.4711538462,0.8968947911,0.3681462141,0.9163571598,0.002392577441,0.5260989011,2.038933464,0.2796610169,0.2980470379,0.3241758242,1.05637063,0.4451219512,0.06046859436,0.6758241758,0.0521978022,0.1085164835,0.1607142857,1.365,70.5,4.440677966,59,296,0.772845953,357,0.9321148825,966,2.521409922,0.2428198433,0.6,1.283911497,0.3914835165,100.0896494,0.1374857821,151,728,1.346962353,0.378746594,21.69296644,0.05910890039,0.4369047619,1.01974966,0.44397463,80.46718949,0.170120908,0.5630952381,1.840734175,0.2489451477,21.69296644,0.1142545474,0.2821428571,1.009558205,0.4809286899,0.1245138113,0.7178571429,0.04880952381,0.07142857143,0.1202380952,-1.548,68.1,3.486111111,72,0,1.063424947,480,1.014799154,1514,3.2,0.1501057082,0.7222222222,1.150072194,0.4154761905,102.1601559,0.1216192333,150,840,127,65,98,102,110,57,127,129,129,119,117,112.5,123,122,115.5,21,61.5,63,70,89,39,81,102,110,53,81,79,99,69,57,125,125,127,104,78,43,64,61,32,74.5,65.5,43,46,72,18,61,106,93,113,43,80,50,67.5,63.5,42,121,12,129,130,109,118,83,85,51,118,6,7,7,23,117,95,105,87,86,18,8,38,8,0.333,0.667,0.667,107,17,19.5
Florida Atlantic,-14.4,55.4,1.534,57.3,-5.5,1.6,0,311,25.39958956,Zach Kittley,,Brett Dewhurst,117.5,114,121,-5.5,-3,-2.5,0.4,0.09,123,106.5,133,25.39958956,27.07,65,69,55.4,3.7,3.94,2.16,117.5,110,Florida Atlantic,Florida Atlantic,,300000,100000,500000,,100000,100000,450000,,,o4.5,115,Over,4.5,,,,,,,,,,,,,,,,,o4.5,112,Over,4.5,,,,,,,,,AAC,10000,,10000,,14000,,,2024,American Athletic,1.588736026,0.3945945946,67.80291314,0.1832511166,0.4630788486,1.290609444,0.4075829384,93.15285244,0.2207413565,0.5281602003,2.062921954,0.3258426966,0.3932753628,0.3341677096,1.188164823,0.4342105263,0.06264067601,0.6658322904,0.05006257822,0.1182728411,0.1683354193,1.247,71.5,3.191780822,73,873,2.068720379,517,1.225118483,1344,3.183649289,0.1800947867,0.64,1.42748517,0.3979974969,138.3293615,0.173128112,146,799,1.783418455,0.3868421053,110.2641764,0.2901688852,0.4668304668,1.024235813,0.4372093023,63.32711569,0.1472723621,0.5282555283,2.139268221,0.3321167883,110.2641764,0.3839031922,0.3366093366,1.06575999,0.4518518519,0.1145254593,0.6633906634,0.06388206388,0.1007371007,0.1646191646,-1.334,70.7,3.722222222,72,0,1.706976744,518,1.204651163,1320,3.068604651,0.1790697674,0.8139534884,1.357369689,0.4115479115,167.0332227,0.2052005193,147,814,94.5,85.5,74,82,103,3,118,78,42,63,31,51.5,7,12,79,123,80,100,86,110,33,103,100,115,3,103,34,55,58,55,22,31,100,2,86,99,100,93,53,54,56.5,93,92,62,112,118,63,84,76,109,101,113,67.5,63.5,63.5,78,63,63,69,56,41,78,49,88,41,105,99,109,102,86,81,87,81,91,43,102,50,127,0.25,0.333,0.667,120,116.5,19.5
Nevada,-16.3,55.4,2.166,58.2,-4.5,1.9,-0.2,507,23.09131137,Jeff Choate,Matt Lubick,Kane Ioane,117.5,123,92.5,-4.5,-4.5,0,0.31,0.24,119,117,91,23.09131137,29.07,113,41,55.4,3.27,3.93,1.46,117.5,115,Nevada,Nevada,,300000,100000,500000,,200000,100000,450000,,,o3.5,-130,Over,3.5,,,,,,,,,,,,,,,,,o3.5,-121,Over,3.5,,,,,,,,,MWC,7500,,15000,,15000,,,2024,Mountain West,1.518546412,0.4336734694,102.579174,0.2616815662,0.4740024184,0.984926569,0.4677419355,76.63107895,0.1765693063,0.5247883918,2.081427728,0.3307692308,0.4347716042,0.3143893591,0.9724397175,0.5061728395,0.1135847013,0.6856106409,0.0592503023,0.1039903265,0.1632406288,1.158,73.6,3.880597015,67,680,1.566820276,549,1.264976959,1341,3.089170507,0.1566820276,0.7058823529,1.228131323,0.4510278114,177.4431427,0.2145624459,133,827,1.500208209,0.4369747899,74.81721693,0.2095720362,0.428057554,1.078616362,0.4947589099,129.3445513,0.2711625813,0.571942446,1.946426824,0.3902439024,74.81721693,0.4661138942,0.2949640288,1.019354618,0.5034013605,0.1522070582,0.7050359712,0.06594724221,0.07793764988,0.1438848921,-1.324,71.2,4.329113924,79,0,1.457023061,588,1.232704403,1538,3.223480084,0.1677148847,0.8055555556,1.246392709,0.4700239808,204.1617682,0.2447982832,135,834,73,121.5,53,57,37,93,90,42,58,64,22,36,36,44,93,70,125,122,76,81,71,69,72,33,106,69,24,48,46,60,44,51,29,62,75,58,63,49,94,69,13.5,113,114,121,55,117,82,98,121,116,123,92,67.5,112.5,114,64,73,99,122,51,106,96,107,56,106,121,48,131,40,124,129,133,126,107,12,62,100,40,0.231,0.5,0.462,127,66,92
New Mexico,-18.4,55.15,1.556,60.55,-6,0.5,-0.9,508,32.37542255,Jason Eck,Luke Schleusner,Spence Nowinsky,119,128,120,-6,-6,0,0.21,0.25,126,132,91,32.37542255,24.58,21,128,55.2,2.56,3.56,1.76,119,126,New Mexico,New Mexico,,300000,100000,1000000,,400000,100000,450000,,,o3.5,120,Over,3.5,,,,,,,,,,,,,,,,,o3.5,116,Over,3.5,,,,,,,,,MWC,15000,,20000,,15000,,,2024,Mountain West,1.425097718,0.4347826087,84.95630389,0.2308595214,0.4779220779,1.107215467,0.5286783042,148.6264361,0.3706394916,0.5207792208,1.87801913,0.3636363636,0.4749769157,0.2714285714,1.081134662,0.5276292335,0.2394595993,0.7285714286,0.06363636364,0.05194805195,0.1155844156,1.189,73.2,3.828947368,76,863,2.152119701,592,1.476309227,1524,3.801496259,0.114713217,0.8115942029,1.243939016,0.4831168831,233.6070106,0.3033857281,129,770,1.625466893,0.5055555556,183.5190654,0.5097751816,0.4534005038,0.9700868245,0.5046082949,87.86517467,0.2024543195,0.5465994962,2.224711336,0.3823529412,183.5190654,0.5376296122,0.2569269521,1.036397848,0.5474576271,0.2740810155,0.7430730479,0.05667506297,0.07871536524,0.1353904282,-1.354,71,4.636363636,77,0,1.582949309,509,1.17281106,1421,3.273732719,0.1566820276,0.71875,1.26754112,0.5050377834,271.3842401,0.3417937532,128,794,106,127.5,10,27,12,82,17,4,1,29,2,25,5,13,66,77,120.5,117,8,1,84,7,13,17,35,7,11,13,106,64,1,6,5,15,72,77,85,47,125,35,6,132,129,133,70,58.5,101,111,105,101,96,103,67.5,99,128,69.5,57,116,121,81,133,132,132,65,133,131,131,128,116,106,112,111,131,63,29,132,132,83,0.417,0.583,0.75,91.5,35,5.5
Western Michigan,-14.8,55.05,2.428,56.15,-0.5,-1.4,0.8,561,23.13853651,Lance Taylor,Walt Bell,Scott Power,120,117,72,-0.5,0.5,-1,0.65,0.17,84.5,56.5,113.5,23.13853651,28.58,107,44,55.1,3.87,5.29,3.7,120,108,Western Michigan,Western Michigan,,300000,100000,1000000,,200000,100000,90000,,,o4.5,-155,Over,4.5,,,,,,,,,,,,,,,,,o4.5,-162,Over,4.5,,,,,,,,,MAC,1400,,1400,,1400,,,2024,Mid-American,1.517605785,0.4496855346,98.35747344,0.3093002309,0.4374140303,1.132069402,0.4387254902,79.90538861,0.1958465407,0.5612104539,1.983192931,0.3236714976,0.3361807427,0.2847317744,1.124643623,0.4903846154,0.2003914286,0.7152682256,0.05639614856,0.09628610729,0.1526822558,1.462,68.7,4.105263158,76,767,1.879901961,430,1.053921569,1243,3.045588235,0.1862745098,0.7166666667,1.30328587,0.4429160935,173.7929566,0.2390549609,138,727,1.537029895,0.5030120482,150.6378239,0.4537283851,0.4261874198,1.010869157,0.4719101124,80.37659301,0.1806215573,0.5712451861,1.946649943,0.3271889401,150.6378239,0.326518541,0.2785622593,1.080896632,0.5444839858,0.2812698943,0.7214377407,0.0757381258,0.09756097561,0.1732991014,-1.279,71.9,4.375,80,0,1.471910112,506,1.137078652,1424,3.200898876,0.1595505618,0.7636363636,1.243943012,0.4839537869,228.928204,0.2938744596,135,779,128,111.5,30,58,46,41,81.5,90,72,82,84,88.5,13,28,66,44.5,24.5,34.5,47,58,57,17,26,51,17,17,66,59,88,30,35,45,72,9,106,41,69,32,95,27,13.5,125,122,128,54,88,95,94,106,90,94,94,67.5,117,119,43.5,87.5,51,79,19,120,133,130,95,120,86,124,103,41,123,100,104,110,81,11,127,131,51,0.462,0.385,0.539,77,107,61.5
UTEP,-16.1,54.85,1.85,52.65,1.5,0.8,-0.1,530,20.73291212,Scotty Walden,Jake Brown,J.J. Clark,121,122,106.5,1.5,1,0.5,0.68,0.27,59.5,44.5,77,20.73291212,25,24,24,54.9,3.94,4.96,3.52,121,106,UTEP,UTEP,,300000,100000,1000000,,400000,100000,450000,,,o5.5,130,Over,5.5,,,,,,,,,,,,,,,,,o5.5,120,Over,5.5,,,,,,,,,CUSA,1400,,1500,,1600,,,2024,Conference USA,1.454398577,0.365535248,50.65161529,0.1322496483,0.4811557789,0.9069610604,0.3838630807,16.02318496,0.03917649134,0.5138190955,2.096729501,0.2481751825,0.2366534513,0.3442211055,0.8883453329,0.438697318,-0.01426294845,0.6557788945,0.07286432161,0.1306532663,0.2035175879,1.208,72.9,2.811320755,53,201,0.4914425428,404,0.9877750611,1168,2.856723716,0.2102689487,0.6136363636,1.165012415,0.3731155779,57.39778656,0.07210777206,159,796,1.682168564,0.3890339426,72.24273425,0.188623327,0.4537914692,1.056791495,0.4186550976,43.66124959,0.09470986896,0.5462085308,2.071002278,0.2932862191,72.24273425,0.2658576915,0.3353080569,1.091547049,0.4616755793,0.07248887188,0.6646919431,0.05924170616,0.1232227488,0.182464455,-1.73,66,3.853658537,82,0,1.422993492,528,1.145336226,1358,2.946420824,0.1908893709,0.6071428571,1.329251096,0.4052132701,115.9039838,0.1373269951,160,844,96,35.5,121,120,120,123,125,112,99,94,105,98,134,134,127,132,115,108,126,124,108,116,123,111,131,116,104,123,40,66,113,109,118,101,69,113,108,115,116,77,102.5,56,58,54,102,11,46,61,92,93,109,86,67.5,122.5,76,133,1,41,21,68,44,55,56,104,44,56,43,57,81,105,56,63,61,101,30,51,54,105,0.25,0.417,0.5,120,99,76
Sam Houston,-5.2,54.7,2.5,59.6,-3.5,-2.6,1.2,902,21.5934192,Phil Longo,Zack Patterson,Freddie Aughtry-Lindsay,122.5,83,62,-3.5,-0.5,-3,0.55,0.08,112.5,77,135.5,21.5934192,27.68,80.5,30,54.7,,,,122.5,133,Sam Houston,Sam Houston,,200000,100000,200000,,200000,100000,,,,o4.5,-135,Over,4.5,,,,,,,,,,,,,,,,,o4.5,-155,Over,4.5,,,,,,,,,CUSA,1000,,1000,,1400,,,2024,Conference USA,1.511861252,0.386627907,49.82733326,0.144846899,0.4205378973,0.9084027652,0.3927813163,39.9356532,0.0847890726,0.575794621,1.930456649,0.256,0.158058519,0.3056234719,0.9668615453,0.4471830986,0.07259786026,0.6943765281,0.05745721271,0.1112469438,0.1687041565,1.474,69.2,3.315789474,76,488,1.036093418,486,1.031847134,1470,3.121868365,0.1507430998,0.6825396825,1.160792635,0.3887530562,80.75021438,0.09871664349,151,818,1.331592233,0.3695090439,13.54218764,0.03499273292,0.4819427148,0.7952440344,0.4685990338,63.87835612,0.1542955462,0.5155666252,1.848790236,0.2421875,13.54218764,0.2075121923,0.3188044832,0.8366183179,0.5027422303,0.04125407201,0.6811955168,0.06849315068,0.1183063512,0.1867995019,-1.29,71.9,3.484848485,66,0,0.7028985507,447,1.079710145,1388,3.352657005,0.1280193237,0.7368421053,1.022833923,0.4196762142,75.68909861,0.09425790612,145,803,78,65,112,112,113,126,103,34,54,40,91,65,94,79,66,119,32,30,87,96,66,54,95,108,109,54,123,120,99,24,92,89,108,100,111,105,111,102,99,41,50,26,22,75,1,70,126,119,98,68,57,8,67.5,33.5,40,43.5,82,34,28,38.5,75,40,105,1,75,36,3,4,24,75,89,88,108,5,60,3,26,5,0.769,0.539,0.308,21,51.5,129
Akron,-19.3,53.95,1.144,53.55,1,0.4,-1,328,20.88908259,Joe Moorhead,Joe Moorhead,Tim Tibesar,124,130,131,1,2,-1,0.73,0.17,66,29,113.5,20.88908259,26.86,60,25,54,3.47,5.07,3.53,124,113.5,Akron,Akron,,,,,,,,450000,,,o4.5,140,Over,4.5,,,,,,,,,,,,,,,,,o4.5,125,Over,4.5,,,,,,,,,Independent,,,,,,,,2024,Mid-American,1.578019928,0.3566591422,45.9452179,0.1037138102,0.5768229167,0.9387764213,0.4388714734,15.23829816,0.04776895975,0.4153645833,2.186475287,0.2546816479,0.1088527476,0.34765625,1.009024035,0.4590818363,0.03977458351,0.65234375,0.06510416667,0.1015625,0.1666666667,1.14,73.6,3.263157895,57,371,1.163009404,334,1.047021944,908,2.845454545,0.1912225705,0.7837837838,1.277704187,0.3880208333,48.99074994,0.06379003898,149,768,1.513091235,0.4848484848,134.4686279,0.3704369914,0.4448529412,0.9767905558,0.4190687361,47.45367335,0.1052187879,0.5526960784,2.025175614,0.3656387665,134.4686279,0.464088101,0.2781862745,1.002935803,0.4787775891,0.1135287518,0.7218137255,0.05392156863,0.08946078431,0.1433823529,-1.339,71.1,4.192307692,78,0,1.525498891,467,1.035476718,1332,2.953436807,0.1951219512,0.6571428571,1.235390335,0.4473039216,172.2164337,0.2110495511,148,816,108.5,73,124,123,114,67,28,96,101,124,86,121,77,107,122,121,125,125,83,77,91,120,110,93,93,120,131,121,18,122,109,110,71,83,16,117,113,118,60,55.5,60,95,95,105,52,28,39,63,83.5,53,73.5,99,67.5,105.5,108,67,61,101,100,90,121,76,80,48,121,120,116,124,66,109,66,68,62,66,26,123,127,44,0.333,0.5,0.667,107,66,19.5
Central Michigan,-14.8,53.35,2.106,54.15,-1,-0.1,-1.7,329,21.17929148,Matt Drinkall,Jim Chapin,Sean Cronin,125,117,96,-1,-1,0,0.54,0.23,90.5,85,91,21.17929148,28.28,101.5,28,53.4,4.5,4.51,4.07,125,94,,,,,,,,,,,,,,,,,,,,,,,,,,,,,,,,,,,,,,,,,,,,,,,,,,,,,,,,,,,,,,,,,,,,,,,,,,,,,,,,,,,,,,,,,,,,,,,,,,,,,,,,,,,,,,,,,,,,,,,,,,,,,,,,,,,,,,,,,,,,,,,,,,,,,,,,,,,,,,,,,,,,,,,,,,,,,,,,,,,,,,,,,,,,,,,,,,,,,,,,,,,,,,,,,,,,0.333,0.455,0.546,107,91,54
Arkansas State,-9.9,53.2,2.388,59.1,-2,-4.1,0.2,381,25.76489279,Butch Jones,Keith Heckendorf,Rob Harley,126,100,75,-2,-0.5,-1.5,0.57,0.15,101.5,77,123.5,25.76489279,24.37,17,78,53.2,4.33,3.67,2.19,126,101,Arkansas State,Arkansas State,,300000,100000,500000,,100000,100000,450000,,,o5.5,155,Over,5.5,,,,,,,,,,,,,,,,,o5,125,Over,5,,,,,,,,,SunBelt,2200,,2200,,2200,,,2024,Sun Belt,1.526233405,0.3983050847,99.85860494,0.211564841,0.5130434783,0.8747351129,0.4263392857,50.46405869,0.1126429881,0.4869565217,1.978136925,0.3204225352,0.3819880637,0.3086956522,0.9513743977,0.4528301887,0.06578310306,0.6913043478,0.075,0.08913043478,0.1641304348,1.206,72.4,3.960526316,76,542,1.209821429,466,1.040178571,1373,3.064732143,0.1584821429,0.7454545455,1.19790577,0.4119565217,150.3226636,0.1633941996,152,920,1.642947134,0.4497487437,139.476775,0.3504441582,0.4665885111,1.028812158,0.513215859,129.3052894,0.2848134128,0.5322391559,2.217206315,0.3238866397,139.476775,0.5095188657,0.2895662368,1.073567062,0.5478547855,0.2295708807,0.7104337632,0.05744431419,0.09495896835,0.1524032825,-1.186,73,4.62195122,82,0,1.832599119,638,1.405286344,1575,3.469162996,0.1519823789,0.734375,1.295632936,0.4830011723,264.9711135,0.3106343652,155,853,22.5,59,82,73,89,108,59,44,68,60,89,76,73,68,66,61,105.5,109,78,43,113,59,97,101,115,59,39,63,92,87,82,78,82,114,46,85,67,90,87,81.5,84,128,128,127,87,67,103,128,124,133,132,121,67.5,122.5,127,22,111,80,85,77,111,122,133,92,111,128,118,100.5,114,92,133,132,133,95,42,119,112,90,0.615,0.462,0.539,50,82.5,61.5
Middle Tennessee,-16.4,53.05,2.438,53.25,1.5,-0.8,-0.9,307,20.65260865,Derek Mason,Bodie Reeder,Brian Stewart,127,124.5,70,1.5,0.5,1,0.64,0.3,59.5,56.5,68,20.65260865,28.51,105,23,53.1,4.19,5.31,3.7,127,103,Middle Tennessee,Middle Tennessee,,300000,100000,1000000,,200000,100000,450000,,,o4.5,-150,Over,4.5,,,,,,,,,,,,,,,,,o5.5,120,Over,5.5,,,,,,,,,CUSA,1800,,1500,,1400,,,2024,Conference USA,1.490816674,0.4031180401,83.81230761,0.1866643822,0.5986666667,0.9496308815,0.3846153846,7.345924515,0.02456830942,0.3986666667,1.791877785,0.2489795918,0.1333846521,0.3266666667,1.147833296,0.4653465347,0.1078462417,0.6733333333,0.07333333333,0.112,0.1853333333,1.063,74.8,3,58,282,0.9431438127,305,1.02006689,836,2.795317726,0.2307692308,0.55,1.28055868,0.3946666667,87.14159183,0.1161887891,134,750,1.672300694,0.4985915493,176.9448178,0.4984361064,0.4459798995,0.9651232409,0.4829931973,75.41397375,0.1710067432,0.5540201005,2.322618356,0.3424657534,176.9448178,0.5348810646,0.2751256281,1.039276497,0.5459272097,0.2343498066,0.7248743719,0.05150753769,0.08793969849,0.1394472362,-1.424,70,4.61038961,77,0,1.600907029,523,1.185941043,1365,3.09569161,0.1859410431,0.7,1.286073008,0.4899497487,252.3587915,0.3170336577,137,796,117,119,107,109,106,62,134,126,108,129,95,126,109,127,119,129,133,133,110,99,109,89,79,88,10,89,127,122,126,127,117,119,115,78,10,96,86,83,106,38,18.5,129,127,130,81,48,49,87,96,104,106,105,67.5,99,126,96.5,32,111,103,101,125,124,131,67,125,130,129,115,133,110,96,97,118,61,27,131,128,98,0.25,0.25,0.5,120,127,76
Charlotte,-19.4,52.6,1.352,55.9,-3,-1.4,-0.9,306,21.98477953,Tim Albin,Todd Fitch,Nate Faanes,128,131,127,-3,-4.5,1.5,0.31,0.33,108.5,117,57.5,21.98477953,27.73,83.5,34,52.6,1.76,3.27,1.55,128,130,Charlotte,Charlotte,,300000,100000,500000,,100000,100000,450000,,,o2.5,-160,Over,2.5,,,,,,,,,,,,,,,,,o2.5,-150,Over,2.5,,,,,,,,,AAC,15000,,30000,,30000,,,2024,American Athletic,1.868498744,0.3404255319,29.75861863,0.07914526231,0.5143638851,1.092842591,0.3892045455,28.07251267,0.07975145644,0.4815321477,2.29078347,0.2713178295,0.1889295719,0.3529411765,1.171961186,0.4122621564,0.01189257743,0.6470588235,0.0560875513,0.1149110807,0.170998632,1.145,73.9,3.9,60,458,1.301136364,377,1.071022727,952,2.705397727,0.2159090909,0.6923076923,1.467499148,0.3625170999,54.36901867,0.07437622254,146,731,1.76524055,0.4084507042,94.89140291,0.2672997265,0.4323995128,0.9757164838,0.4731182796,87.60777034,0.1884038072,0.5663824604,2.300305973,0.3294117647,94.89140291,0.4817716914,0.3105968331,0.9871594462,0.4964664311,0.09874189321,0.6894031669,0.06455542022,0.08160779537,0.1461632156,-1.609,67.5,3.869047619,84,0,1.666666667,612,1.316129032,1523,3.27483871,0.1591397849,0.6774193548,1.289363031,0.4445797808,178.7396929,0.2177097355,139,821,126,85.5,119,122,125,2,96,119,117,121,80,104,63,86,112,67,129,124,89,103,55,123,118,126,4,123,112,110,7,90,95,96,110,26,45,126,124,123,8,59,25.5,99,99,103,85,34,96,112,116,127,129,111,67.5,125,80,124,9,89,116,55,85,67,102,44,85,126,74,104,131,119,105,110,112,65,15,94,74,125,0.417,0.5,0.667,91.5,66,19.5
Eastern Michigan,-14.2,52.5,1.85,54.1,-1,-0.4,-0.2,331,25.65134535,Chris Creighton,Mike Piatkowski,Ben Needham,129,112,106.5,-1,-1,0,0.54,0.25,90.5,85,91,25.65134535,25.09,27,75,52.5,4.87,4.56,3.31,129,87,Eastern Michigan,Eastern Michigan,,300000,100000,1000000,,100000,100000,90000,,,o4.5,-110,Over,4.5,,,,,,,,,,,,,,,,,o4.5,-118,Over,4.5,,,,,,,,,MAC,2500,,3000,,2900,,,2024,Mid-American,1.488465123,0.4088785047,61.95372883,0.1447517029,0.5175332527,0.8369508299,0.4195979899,1.412777594,0.003549692446,0.4812575574,2.023227916,0.3257575758,0.3350923579,0.3192261185,0.8838069699,0.4547069272,-0.0479775933,0.6807738815,0.08222490931,0.1088270859,0.1910519952,1.363,70.8,3.473684211,76,387,0.972361809,364,0.9145728643,1159,2.912311558,0.1783919598,0.5675675676,1.170328026,0.4135429262,61.45299747,0.07430834035,140,827,1.673730018,0.4480519481,102.6092289,0.3331468472,0.4603886398,0.9051566066,0.4369747899,28.10794255,0.07873373263,0.533632287,1.835890027,0.3421052632,102.6092289,0.3300719598,0.2840059791,1.104132408,0.4780793319,0.1137832106,0.7159940209,0.04932735426,0.1375186846,0.1868460389,-1.376,70.4,3.485714286,70,0,1.711484594,439,1.229691877,1079,3.021848739,0.1764705882,0.6086956522,1.265915555,0.4394618834,117.2158302,0.1752105085,137,669,73,102.5,120,118,87,120,131,75,91,95,121,108,104,102,66,104,67.5,64.5,113,90,126.5,73,126,98,132,73,67,57,78,91,124,124,89,125,42,106,103,74,108,1,18.5,86,61,97,69,12,67,74,23,115,49,116,67.5,51,41,83.5,47,33,8,108,116,77,78,112,116,88,86,114,21,95,45,40,79,32,36,111,110,100,0.417,0.583,0.5,91.5,35,76
Temple,-16.4,51.75,3.52,52.05,-0.5,0.2,-1,276,19.46713027,KC Keeler,Tyler Walker,Brian L Smith,130,124.5,6,-0.5,0.5,-1,0.63,0.19,84.5,56.5,113.5,19.46713027,27.28,71.5,17,51.8,2.79,2.79,1.44,130,122,Temple,Temple,,300000,100000,1000000,,200000,100000,450000,,,o3.5,100,Over,3.5,,,,,,,,,,,,,,,,,o3.5,115,Over,3.5,,,,,,,,,AAC,15000,,40000,,30000,,,2024,American Athletic,1.619157086,0.3310344828,42.05800704,0.09668507366,0.5527318933,0.9317703923,0.3218390805,-18.54199571,-0.05328159686,0.4421855146,2.0434416,0.2247557003,0.1506330152,0.3900889454,1.050906064,0.3895833333,-0.06851019703,0.6099110546,0.07115628971,0.1296060991,0.2007623888,1.29,71.8,3.566037736,53,443,1.272988506,293,0.841954023,891,2.560057471,0.2068965517,0.7297297297,1.318425408,0.3252858958,13.35944108,0.01697514749,163,787,1.621603674,0.3885542169,85.69921669,0.2581301708,0.4103831891,1.1608857,0.4282700422,107.4045462,0.2265918697,0.585908529,2.007877329,0.2886178862,85.69921669,0.2976018822,0.30407911,1.158189198,0.4635879218,0.1918563937,0.69592089,0.05067985167,0.07292954265,0.1236093943,-1.543,68.2,4.175675676,74,0,1.930379747,521,1.099156118,1531,3.229113924,0.1434599156,0.7948717949,1.339899611,0.4103831891,181.2252127,0.2240113877,158,809,102,25.5,129,129,132,31,75,107,127,125,129,129,67,89,127,97,87,81,124,123,104,132,129,132,60,132,125,131,66,112,130,130,133,88,24,119,115,126,45,48,98,104,102,61,106,108.5,114,99,120,78,103,123,67.5,78.5,106,119.5,14,127,127,106,97,111,57,126,97,68,65,50,59,129,120,124,71,125,5,87,52,81,0.25,0.5,0.5,120,66,76
Southern Miss,-17.7,50.65,2.364,50.75,-0.5,0.3,-1.9,315,17.13196728,Will Hall,Blake Anderson,Charles Huff,131,126,78.5,-0.5,-1.5,1,0.5,0.31,84.5,93,68,17.13196728,27.04,64,10,50.7,2.73,2.9,1.69,131,123,Southern Miss,Southern Miss,,300000,100000,500000,,400000,100000,90000,,,o4.5,-185,Over,4.5,,,,,,,,,,,,,,,,,o5,-125,Over,5,,,,,,,,,SunBelt,1800,,1600,,1000,,,2024,Sun Belt,1.690095668,0.2926136364,-24.49061262,-0.06957560403,0.4895688456,1.007338862,0.3907103825,14.30660531,0.03908908555,0.5090403338,2.064952733,0.2287822878,0.09631245324,0.3769123783,1.033164357,0.4107142857,-0.08706573256,0.6230876217,0.08066759388,0.1794158554,0.2600834492,1.136,73.5,2.754716981,53,368,1.005464481,415,1.133879781,913,2.495628415,0.2677595628,0.619047619,1.293208582,0.3421418637,-12.90477336,-0.01794822442,146,719,1.714219954,0.4384384384,118.5691313,0.3560634573,0.425831202,1.180198275,0.4610244989,123.1984267,0.2743840238,0.574168798,2.189057431,0.3360655738,118.5691313,0.4709761916,0.3120204604,1.162636335,0.5037174721,0.235779493,0.6879795396,0.04731457801,0.09590792839,0.1432225064,-1.718,65.5,4.172413793,87,0,2.300668151,616,1.371937639,1469,3.271492205,0.1804008909,0.74,1.401068431,0.4514066496,241.767558,0.3091656751,144,782,130,85.5,133,133,131,49,123,134,131,123,57,92,101,108,127,133,123,126,133,133,122,130,132,128,79,130,133,129,56,70,114,114,109,50,64,134,134,132,27,28.5,45,126,126,108,119,71,61,110,111,132,130,134,67.5,130,104,134,2,102,83,113,82,125,108,129,82,123,108,112,109,125,131,129,102,128,10,122,103,116,0.083,0.333,0.417,132.5,116.5,110
Missouri State,,50.2,2.5,,6.5,,,,,#N/A,#N/A,#N/A,132,135,62,6.5,2.5,4,0.76,0.56,17.5,23,15,,,,,50.2,,,,132,134,Missouri State,Missouri State,,,,,,,,,,,,,,,,,,,,,,,,,,,,,,,o4.5,-106,Over,4.5,,,,,,,,,Independent,,,,,,,,,,,,,,,,,,,,,,,,,,,,,,,,,,,,,,,,,,,,,,,,,,,,,,,,,,,,,,,,,,,,,,,,,,,,,,,,,,,,,,,,,,,,,,,,,,,,,,,,,,,,,,,,,,,,,,,,,,,,,,,,,,,,,,,,,,,,,,,,,,,,,,,,,,,,,,,,,,,,,,,0,0,1,134.5,135,1
Delaware,,48.5,2.5,,3,,,,,#N/A,#N/A,#N/A,133,136,62,3,-1,4,0.54,0.76,42,85,15,,,,,48.5,,,,133,135,Delaware,Delaware,,,,,,,,,,,,,,,,,,,,,,,,,,,,,,,o4.5,-139,Over,4.5,,,,,,,,,Independent,,,,,,,,,,,,,,,,,,,,,,,,,,,,,,,,,,,,,,,,,,,,,,,,,,,,,,,,,,,,,,,,,,,,,,,,,,,,,,,,,,,,,,,,,,,,,,,,,,,,,,,,,,,,,,,,,,,,,,,,,,,,,,,,,,,,,,,,,,,,,,,,,,,,,,,,,,,,,,,,,,,,,,,0,0,0,0,0,0
Kennesaw State,-19,48.2,2.5,47.6,2,-0.8,-0.6,996,15.35920568,Jerry Mack,Mitch Militello,Marc Matioli,134,129,62,2,-1.5,3.5,0.5,0.47,53.5,93,31.5,15.35920568,28.23,100,7,48.2,,,,134,136,Kennesaw State,Kennesaw State,,300000,100000,1000000,,200000,100000,,,,o3.5,-160,Over,3.5,,,,,,,,,,,,,,,,,o3.5,-167,Over,3.5,,,,,,,,,CUSA,3300,,5000,,4000,,,2024,Conference USA,1.582552486,0.3147540984,-12.99033993,-0.04259127845,0.4149659864,1.006696885,0.3177570093,-14.81440483,-0.03461309541,0.5823129252,2.06710664,0.2158273381,0.1228177752,0.3782312925,0.9581942823,0.3763676149,-0.1402439438,0.6217687075,0.0462585034,0.1197278912,0.1659863946,1.337,71.1,3.5,42,315,0.7359813084,294,0.6869158879,955,2.230841121,0.2313084112,0.7714285714,1.244981961,0.3156462585,-29.94814083,-0.04074576983,144,735,1.339961156,0.4784946237,102.7695472,0.2762622236,0.4592592593,1.027928161,0.4508009153,73.9845631,0.1693010597,0.5395061728,2.019826991,0.3,102.7695472,0.3158336856,0.2592592593,1.005659721,0.52,0.1807011936,0.7407407407,0.04567901235,0.09012345679,0.1358024691,-1.344,70.8,4.150684932,73,0,1.441647597,491,1.123569794,1336,3.057437071,0.1945080092,0.75,1.176039822,0.462962963,174.7457901,0.2157355433,151,810,124,92.5,134,134,133,81,33.5,127,134,120,134,128,127,118,134,102,74,70,81,112,19,131,134,134,113,131,128,132,54,18,127,129,134,51,118,133,133,129,59,49.5,69,97,96,117,22,80,41,82,86,86,89.5,89,67.5,70.5,102,75,59,114,97,120,132,107,121,50,132,80,87,66.5,64,101,94,96,95,93,35,95,124,7,0.167,0.417,0.333,129.5,99,125
Ball State,-21.2,47.3,2.282,53,-6,0.1,0.2,332,21.66071755,Mike Uremovich,Craig Harmon,Jeff Knowles,135,132,87,-6,-6,0,0.23,0.24,126,132,91,21.66071755,27.46,75,31,47.3,2.29,2.91,2.01,135,127,Ball State,Ball State,,300000,100000,1000000,,400000,100000,450000,,,o3.5,-115,Over,3.5,,,,,,,,,,,,,,,,,o3.5,-130,Over,3.5,,,,,,,,,MAC,6000,,7500,,6600,,,2024,Mid-American,1.531654116,0.4030172414,75.53637994,0.1627939223,0.5771144279,0.8566306264,0.4268656716,24.8508688,0.07418169791,0.4166666667,2.18827965,0.2744360902,0.2472126479,0.3308457711,0.9695450772,0.4776951673,0.05233144938,0.6691542289,0.08084577114,0.1119402985,0.1927860697,1.42,69.7,3.938461538,65,285,0.8507462687,301,0.8985074627,1002,2.991641791,0.1402985075,0.7674418605,1.239143937,0.4104477612,93.9128841,0.1168070698,140,804,1.759561097,0.4811083123,186.2952387,0.4692575281,0.5057324841,1.127523169,0.4673629243,97.68599129,0.2550548075,0.4878980892,2.259884897,0.4032258065,186.2952387,0.599207965,0.3159235669,1.155238248,0.5027932961,0.2338287133,0.6840764331,0.04713375796,0.08662420382,0.1337579618,-1.513,68.7,4.8125,80,0,1.937336815,417,1.088772846,1248,3.258224543,0.1618798956,0.7450980392,1.453791397,0.4713375796,274.1695944,0.3492606298,143,785,89.5,102.5,106,105,90,91,39,19,81,109,123,127,118,126,98,63,44.5,46.5,116,98,123,99,104,76,107,99,97,105,17,121,98,99,81,122,15,102,93,84,83,32,39.5,133,131,122,130,76.5,92,108,61,73,42,124,67.5,117,133,116.5,17,118,105,115,78,123,106,125,78,133,132,133,123,42,126,116,107,122,87,128,125,123,0.25,0.583,0.818,120,35,2
Kent State,-24.9,44.95,1.466,42.75,2.5,0.6,-0.9,326,13.44405489,Kenni Burns,Mark Carney,Kody Morgan,136,134,123,2.5,0.5,2,0.63,0.37,48,56.5,48.5,13.44405489,28.38,104,6,45,2.22,2.57,1.61,136,128,Kent State,Kent State,,300000,100000,1000000,,200000,100000,450000,,,o1.5,-190,Over,1.5,,,,,,,,,,,,,,,,,o1.5,-190,Over,1.5,,,,,,,,,MAC,30000,,30000,,30000,,,2024,Mid-American,2.002223483,0.2915254237,36.5836458,0.1240123586,0.4812398042,0.9111361855,0.3258064516,-22.0845324,-0.0712404271,0.5057096248,2.560951822,0.1902834008,0.1095133333,0.4029363785,1.027508848,0.3825136612,-0.08606263288,0.5970636215,0.08482871126,0.1908646003,0.2756933116,1.19,72.8,2.886363636,44,231,0.7451612903,277,0.8935483871,808,2.606129032,0.2193548387,0.6296296296,1.412919649,0.3050570962,-4.449130317,-0.007257961365,141,613,1.5143056,0.5,145.4720556,0.4253568878,0.4135429262,1.121240058,0.4907216495,133.3750869,0.2750001792,0.5864570738,1.894808146,0.3832599119,145.4720556,0.4609331992,0.2744860943,1.120972306,0.5366666667,0.2903588439,0.7255139057,0.04111245466,0.08222490931,0.123337364,-1.686,66.8,4.336538462,104,0,1.977319588,689,1.420618557,1738,3.583092784,0.1195876289,0.7647058824,1.285577974,0.4945586457,278.8471425,0.3371791324,142,827,134,100,132,132,134,4,121,121,123,131,124,132,126,132,133,130,111.5,116,134,134,129,134,130,133,85,134,130,134,1,73,132,132,132,97,68,115,120,133,2,62.5,35.5,131,133,131,80,89.5,130,133,132,134,133,127,67.5,134,115,129.5,3,128,112,127,127,134,125,117,127,118,122,129,30,130,132,134,123,120,6,126,129.5,45,0,0.25,0.5,134.5,127,76
,,,,,,,,,,,,,137,137,137,,,,,,,,,,,135,135,,,,,137,137,,,,,,,,,,,,,,,,,,,,,,,,,,,,,,,,,,,,,,,,,,,,,,,,,,,,,,,,,,,,,,,,,,,,,,,,,,,,,,,,,,,,,,,,,,,,,,,,,,,,,,,,,,,,,,,,,,,,,,,,,,,,,,,,,,,,,,,,,,,,,,,,,,,,,,,,,,,,,,,,,,,,,,,,,,,,,,,,,,,,,,,,,,,,,,,,,,,,,,,,,,,,,,,,,,,,,,,,,
,,,,,,,,,,,,,137,137,137,,,,,,,,,,,136,136,,,,,138,138,,,,,,,,,,,,,,,,,,,,,,,,,,,,,,,,,,,,,,,,,,,,,,,,,,,,,,,,,,,,,,,,,,,,,,,,,,,,,,,,,,,,,,,,,,,,,,,,,,,,,,,,,,,,,,,,,,,,,,,,,,,,,,,,,,,,,,,,,,,,,,,,,,,,,,,,,,,,,,,,,,,,,,,,,,,,,,,,,,,,,,,,,,,,,,,,,,,,,,,,,,,,,,,,,,,,,,,,,
,,,,,,,,,,,,,137,137,137,,,,,,,,,,,137,137,,,,,139,139,,,,,,,,,,,,,,,,,,,,,,,,,,,,,,,,,,,,,,,,,,,,,,,,,,,,,,,,,,,,,,,,,,,,,,,,,,,,,,,,,,,,,,,,,,,,,,,,,,,,,,,,,,,,,,,,,,,,,,,,,,,,,,,,,,,,,,,,,,,,,,,,,,,,,,,,,,,,,,,,,,,,,,,,,,,,,,,,,,,,,,,,,,,,,,,,,,,,,,,,,,,,,,,,,,,,,,,,,