"","X","season","Team","conference","off_plays","off_drives","off_ppa","off_total_ppa","off_success_rate","off_explosiveness","off_power_success","off_stuff_rate","off_line_yds","off_line_yds_total","off_second_lvl_yds","off_second_lvl_yds_total","off_open_field_yds","off_open_field_yds_total","off_total_opportunities","off_pts_per_opp","off_field_pos_avg_start","off_field_pos_avg_predicted_points","off_havoc_total","off_havoc_front_seven","off_havoc_db","off_standard_downs_rate","off_standard_downs_ppa","off_standard_downs_success_rate","off_standard_downs_explosiveness","off_passing_downs_rate","off_passing_downs_ppa","off_passing_downs_success_rate","off_passing_downs_explosiveness","off_rushing_plays_rate","off_rushing_plays_ppa","off_rushing_plays_total_ppa","off_rushing_plays_success_rate","off_rushing_plays_explosiveness","off_passing_plays_rate","off_passing_plays_ppa","off_passing_plays_total_ppa","off_passing_plays_success_rate","off_passing_plays_explosiveness","def_plays","def_drives","def_ppa","def_total_ppa","def_success_rate","def_explosiveness","def_power_success","def_stuff_rate","def_line_yds","def_line_yds_total","def_second_lvl_yds","def_second_lvl_yds_total","def_open_field_yds","def_open_field_yds_total","def_total_opportunities","def_pts_per_opp","def_field_pos_avg_start","def_field_pos_avg_predicted_points","def_havoc_total","def_havoc_front_seven","def_havoc_db","def_standard_downs_rate","def_standard_downs_ppa","def_standard_downs_success_rate","def_standard_downs_explosiveness","def_passing_downs_rate","def_passing_downs_ppa","def_passing_downs_total_ppa","def_passing_downs_success_rate","def_passing_downs_explosiveness","def_rushing_plays_rate","def_rushing_plays_ppa","def_rushing_plays_total_ppa","def_rushing_plays_success_rate","def_rushing_plays_explosiveness","def_passing_plays_rate","def_passing_plays_ppa","def_passing_plays_total_ppa","def_passing_plays_success_rate","def_passing_plays_explosiveness","rank_off_plays","rank_off_drives","rank_off_ppa","rank_off_total_ppa","rank_off_success_rate","rank_off_explosiveness","rank_off_power_success","rank_off_stuff_rate","rank_off_line_yds","rank_off_line_yds_total","rank_off_second_lvl_yds","rank_off_second_lvl_yds_total","rank_off_open_field_yds","rank_off_open_field_yds_total","rank_off_total_opportunities","rank_off_pts_per_opp","rank_off_field_pos_avg_start","rank_off_field_pos_avg_predicted_points","rank_off_havoc_total","rank_off_havoc_front_seven","rank_off_havoc_db","rank_off_standard_downs_rate","rank_off_standard_downs_ppa","rank_off_standard_downs_success_rate","rank_off_standard_downs_explosiveness","rank_off_passing_downs_rate","rank_off_passing_downs_ppa","rank_off_passing_downs_success_rate","rank_off_passing_downs_explosiveness","rank_off_rushing_plays_rate","rank_off_rushing_plays_ppa","rank_off_rushing_plays_total_ppa","rank_off_rushing_plays_success_rate","rank_off_rushing_plays_explosiveness","rank_off_passing_plays_rate","rank_off_passing_plays_ppa","rank_off_passing_plays_total_ppa","rank_off_passing_plays_success_rate","rank_off_passing_plays_explosiveness","rank_def_plays","rank_def_drives","rank_def_ppa","rank_def_total_ppa","rank_def_success_rate","rank_def_explosiveness","rank_def_power_success","rank_def_stuff_rate","rank_def_line_yds","rank_def_line_yds_total","rank_def_second_lvl_yds","rank_def_second_lvl_yds_total","rank_def_open_field_yds","rank_def_open_field_yds_total","rank_def_total_opportunities","rank_def_pts_per_opp","rank_def_field_pos_avg_start","rank_def_field_pos_avg_predicted_points","rank_def_havoc_total","rank_def_havoc_front_seven","rank_def_havoc_db","rank_def_standard_downs_rate","rank_def_standard_downs_ppa","rank_def_standard_downs_success_rate","rank_def_standard_downs_explosiveness","rank_def_passing_downs_rate","rank_def_passing_downs_ppa","rank_def_passing_downs_total_ppa","rank_def_passing_downs_success_rate","rank_def_passing_downs_explosiveness","rank_def_rushing_plays_rate","rank_def_rushing_plays_ppa","rank_def_rushing_plays_total_ppa","rank_def_rushing_plays_success_rate","rank_def_rushing_plays_explosiveness","rank_def_passing_plays_rate","rank_def_passing_plays_ppa","rank_def_passing_plays_success_rate","rank_def_passing_plays_explosiveness","TAN24","SP","HFACW","rank_TAN24","rank_SP","rank_HFACW","Conference","NetRP","OffAdjust","DefAdj","RPOffense","PassYds","RecYds","OLSnaps","RushYds","RPDefense","Tackles","PassDef","Pressure","Stops","rank_NetRP","rank_OffAdjust","rank_DefAdj","rank_RPOffense","rank_PassYds","rank_RecYds","rank_OLSnaps","rank_RushYds","rank_RPDefense","rank_Tackles","rank_PassDef","rank_Pressure","rank_Stops","SPP","Tempo","rank_SPP","rank_Tempo","SP._WIN","TAN_WIN","TAN_CONF","rank_TAN_WIN","rank_SP_WIN","logo","color","alt_color","mascot","CZRConfChampionshipOdds","DKConfChampionshipOdds","FDConfChampionshipOdds","MGMConfChampionshipOdds","CZRChampionshipOdds","DKChampionshipOdds","FDChampionshipOdds","MGMChampionshipOdds","CZROverTotal","CZROverOdds","DKOverTotal","DKOverOdds","FDOverTotal","FDOverOdds","MGMOverTotal","MGMOverOdds","X2022_WL_Percent","X2022_ATS_Percent","X2022_OU_Percent","Rank_2022_WL_Percent","Rank_2022_ATS_Percent","Rank_2022_OU_Percent"
"1",1,2023,"Air Force","Mountain West",809,137,0.280547635844103,226.963037397879,0.458590852904821,1.16579711882934,0.795180722891566,0.100719424460432,3.46805755395683,2410,1.01007194244604,702,1.33669064748201,929,74,4.05405405405405,69.4,1.405,0.100123609394314,0.0828182941903585,0.0173053152039555,0.771322620519159,0.258722580929914,0.516025641025641,0.98835571039816,0.228677379480841,0.354162956203313,0.264864864864865,2.33184065994852,0.859085290482077,0.265484032387475,184.511402509295,0.469064748201439,1.00802919421856,0.135970333745365,0.498449334614431,54.8294268075874,0.409090909090909,2.30873808378741,724,137,0.124652124859147,90.2481383980222,0.401933701657459,1.19338191684492,0.78,0.181818181818182,2.71079545454545,954,0.792613636363636,279,0.815340909090909,287,50,3.96,72.5,-1.202,0.158839779005525,0.104972375690608,0.0538674033149171,0.668508287292818,0.0308322992839397,0.462809917355372,0.939205013876395,0.331491712707182,0.313855439769148,77.0781127644804,0.279166666666667,2.04316738348596,0.486187845303867,0.0608839843473245,21.4311624902582,0.380681818181818,0.911205422668181,0.509668508287293,0.208883774429486,77.0781127644804,0.425474254742547,1.43422045327602,81.5,119,25,34,30,120,21,1,8,1,94,3,61,5,64,52,38.5,54,4,27,2,1,12,25,105,1,57,102,5,1,12,2,33,65,134,11,108,73,1,11,14,33,24,45,22,105,56,14,10,6,6,22,13,5,86,33.5,104,79,63,102,50,23,53,13,50,75,31,35,64,46,28,23,29,30,97,42,83,17,62,-7.1,3.212,96,88,17,"MW",-11.5,-6.5,-5,0.32,0.1374,0.7621,0.0731,0.0735,0.13,0.1583,0.0567,0.1034,0.2069,132,131,127,130,103,59,133,128,133,133,133,133,131,31.6601941747573,21.7942374915306,266.5,73.5,6.9,5.89,3.23,136.5,102.5,"http://a.espncdn.com/i/teamlogos/ncaa/500/2005.png","#004a7b","#ffffff","Falcons",NA,NA,NA,NA,NA,NA,NA,NA,NA,NA,NA,NA,NA,NA,NA,NA,0.692,0.462,0.539,33,78.5,53
"2",2,2023,"Air Force","Mountain West",809,137,0.280547635844103,226.963037397879,0.458590852904821,1.16579711882934,0.795180722891566,0.100719424460432,3.46805755395683,2410,1.01007194244604,702,1.33669064748201,929,74,4.05405405405405,69.4,1.405,0.100123609394314,0.0828182941903585,0.0173053152039555,0.771322620519159,0.258722580929914,0.516025641025641,0.98835571039816,0.228677379480841,0.354162956203313,0.264864864864865,2.33184065994852,0.859085290482077,0.265484032387475,184.511402509295,0.469064748201439,1.00802919421856,0.135970333745365,0.498449334614431,54.8294268075874,0.409090909090909,2.30873808378741,724,137,0.124652124859147,90.2481383980222,0.401933701657459,1.19338191684492,0.78,0.181818181818182,2.71079545454545,954,0.792613636363636,279,0.815340909090909,287,50,3.96,72.5,-1.202,0.158839779005525,0.104972375690608,0.0538674033149171,0.668508287292818,0.0308322992839397,0.462809917355372,0.939205013876395,0.331491712707182,0.313855439769148,77.0781127644804,0.279166666666667,2.04316738348596,0.486187845303867,0.0608839843473245,21.4311624902582,0.380681818181818,0.911205422668181,0.509668508287293,0.208883774429486,77.0781127644804,0.425474254742547,1.43422045327602,81.5,119,25,34,30,120,21,1,8,1,94,3,61,5,64,52,38.5,54,4,27,2,1,12,25,105,1,57,102,5,1,12,2,33,65,134,11,108,73,1,11,14,33,24,45,22,105,56,14,10,6,6,22,13,5,86,33.5,104,79,63,102,50,23,53,13,50,75,31,35,64,46,28,23,29,30,97,42,83,17,62,-7.1,3.212,96,88,17,"MW",-11.5,-6.5,-5,0.32,0.1374,0.7621,0.0731,0.0735,0.13,0.1583,0.0567,0.1034,0.2069,132,131,127,130,103,59,133,128,133,133,133,133,131,31.6601941747573,21.7942374915306,266.5,73.5,6.9,5.89,3.23,136.5,102.5,"http://a.espncdn.com/i/teamlogos/ncaa/500/2005.png","#004a7b","#ffffff","Falcons",NA,NA,NA,NA,NA,NA,NA,NA,NA,NA,NA,NA,NA,NA,NA,NA,0.692,0.462,0.539,33,78.5,53
"3",3,2023,"Akron","Mid-American",734,136,0.0294944534455147,21.6489288290078,0.369209809264305,1.13163016490938,0.823529411764706,0.15034965034965,2.74825174825175,786,0.870629370629371,249,0.888111888111888,254,54,2.59259259259259,72.4,1.242,0.181198910081744,0.102179836512262,0.0790190735694823,0.645776566757493,-0.0130378048380903,0.430379746835443,0.861735640142558,0.354223433242507,0.107034032008702,0.257692307692308,1.95339856867701,0.389645776566757,0.0733576887985415,20.9802989963829,0.405594405594406,0.869080944056536,0.591280653950954,0.0675110655070642,29.2998024300658,0.357142857142857,1.32811861406376,752,139,0.1401123304333,105.364472485841,0.396276595744681,1.36400731059086,0.722222222222222,0.160493827160494,3.00296296296296,1216,1.02962962962963,417,1.35802469135802,550,69,3.78260869565217,67,-1.637,0.144281914893617,0.0964095744680851,0.0478723404255319,0.652925531914894,0.03524994774451,0.446028513238289,1.04867622762877,0.347074468085106,0.337382176794203,58.9726716630389,0.302681992337165,2.23815297095412,0.538563829787234,0.14643898980899,59.307790872641,0.422222222222222,1.1079970884953,0.453457446808511,0.172940386108618,58.9726716630389,0.372434017595308,1.70871398758566,122.5,122.5,130,130,120,125,11,43,121,133,127,132,117,128,128,132,115,113,102,67,120,120,126,119,133,120,126,109,101,126,114,117,100,121,9,125,122,115,132,21,20,49,38,39,112,63.5,81,52,52,51,46.5,86,82.5,55.5,67,129,5.5,115,86,116,29,25,36,72,29,89,18,75,120,112,77,76,64.5,114,26,25,22,113,48.5,-22.2,0.726,128,132,132,"MAC",-1,-2,1,0.75,0.8484,0.7314,0.8308,0,0.82,0.8521,0.7677,0.8571,0.8235,68,73,53,57,61,68,40,132,32,31,54,29,40,27.5888456549935,16.8467433796792,156.5,5.5,2.92,3.09,2.35,246.5,248.5,"http://a.espncdn.com/i/teamlogos/ncaa/500/2006.png","#00285e","#84754e","Zips",NA,NA,NA,NA,NA,NA,NA,NA,NA,NA,NA,NA,NA,NA,NA,NA,0.167,0.4,0.417,130,105,108
"4",4,2023,"Akron","Mid-American",734,136,0.0294944534455147,21.6489288290078,0.369209809264305,1.13163016490938,0.823529411764706,0.15034965034965,2.74825174825175,786,0.870629370629371,249,0.888111888111888,254,54,2.59259259259259,72.4,1.242,0.181198910081744,0.102179836512262,0.0790190735694823,0.645776566757493,-0.0130378048380903,0.430379746835443,0.861735640142558,0.354223433242507,0.107034032008702,0.257692307692308,1.95339856867701,0.389645776566757,0.0733576887985415,20.9802989963829,0.405594405594406,0.869080944056536,0.591280653950954,0.0675110655070642,29.2998024300658,0.357142857142857,1.32811861406376,752,139,0.1401123304333,105.364472485841,0.396276595744681,1.36400731059086,0.722222222222222,0.160493827160494,3.00296296296296,1216,1.02962962962963,417,1.35802469135802,550,69,3.78260869565217,67,-1.637,0.144281914893617,0.0964095744680851,0.0478723404255319,0.652925531914894,0.03524994774451,0.446028513238289,1.04867622762877,0.347074468085106,0.337382176794203,58.9726716630389,0.302681992337165,2.23815297095412,0.538563829787234,0.14643898980899,59.307790872641,0.422222222222222,1.1079970884953,0.453457446808511,0.172940386108618,58.9726716630389,0.372434017595308,1.70871398758566,122.5,122.5,130,130,120,125,11,43,121,133,127,132,117,128,128,132,115,113,102,67,120,120,126,119,133,120,126,109,101,126,114,117,100,121,9,125,122,115,132,21,20,49,38,39,112,63.5,81,52,52,51,46.5,86,82.5,55.5,67,129,5.5,115,86,116,29,25,36,72,29,89,18,75,120,112,77,76,64.5,114,26,25,22,113,48.5,-22.2,0.726,128,132,132,"MAC",-1,-2,1,0.75,0.8484,0.7314,0.8308,0,0.82,0.8521,0.7677,0.8571,0.8235,68,73,53,57,61,68,40,132,32,31,54,29,40,27.5888456549935,16.8467433796792,156.5,5.5,2.92,3.09,2.35,246.5,248.5,"http://a.espncdn.com/i/teamlogos/ncaa/500/2006.png","#00285e","#84754e","Zips",NA,NA,NA,NA,NA,NA,NA,NA,NA,NA,NA,NA,NA,NA,NA,NA,0.167,0.4,0.417,130,105,108
"5",5,2023,"Alabama","SEC",880,167,0.279287671044596,245.773150519245,0.446590909090909,1.35367282152086,0.836363636363636,0.141453831041257,3.23811394891945,1648,1.24557956777996,634,1.37917485265226,702,85,4.61176470588235,69.4,1.446,0.155681818181818,0.120454545454545,0.0352272727272727,0.693181818181818,0.16424863194021,0.498360655737705,1.00576481284273,0.306818181818182,0.539190685317469,0.32962962962963,2.54203276127536,0.578409090909091,0.223802904873365,113.915678580543,0.461689587426326,1.01294177363923,0.417045454545455,0.387565173129155,142.2364185384,0.430517711171662,1.8604563421043,875,168,0.117474769437491,102.790423257804,0.352,1.32861695053004,0.666666666666667,0.148837209302326,2.98232558139535,1282,0.909302325581395,391,1.14186046511628,491,62,3.95161290322581,74.4,-1.061,0.185142857142857,0.116571428571429,0.0685714285714286,0.643428571428571,0.0604240927207471,0.408525754884547,1.08608980348926,0.356571428571429,0.220421984153922,65.6846548274633,0.25,2.04376110206054,0.491428571428571,0.109264799724741,46.9838638816385,0.36046511627907,1.11402356123761,0.501714285714286,0.149623359515862,65.6846548274633,0.348519362186788,1.54601548216615,36,13,26,25,42,22,7,30,46,14.5,31,12,54,32,30,15,38.5,37,54,110,7,49,49,38,100,49,10,47,1,19,27,18,39,61,114,26,44,56,8,98.5,120,28,35,9,98,31,102,46,67,19,28.5,58,68,26.5,85,5,131,30,35,47,16,39,7,95,16,31,21,15,67,51,54,54,15,117,84,16,10,51,96,27.8,3.216,6,4,16,"SEC",-0.5,0.5,-1,0.79,1,0.6085,0.8678,0.403,0.61,0.5435,0.5957,0.5623,0.8409,65,37,73,42,1,90,30,109,80,102,80,93,33,29.1365688487585,25.2414025883217,210.5,135.5,9.71,9.86,5.97,19.5,25.5,"http://a.espncdn.com/i/teamlogos/ncaa/500/333.png","#690014","#828A8F","Crimson Tide",NA,NA,NA,NA,NA,NA,NA,NA,NA,NA,NA,NA,NA,NA,NA,NA,0.857,0.643,0.769,7,19,5.5
"6",6,2023,"Alabama","SEC",880,167,0.279287671044596,245.773150519245,0.446590909090909,1.35367282152086,0.836363636363636,0.141453831041257,3.23811394891945,1648,1.24557956777996,634,1.37917485265226,702,85,4.61176470588235,69.4,1.446,0.155681818181818,0.120454545454545,0.0352272727272727,0.693181818181818,0.16424863194021,0.498360655737705,1.00576481284273,0.306818181818182,0.539190685317469,0.32962962962963,2.54203276127536,0.578409090909091,0.223802904873365,113.915678580543,0.461689587426326,1.01294177363923,0.417045454545455,0.387565173129155,142.2364185384,0.430517711171662,1.8604563421043,875,168,0.117474769437491,102.790423257804,0.352,1.32861695053004,0.666666666666667,0.148837209302326,2.98232558139535,1282,0.909302325581395,391,1.14186046511628,491,62,3.95161290322581,74.4,-1.061,0.185142857142857,0.116571428571429,0.0685714285714286,0.643428571428571,0.0604240927207471,0.408525754884547,1.08608980348926,0.356571428571429,0.220421984153922,65.6846548274633,0.25,2.04376110206054,0.491428571428571,0.109264799724741,46.9838638816385,0.36046511627907,1.11402356123761,0.501714285714286,0.149623359515862,65.6846548274633,0.348519362186788,1.54601548216615,36,13,26,25,42,22,7,30,46,14.5,31,12,54,32,30,15,38.5,37,54,110,7,49,49,38,100,49,10,47,1,19,27,18,39,61,114,26,44,56,8,98.5,120,28,35,9,98,31,102,46,67,19,28.5,58,68,26.5,85,5,131,30,35,47,16,39,7,95,16,31,21,15,67,51,54,54,15,117,84,16,10,51,96,27.8,3.216,6,4,16,"SEC",-0.5,0.5,-1,0.79,1,0.6085,0.8678,0.403,0.61,0.5435,0.5957,0.5623,0.8409,65,37,73,42,1,90,30,109,80,102,80,93,33,29.1365688487585,25.2414025883217,210.5,135.5,9.71,9.86,5.97,19.5,25.5,"http://a.espncdn.com/i/teamlogos/ncaa/500/333.png","#690014","#828A8F","Crimson Tide",NA,NA,NA,NA,NA,NA,NA,NA,NA,NA,NA,NA,NA,NA,NA,NA,0.857,0.643,0.769,7,19,5.5
"7",7,2023,"Appalachian State","Sun Belt",978,173,0.24300724814025,237.661088681165,0.456032719836401,1.30891523277736,0.712121212121212,0.16468253968254,3.16924603174603,1597,1.11507936507937,562,1.45436507936508,733,85,3.8,70.7,1.352,0.162576687116564,0.0910020449897751,0.0715746421267894,0.703476482617587,0.140189327845886,0.492732558139535,1.04523525041441,0.296523517382413,0.486933900424811,0.368965517241379,2.14431256007679,0.515337423312883,0.0964796354055324,48.6257362443883,0.426587301587302,1.0005674762533,0.477505112474438,0.441928008696839,206.380380061424,0.494646680942184,1.59590556893612,902,168,0.193557276353961,174.588663271273,0.425720620842572,1.2857629408332,0.775,0.149220489977728,3.37616926503341,1516,1.28507795100223,577,1.70378619153675,765,75,3.14666666666667,72.5,-1.226,0.181818181818182,0.109756097560976,0.0720620842572062,0.690687361419069,0.0852597139852689,0.465489566613162,1.02814213811779,0.309312638580931,0.43538301598011,90.0365364600847,0.336917562724014,2.08055052367863,0.497782705099778,0.224649474308868,100.867613964682,0.44988864142539,1.09870618871603,0.491130820399113,0.203242745959559,90.0365364600847,0.410835214446953,1.49337537999623,5,9,41,31,33,54,90,66,57,20,56,27,43,25,30,77,74,72,65,43,108,28,59,47,71,28,16,14,36,60,97,88,73,73,73,19,11,10,62,113.5,120,82,92,79,74,103,100,122,122.5,129,127,116,121,96.5,17,33.5,95,33,50,34,93,51,58,58,93,122,49,115,78,57,113,120,98,113,78,35,62,36,79,0.5,1.806,33.5,59,106.5,"SUN",4.5,0.5,4,0.78,0.8673,0.9581,0.4999,0.621,0.84,0.8713,0.7887,0.8566,0.8333,16,37,18,46,57,28,107,94,28,25,44,30,35,25.5407554671968,30.7215099857958,67.5,229.5,7.89,9.92,7.2,17.5,76.5,"http://a.espncdn.com/i/teamlogos/ncaa/500/2026.png","#000000","#ffcd00","Mountaineers",NA,NA,NA,NA,NA,NA,NA,NA,NA,NA,NA,NA,NA,NA,NA,NA,0.643,0.462,0.5,40.5,78.5,71
"8",8,2023,"Appalachian State","Sun Belt",978,173,0.24300724814025,237.661088681165,0.456032719836401,1.30891523277736,0.712121212121212,0.16468253968254,3.16924603174603,1597,1.11507936507937,562,1.45436507936508,733,85,3.8,70.7,1.352,0.162576687116564,0.0910020449897751,0.0715746421267894,0.703476482617587,0.140189327845886,0.492732558139535,1.04523525041441,0.296523517382413,0.486933900424811,0.368965517241379,2.14431256007679,0.515337423312883,0.0964796354055324,48.6257362443883,0.426587301587302,1.0005674762533,0.477505112474438,0.441928008696839,206.380380061424,0.494646680942184,1.59590556893612,902,168,0.193557276353961,174.588663271273,0.425720620842572,1.2857629408332,0.775,0.149220489977728,3.37616926503341,1516,1.28507795100223,577,1.70378619153675,765,75,3.14666666666667,72.5,-1.226,0.181818181818182,0.109756097560976,0.0720620842572062,0.690687361419069,0.0852597139852689,0.465489566613162,1.02814213811779,0.309312638580931,0.43538301598011,90.0365364600847,0.336917562724014,2.08055052367863,0.497782705099778,0.224649474308868,100.867613964682,0.44988864142539,1.09870618871603,0.491130820399113,0.203242745959559,90.0365364600847,0.410835214446953,1.49337537999623,5,9,41,31,33,54,90,66,57,20,56,27,43,25,30,77,74,72,65,43,108,28,59,47,71,28,16,14,36,60,97,88,73,73,73,19,11,10,62,113.5,120,82,92,79,74,103,100,122,122.5,129,127,116,121,96.5,17,33.5,95,33,50,34,93,51,58,58,93,122,49,115,78,57,113,120,98,113,78,35,62,36,79,0.5,1.806,33.5,59,106.5,"SUN",4.5,0.5,4,0.78,0.8673,0.9581,0.4999,0.621,0.84,0.8713,0.7887,0.8566,0.8333,16,37,18,46,57,28,107,94,28,25,44,30,35,25.5407554671968,30.7215099857958,67.5,229.5,7.89,9.92,7.2,17.5,76.5,"http://a.espncdn.com/i/teamlogos/ncaa/500/2026.png","#000000","#ffcd00","Mountaineers",NA,NA,NA,NA,NA,NA,NA,NA,NA,NA,NA,NA,NA,NA,NA,NA,0.643,0.462,0.5,40.5,78.5,71
"9",9,2023,"Arizona","Big 12",851,147,0.328621301415573,279.656727504653,0.501762632197415,1.29610579894416,0.711864406779661,0.203804347826087,3.2054347826087,1180,1.20923913043478,445,1.55434782608696,572,89,4.41573033707865,70.5,1.386,0.160987074030552,0.0987074030552291,0.0622796709753232,0.712103407755582,0.225828482760699,0.536303630363036,1.07223698502203,0.287896592244418,0.582876191639465,0.416326530612245,2.00941329428426,0.432432432432432,0.192566399384483,70.8644349734898,0.508152173913043,0.920391375417461,0.559341950646298,0.471432304538197,224.401776960182,0.504201680672269,1.58884995394204,834,148,0.14670497793836,122.351951600593,0.410071942446043,1.27178550351186,0.6875,0.196850393700787,3.00787401574803,1146,1.0498687664042,400,1.18635170603675,452,70,3.37142857142857,71.9,-1.236,0.1810551558753,0.112709832134293,0.0683453237410072,0.65347721822542,0.0962736783549234,0.460550458715596,1.01418102880348,0.34652278177458,0.241808985803319,105.767720093745,0.314878892733564,1.98232092276244,0.456834532374101,0.102832681933404,39.1792518166269,0.425196850393701,0.970437153206647,0.537170263788969,0.236088660923539,105.767720093745,0.401785714285714,1.54299901878655,52.5,80,10,10,6,64,91.5,116,51,89,39,79.5,30,59,20,29,63,59.5,60,59,75,17,21,12,55,17,7,4,83,117,42,60,7,104,17,15,7,9,66,71,54.5,53,53,57,64,40.5,31,54,30.5,58,34.5,64,52,62.5,30,46,93,38,41,49,31,58,51,46,31,37,75,93,48,17,47,44,70,56,119,59,54,50,81,12.4,2.7,30,28,45.5,"B12",-3,-1.5,-1.5,0.66,0.7172,0.5565,0.7058,0.6411,0.6,0.6488,0.5714,0.6221,0.5532,91,71,84,74,74,99,69,91,85,76,88,77,89,27.677494199536,29.8281411935751,162.5,217.5,8.75,8.09,5.89,71.5,51.5,"http://a.espncdn.com/i/teamlogos/ncaa/500/12.png","#CC0033","#003366","Wildcats",NA,NA,NA,NA,NA,NA,NA,NA,NA,NA,NA,NA,NA,NA,NA,NA,0.769,0.846,0.385,21,2,117
"10",10,2023,"Arizona","Big 12",851,147,0.328621301415573,279.656727504653,0.501762632197415,1.29610579894416,0.711864406779661,0.203804347826087,3.2054347826087,1180,1.20923913043478,445,1.55434782608696,572,89,4.41573033707865,70.5,1.386,0.160987074030552,0.0987074030552291,0.0622796709753232,0.712103407755582,0.225828482760699,0.536303630363036,1.07223698502203,0.287896592244418,0.582876191639465,0.416326530612245,2.00941329428426,0.432432432432432,0.192566399384483,70.8644349734898,0.508152173913043,0.920391375417461,0.559341950646298,0.471432304538197,224.401776960182,0.504201680672269,1.58884995394204,834,148,0.14670497793836,122.351951600593,0.410071942446043,1.27178550351186,0.6875,0.196850393700787,3.00787401574803,1146,1.0498687664042,400,1.18635170603675,452,70,3.37142857142857,71.9,-1.236,0.1810551558753,0.112709832134293,0.0683453237410072,0.65347721822542,0.0962736783549234,0.460550458715596,1.01418102880348,0.34652278177458,0.241808985803319,105.767720093745,0.314878892733564,1.98232092276244,0.456834532374101,0.102832681933404,39.1792518166269,0.425196850393701,0.970437153206647,0.537170263788969,0.236088660923539,105.767720093745,0.401785714285714,1.54299901878655,52.5,80,10,10,6,64,91.5,116,51,89,39,79.5,30,59,20,29,63,59.5,60,59,75,17,21,12,55,17,7,4,83,117,42,60,7,104,17,15,7,9,66,71,54.5,53,53,57,64,40.5,31,54,30.5,58,34.5,64,52,62.5,30,46,93,38,41,49,31,58,51,46,31,37,75,93,48,17,47,44,70,56,119,59,54,50,81,12.4,2.7,30,28,45.5,"B12",-3,-1.5,-1.5,0.66,0.7172,0.5565,0.7058,0.6411,0.6,0.6488,0.5714,0.6221,0.5532,91,71,84,74,74,99,69,91,85,76,88,77,89,27.677494199536,29.8281411935751,162.5,217.5,8.75,8.09,5.89,71.5,51.5,"http://a.espncdn.com/i/teamlogos/ncaa/500/12.png","#CC0033","#003366","Wildcats",NA,NA,NA,NA,NA,NA,NA,NA,NA,NA,NA,NA,NA,NA,NA,NA,0.769,0.846,0.385,21,2,117
"11",11,2023,"Arizona State","Big 12",802,145,0.107970170178503,86.5920764831592,0.372817955112219,1.23956979334758,0.666666666666667,0.124277456647399,3.2471098265896,1124,1.00867052023121,349,0.673410404624277,233,57,3.28070175438596,74.9,1.042,0.180798004987531,0.102244389027431,0.0785536159600998,0.655860349127182,0.075353257121898,0.444866920152091,1.00777835890884,0.344139650872818,0.170131388540003,0.235507246376812,2.07401895732705,0.43142144638404,0.199702651887508,69.0971175530778,0.439306358381503,0.975947762665649,0.554862842892768,0.0788236478373124,35.076523287604,0.330337078651685,1.51215855976699,776,139,0.256086056108384,198.722779540106,0.457474226804124,1.25434144481315,0.693877551020408,0.132564841498559,3.34553314121037,1161,1.19308357348703,414,1.3371757925072,464,80,3.9875,65.5,-1.719,0.164948453608247,0.103092783505155,0.0618556701030928,0.695876288659794,0.169407594471098,0.514814814814815,1.03582369917711,0.304123711340206,0.454418129346241,145.163981180349,0.326271186440678,2.04327564334328,0.447164948453608,0.168020596558257,58.3031470057151,0.438040345821326,1.01421690041277,0.548969072164949,0.340760519202697,145.163981180349,0.476525821596244,1.43413913323116,85.5,94,112,112,118,92,113,9,45,99,95,113,130,131,119.5,108,133,133,100,68,119,109,98,111,99,109,112,124.5,55,118,39,62,60,84,19,124,119,129,95,31,20,115,112,122,52,49,120,118,38,104,41,81,59,112,87,134,1,66,69,67,104,102,120,64,104,124,118,107.5,66,13,92,73,82,79,126,109,130,16,66,-4,2.164,82.5,79.5,83,"B12",3,-0.5,3.5,0.73,0.8543,0.6702,0.5674,1,0.92,0.9205,1,1,0.7429,22,56,23,64,60,81,97,4,13,19,1,1,53,26.7800982800983,20.4496458629682,129.5,49.5,3.17,2.16,1.24,256.5,246.5,"http://a.espncdn.com/i/teamlogos/ncaa/500/9.png","#942139","#FFC627","Sun Devils",NA,NA,NA,NA,NA,NA,NA,NA,NA,NA,NA,NA,NA,NA,NA,NA,0.25,0.455,0.417,119.5,88,108
"12",12,2023,"Arizona State","Big 12",802,145,0.107970170178503,86.5920764831592,0.372817955112219,1.23956979334758,0.666666666666667,0.124277456647399,3.2471098265896,1124,1.00867052023121,349,0.673410404624277,233,57,3.28070175438596,74.9,1.042,0.180798004987531,0.102244389027431,0.0785536159600998,0.655860349127182,0.075353257121898,0.444866920152091,1.00777835890884,0.344139650872818,0.170131388540003,0.235507246376812,2.07401895732705,0.43142144638404,0.199702651887508,69.0971175530778,0.439306358381503,0.975947762665649,0.554862842892768,0.0788236478373124,35.076523287604,0.330337078651685,1.51215855976699,776,139,0.256086056108384,198.722779540106,0.457474226804124,1.25434144481315,0.693877551020408,0.132564841498559,3.34553314121037,1161,1.19308357348703,414,1.3371757925072,464,80,3.9875,65.5,-1.719,0.164948453608247,0.103092783505155,0.0618556701030928,0.695876288659794,0.169407594471098,0.514814814814815,1.03582369917711,0.304123711340206,0.454418129346241,145.163981180349,0.326271186440678,2.04327564334328,0.447164948453608,0.168020596558257,58.3031470057151,0.438040345821326,1.01421690041277,0.548969072164949,0.340760519202697,145.163981180349,0.476525821596244,1.43413913323116,85.5,94,112,112,118,92,113,9,45,99,95,113,130,131,119.5,108,133,133,100,68,119,109,98,111,99,109,112,124.5,55,118,39,62,60,84,19,124,119,129,95,31,20,115,112,122,52,49,120,118,38,104,41,81,59,112,87,134,1,66,69,67,104,102,120,64,104,124,118,107.5,66,13,92,73,82,79,126,109,130,16,66,-4,2.164,82.5,79.5,83,"B12",3,-0.5,3.5,0.73,0.8543,0.6702,0.5674,1,0.92,0.9205,1,1,0.7429,22,56,23,64,60,81,97,4,13,19,1,1,53,26.7800982800983,20.4496458629682,129.5,49.5,3.17,2.16,1.24,256.5,246.5,"http://a.espncdn.com/i/teamlogos/ncaa/500/9.png","#942139","#FFC627","Sun Devils",NA,NA,NA,NA,NA,NA,NA,NA,NA,NA,NA,NA,NA,NA,NA,NA,0.25,0.455,0.417,119.5,88,108
"13",13,2023,"Arkansas","SEC",793,148,0.170457959733706,135.173162068829,0.394703656998739,1.26704427631181,0.836734693877551,0.133177570093458,3.23598130841122,1385,1.04906542056075,449,1.05607476635514,452,59,4.22033898305085,72.5,1.215,0.19672131147541,0.146279949558638,0.0504413619167718,0.672131147540984,0.0627726229639614,0.450281425891182,0.948696838058591,0.327868852459016,0.391212900111681,0.280769230769231,2.31366599111692,0.539722572509458,0.122374114428177,52.3761209752596,0.422897196261682,0.893296337513161,0.453972257250946,0.254988455813394,91.7958440928219,0.366666666666667,1.77953198027057,749,145,0.133185036668376,99.7555924646137,0.403204272363151,1.29965370897215,0.684210526315789,0.172839506172839,3.03654320987654,1230,1.10864197530864,449,1.50617283950617,610,69,3.92753623188406,68.8,-1.453,0.181575433911883,0.114819759679573,0.0667556742323097,0.68758344459279,0.0825018473558317,0.464077669902913,1.03563089442971,0.31241655540721,0.244731372121198,78.3024534457346,0.269230769230769,2.30126406890298,0.540720961281709,0.0897346135894204,36.3425185037152,0.422222222222222,0.906947720096461,0.451268357810414,0.231664063448919,78.3024534457346,0.387573964497041,1.81226992345873,91,75.5,77,80,103,81,6,16,47,57.5,83,76,96,88,113,35,117.5,117,118,131,28,88,103,103,123,88,45,90,7,41,86,84,78,115,92,75,80,110,14,17.5,42,40,34,49,84,38,65,60,58,75,68,104,97,55.5,80,108.5,37,35,37,50,83,49,56,63,83,38,32,26,126,114,41,40,64.5,28,23,55,34,128,75.5,6.1,2.358,48.5,43.5,74.5,"SEC",-1,-0.5,-0.5,0.72,0.8453,0.9292,0.4056,0.3389,0.64,0.687,0.4583,0.5675,0.9512,68,56,66,65,62,33,125,113,72,64,110,90,20,27.8339622641509,21.2575696339039,172.5,67.5,4.69,4.6,1.56,192.5,203.5,"http://a.espncdn.com/i/teamlogos/ncaa/500/8.png","#9c1831","#000000","Razorbacks",NA,NA,NA,NA,NA,NA,NA,NA,NA,NA,NA,NA,NA,NA,NA,NA,0.333,0.417,0.727,104,97.5,11
"14",14,2023,"Arkansas","SEC",793,148,0.170457959733706,135.173162068829,0.394703656998739,1.26704427631181,0.836734693877551,0.133177570093458,3.23598130841122,1385,1.04906542056075,449,1.05607476635514,452,59,4.22033898305085,72.5,1.215,0.19672131147541,0.146279949558638,0.0504413619167718,0.672131147540984,0.0627726229639614,0.450281425891182,0.948696838058591,0.327868852459016,0.391212900111681,0.280769230769231,2.31366599111692,0.539722572509458,0.122374114428177,52.3761209752596,0.422897196261682,0.893296337513161,0.453972257250946,0.254988455813394,91.7958440928219,0.366666666666667,1.77953198027057,749,145,0.133185036668376,99.7555924646137,0.403204272363151,1.29965370897215,0.684210526315789,0.172839506172839,3.03654320987654,1230,1.10864197530864,449,1.50617283950617,610,69,3.92753623188406,68.8,-1.453,0.181575433911883,0.114819759679573,0.0667556742323097,0.68758344459279,0.0825018473558317,0.464077669902913,1.03563089442971,0.31241655540721,0.244731372121198,78.3024534457346,0.269230769230769,2.30126406890298,0.540720961281709,0.0897346135894204,36.3425185037152,0.422222222222222,0.906947720096461,0.451268357810414,0.231664063448919,78.3024534457346,0.387573964497041,1.81226992345873,91,75.5,77,80,103,81,6,16,47,57.5,83,76,96,88,113,35,117.5,117,118,131,28,88,103,103,123,88,45,90,7,41,86,84,78,115,92,75,80,110,14,17.5,42,40,34,49,84,38,65,60,58,75,68,104,97,55.5,80,108.5,37,35,37,50,83,49,56,63,83,38,32,26,126,114,41,40,64.5,28,23,55,34,128,75.5,6.1,2.358,48.5,43.5,74.5,"SEC",-1,-0.5,-0.5,0.72,0.8453,0.9292,0.4056,0.3389,0.64,0.687,0.4583,0.5675,0.9512,68,56,66,65,62,33,125,113,72,64,110,90,20,27.8339622641509,21.2575696339039,172.5,67.5,4.69,4.6,1.56,192.5,203.5,"http://a.espncdn.com/i/teamlogos/ncaa/500/8.png","#9c1831","#000000","Razorbacks",NA,NA,NA,NA,NA,NA,NA,NA,NA,NA,NA,NA,NA,NA,NA,NA,0.333,0.417,0.727,104,97.5,11
"15",15,2023,"Arkansas State","Sun Belt",822,155,0.149859482835852,123.18449489107,0.403892944038929,1.35852759329639,0.692307692307692,0.181603773584906,3.03561320754717,1287,1.1061320754717,469,1.20047169811321,509,76,3.21052631578947,69.4,1.417,0.166666666666667,0.0997566909975669,0.0669099756690998,0.681265206812652,0.0972118944618001,0.451785714285714,1.10594579446132,0.318734793187348,0.262388679360543,0.301526717557252,2.16742879716057,0.515815085158151,0.11893951804111,50.4303556494306,0.410377358490566,1.04073808457695,0.475669099756691,0.239407467667973,93.6083198581776,0.404092071611253,1.70849831808868,920,158,0.234874144734695,216.08421315592,0.430434782608696,1.30155571893554,0.82089552238806,0.165254237288136,3.14173728813559,1483,1.15889830508475,547,1.75847457627119,830,80,4.05,73.2,-1.19,0.158695652173913,0.107608695652174,0.0510869565217391,0.693478260869565,0.193423898232823,0.501567398119122,1.09277307110875,0.306521739130435,0.328651652777939,136.623810619134,0.269503546099291,2.18064055189047,0.51304347826087,0.175365313389232,82.7724279197175,0.442796610169492,1.06588294379173,0.482608695652174,0.307711285178231,136.623810619134,0.421171171171171,1.5649547029198,72.5,46.5,89,87,92,18,102,92,86,73,59,66,75,75,57.5,115,38.5,47.5,75,60,95,70,89,99,32,70,89,72,31,59,87,86,92,40,75,79,79,77,28,124,97.5,104,117,91,85,116,73,83,117,92,119,119,131,112,94,19,108,81,54,109,97,113,109,99,97,84,111,27,111,79,93,100,90,106,63,96,77,57,65.5,-9.1,2.916,84.5,93,28,"SUN",1.5,5,-3.5,0.96,0.9507,1,0.9328,0.9708,0.47,0.5174,0.4787,0.5391,0.3148,39,1,112,5,48,3,17,49,115,106,107,101,122,24.7249698431846,24.77688971292,41.5,125.5,5.6,6.44,4.7,120.5,158.5,"http://a.espncdn.com/i/teamlogos/ncaa/500/2032.png","#e81018","#000000","Red Wolves",NA,NA,NA,NA,NA,NA,NA,NA,NA,NA,NA,NA,NA,NA,NA,NA,0.462,0.539,0.462,77,50,88.5
"16",16,2023,"Arkansas State","Sun Belt",822,155,0.149859482835852,123.18449489107,0.403892944038929,1.35852759329639,0.692307692307692,0.181603773584906,3.03561320754717,1287,1.1061320754717,469,1.20047169811321,509,76,3.21052631578947,69.4,1.417,0.166666666666667,0.0997566909975669,0.0669099756690998,0.681265206812652,0.0972118944618001,0.451785714285714,1.10594579446132,0.318734793187348,0.262388679360543,0.301526717557252,2.16742879716057,0.515815085158151,0.11893951804111,50.4303556494306,0.410377358490566,1.04073808457695,0.475669099756691,0.239407467667973,93.6083198581776,0.404092071611253,1.70849831808868,920,158,0.234874144734695,216.08421315592,0.430434782608696,1.30155571893554,0.82089552238806,0.165254237288136,3.14173728813559,1483,1.15889830508475,547,1.75847457627119,830,80,4.05,73.2,-1.19,0.158695652173913,0.107608695652174,0.0510869565217391,0.693478260869565,0.193423898232823,0.501567398119122,1.09277307110875,0.306521739130435,0.328651652777939,136.623810619134,0.269503546099291,2.18064055189047,0.51304347826087,0.175365313389232,82.7724279197175,0.442796610169492,1.06588294379173,0.482608695652174,0.307711285178231,136.623810619134,0.421171171171171,1.5649547029198,72.5,46.5,89,87,92,18,102,92,86,73,59,66,75,75,57.5,115,38.5,47.5,75,60,95,70,89,99,32,70,89,72,31,59,87,86,92,40,75,79,79,77,28,124,97.5,104,117,91,85,116,73,83,117,92,119,119,131,112,94,19,108,81,54,109,97,113,109,99,97,84,111,27,111,79,93,100,90,106,63,96,77,57,65.5,-9.1,2.916,84.5,93,28,"SUN",1.5,5,-3.5,0.96,0.9507,1,0.9328,0.9708,0.47,0.5174,0.4787,0.5391,0.3148,39,1,112,5,48,3,17,49,115,106,107,101,122,24.7249698431846,24.77688971292,41.5,125.5,5.6,6.44,4.7,120.5,158.5,"http://a.espncdn.com/i/teamlogos/ncaa/500/2032.png","#e81018","#000000","Red Wolves",NA,NA,NA,NA,NA,NA,NA,NA,NA,NA,NA,NA,NA,NA,NA,NA,0.462,0.539,0.462,77,50,88.5
"17",17,2023,"Army","American Athletic",726,127,0.142855028497625,103.712750689276,0.410468319559229,1.10401340074257,0.828125,0.111711711711712,3.39315315315315,1883,0.992792792792793,551,0.700900900900901,389,61,3.0655737704918,67.3,1.59,0.119834710743802,0.0867768595041322,0.0330578512396694,0.71763085399449,0.147437347231729,0.483685220729367,0.960019731055278,0.28236914600551,0.131209233080708,0.224390243902439,1.89284828685553,0.764462809917355,0.137535743068341,76.3323374029292,0.427027027027027,0.885798229729214,0.221763085399449,0.296861894703773,47.7947650473075,0.37888198757764,1.95183299959772,734,125,0.236168855360529,173.347939834628,0.456403269754768,1.22337669987505,0.652173913043478,0.134803921568627,3.4343137254902,1401,1.16911764705882,477,1.5343137254902,626,71,2.57746478873239,66.2,-1.644,0.119891008174387,0.0844686648501362,0.0354223433242507,0.724795640326976,0.207483583913044,0.513157894736842,1.00738216673988,0.275204359673025,0.311716203925194,85.657685958971,0.306930693069307,2.17444940222829,0.555858310626703,0.270006383780001,110.16260458224,0.468137254901961,1.06900282326478,0.433242506811989,0.269363792323808,85.657685958971,0.452830188679245,1.42813649454562,125.5,132,91,96,81,131,10,3,12,3,98,31,127,105,106.5,123,13,14,8,37,6,14,56,53,119,14,123,128,117,2,77,54,72,117,133,60,112,101,2,14.5,3,106,90,121,36,25,118,126,98.5,98,87,107,101.5,69.5,2,133,4,129,118,131,131,116,119,40,131,73,43,81,110,123,127,126,110,108,12,78,119,13,58.5,-11.1,1.806,109.5,102.5,106.5,"AAC",-3.5,0,-3.5,0.75,1,0.7425,0.4352,0.8729,0.45,0.4092,0.5755,0.4436,0.3077,96,47,112,57,1,65,118,66,116,121,86,117,124,31.570460704607,18.7940565500005,264.5,23.5,6.3,5.85,3.72,138.5,130.5,"http://a.espncdn.com/i/teamlogos/ncaa/500/349.png","#ce9c00","#231f20","Black Knights",NA,NA,NA,NA,NA,NA,NA,NA,NA,NA,NA,NA,NA,NA,NA,NA,0.5,0.455,0.455,70,88,97
"18",18,2023,"Army","American Athletic",726,127,0.142855028497625,103.712750689276,0.410468319559229,1.10401340074257,0.828125,0.111711711711712,3.39315315315315,1883,0.992792792792793,551,0.700900900900901,389,61,3.0655737704918,67.3,1.59,0.119834710743802,0.0867768595041322,0.0330578512396694,0.71763085399449,0.147437347231729,0.483685220729367,0.960019731055278,0.28236914600551,0.131209233080708,0.224390243902439,1.89284828685553,0.764462809917355,0.137535743068341,76.3323374029292,0.427027027027027,0.885798229729214,0.221763085399449,0.296861894703773,47.7947650473075,0.37888198757764,1.95183299959772,734,125,0.236168855360529,173.347939834628,0.456403269754768,1.22337669987505,0.652173913043478,0.134803921568627,3.4343137254902,1401,1.16911764705882,477,1.5343137254902,626,71,2.57746478873239,66.2,-1.644,0.119891008174387,0.0844686648501362,0.0354223433242507,0.724795640326976,0.207483583913044,0.513157894736842,1.00738216673988,0.275204359673025,0.311716203925194,85.657685958971,0.306930693069307,2.17444940222829,0.555858310626703,0.270006383780001,110.16260458224,0.468137254901961,1.06900282326478,0.433242506811989,0.269363792323808,85.657685958971,0.452830188679245,1.42813649454562,125.5,132,91,96,81,131,10,3,12,3,98,31,127,105,106.5,123,13,14,8,37,6,14,56,53,119,14,123,128,117,2,77,54,72,117,133,60,112,101,2,14.5,3,106,90,121,36,25,118,126,98.5,98,87,107,101.5,69.5,2,133,4,129,118,131,131,116,119,40,131,73,43,81,110,123,127,126,110,108,12,78,119,13,58.5,-11.1,1.806,109.5,102.5,106.5,"AAC",-3.5,0,-3.5,0.75,1,0.7425,0.4352,0.8729,0.45,0.4092,0.5755,0.4436,0.3077,96,47,112,57,1,65,118,66,116,121,86,117,124,31.570460704607,18.7940565500005,264.5,23.5,6.3,5.85,3.72,138.5,130.5,"http://a.espncdn.com/i/teamlogos/ncaa/500/349.png","#ce9c00","#231f20","Black Knights",NA,NA,NA,NA,NA,NA,NA,NA,NA,NA,NA,NA,NA,NA,NA,NA,0.5,0.455,0.455,70,88,97
"19",19,2023,"Auburn","SEC",827,150,0.161885620392524,133.879408064617,0.429262394195889,1.22429039888044,0.75,0.180672268907563,3.15126050420168,1500,1.25,595,1.5063025210084,717,67,3.98507462686567,70.8,1.329,0.174123337363966,0.112454655380895,0.0616686819830713,0.684401451027811,0.177141178308352,0.510600706713781,1.06803622923786,0.315598548972189,0.128802686368161,0.252873563218391,1.90849426292146,0.575574365175333,0.214986520585957,102.333583798915,0.478991596638655,1.00063291376415,0.41596130592503,0.133579102508811,45.9512112630309,0.369186046511628,1.62581722255379,811,153,0.151816785293998,123.123412873433,0.399506781750925,1.30788696326504,0.847826086956522,0.18075117370892,2.94460093896714,1254,1.14788732394366,489,1.38967136150235,592,71,3.64788732394366,70.9,-1.368,0.18249075215783,0.112207151664612,0.0702836004932182,0.648581997533909,0.0796988970283901,0.452471482889734,1.00801625887197,0.351418002466091,0.284918572057893,73.9640657914684,0.301754385964912,2.13776170332958,0.525277435265105,0.131479698273307,56.0103514644288,0.431924882629108,0.946367981229932,0.466091245376079,0.195672131723461,73.9640657914684,0.37037037037037,1.78302619679689,67,67.5,82,81,57,99,59.5,88,64,35,29.5,20,38,28,85.5,57,78.5,86,90,88,72,64,41,29,59,64,125,115,116,21,31,22,24,72,115,113,114,107,51,55.5,83,54,55,43,88,125,57,42,63,90,93.5,90,94,69.5,56.5,69,60,32,42,43,26,47,42,41,26,60,29,70,100,102,67,66,75,42,34,32,19.5,124,83.5,13.1,2.62,25,25,51,"SEC",3,3,0,0.89,0.9311,1,0.6592,1,0.67,0.6015,0.9442,0.6846,0.3095,22,8,62,19,49,3,81,4,66,86,17,65,123,27.3879518072289,23.149781484914,146.5,99.5,7.05,7.26,3.58,104.5,98.5,"http://a.espncdn.com/i/teamlogos/ncaa/500/2.png","#03244d","#E87722","Tigers",NA,NA,NA,NA,NA,NA,NA,NA,NA,NA,NA,NA,NA,NA,NA,NA,0.462,0.462,0.417,77,78.5,108
"20",20,2023,"Auburn","SEC",827,150,0.161885620392524,133.879408064617,0.429262394195889,1.22429039888044,0.75,0.180672268907563,3.15126050420168,1500,1.25,595,1.5063025210084,717,67,3.98507462686567,70.8,1.329,0.174123337363966,0.112454655380895,0.0616686819830713,0.684401451027811,0.177141178308352,0.510600706713781,1.06803622923786,0.315598548972189,0.128802686368161,0.252873563218391,1.90849426292146,0.575574365175333,0.214986520585957,102.333583798915,0.478991596638655,1.00063291376415,0.41596130592503,0.133579102508811,45.9512112630309,0.369186046511628,1.62581722255379,811,153,0.151816785293998,123.123412873433,0.399506781750925,1.30788696326504,0.847826086956522,0.18075117370892,2.94460093896714,1254,1.14788732394366,489,1.38967136150235,592,71,3.64788732394366,70.9,-1.368,0.18249075215783,0.112207151664612,0.0702836004932182,0.648581997533909,0.0796988970283901,0.452471482889734,1.00801625887197,0.351418002466091,0.284918572057893,73.9640657914684,0.301754385964912,2.13776170332958,0.525277435265105,0.131479698273307,56.0103514644288,0.431924882629108,0.946367981229932,0.466091245376079,0.195672131723461,73.9640657914684,0.37037037037037,1.78302619679689,67,67.5,82,81,57,99,59.5,88,64,35,29.5,20,38,28,85.5,57,78.5,86,90,88,72,64,41,29,59,64,125,115,116,21,31,22,24,72,115,113,114,107,51,55.5,83,54,55,43,88,125,57,42,63,90,93.5,90,94,69.5,56.5,69,60,32,42,43,26,47,42,41,26,60,29,70,100,102,67,66,75,42,34,32,19.5,124,83.5,13.1,2.62,25,25,51,"SEC",3,3,0,0.89,0.9311,1,0.6592,1,0.67,0.6015,0.9442,0.6846,0.3095,22,8,62,19,49,3,81,4,66,86,17,65,123,27.3879518072289,23.149781484914,146.5,99.5,7.05,7.26,3.58,104.5,98.5,"http://a.espncdn.com/i/teamlogos/ncaa/500/2.png","#03244d","#E87722","Tigers",NA,NA,NA,NA,NA,NA,NA,NA,NA,NA,NA,NA,NA,NA,NA,NA,0.462,0.462,0.417,77,78.5,108
"21",21,2023,"Ball State","Mid-American",765,135,0.127558615883753,97.5823411510712,0.397385620915033,1.13557240115598,0.740740740740741,0.124434389140271,3.25769230769231,1440,1.10180995475113,487,1.24660633484163,551,58,3.31034482758621,71.2,1.321,0.168627450980392,0.120261437908497,0.0483660130718954,0.666666666666667,0.0875692457263665,0.466666666666667,0.9151763972371,0.333333333333333,0.207537356198527,0.258823529411765,1.93033374862104,0.577777777777778,0.176857560212071,78.1710416137356,0.432126696832579,1.00223205871372,0.41437908496732,0.0906885486490062,28.748269921735,0.356466876971609,1.36095297997432,721,132,0.167460734899165,120.739189862298,0.410540915395284,1.23952809601281,0.785714285714286,0.157434402332362,3.01836734693878,1035,1.01749271137026,349,1.25947521865889,432,64,3.8125,69.1,-1.517,0.16504854368932,0.110957004160888,0.0540915395284327,0.672676837725381,0.141111158993199,0.476288659793814,1.00459661687829,0.327323162274619,0.221611346400835,99.3231974350414,0.275423728813559,2.07443842955241,0.475728155339806,0.0786506681651476,26.9771791806456,0.405247813411079,0.966222330212271,0.51872399445215,0.265570046617758,99.3231974350414,0.419786096256685,1.48149944280436,107.5,125,100,103,96,124,69,10,39,45,61,55.5,71,62,116.5,105,93,89,80,109,22,95.5,93,79,129,95.5,102,107,107,20,51,50,67,70,116,122,123,116,129,10,5.5,68,51,58,44,108,86,55,15,48,15,72,43,35,69,104.5,22,64,46,101,56,85,76,38,56,32,66,32,73,32,33,31,45,52,104,76,74,29,53.5,-16.9,1.5,119,122,119,"MAC",-6,-1,-5,0.79,0.7459,0.7279,0.9252,0.8349,0.34,0.2745,0.451,0.2395,0.3333,109,66,127,42,68,69,19,71,126,129,112,129,121,29.5135135135135,18.636598073936,220.5,21.5,4.04,3.9,3.01,230.5,221.5,"http://a.espncdn.com/i/teamlogos/ncaa/500/2050.png","#DA0000","#ffffff","Cardinals",NA,NA,NA,NA,NA,NA,NA,NA,NA,NA,NA,NA,NA,NA,NA,NA,NA,NA,NA,NA,NA,NA
"22",22,2023,"Ball State","Mid-American",765,135,0.127558615883753,97.5823411510712,0.397385620915033,1.13557240115598,0.740740740740741,0.124434389140271,3.25769230769231,1440,1.10180995475113,487,1.24660633484163,551,58,3.31034482758621,71.2,1.321,0.168627450980392,0.120261437908497,0.0483660130718954,0.666666666666667,0.0875692457263665,0.466666666666667,0.9151763972371,0.333333333333333,0.207537356198527,0.258823529411765,1.93033374862104,0.577777777777778,0.176857560212071,78.1710416137356,0.432126696832579,1.00223205871372,0.41437908496732,0.0906885486490062,28.748269921735,0.356466876971609,1.36095297997432,721,132,0.167460734899165,120.739189862298,0.410540915395284,1.23952809601281,0.785714285714286,0.157434402332362,3.01836734693878,1035,1.01749271137026,349,1.25947521865889,432,64,3.8125,69.1,-1.517,0.16504854368932,0.110957004160888,0.0540915395284327,0.672676837725381,0.141111158993199,0.476288659793814,1.00459661687829,0.327323162274619,0.221611346400835,99.3231974350414,0.275423728813559,2.07443842955241,0.475728155339806,0.0786506681651476,26.9771791806456,0.405247813411079,0.966222330212271,0.51872399445215,0.265570046617758,99.3231974350414,0.419786096256685,1.48149944280436,107.5,125,100,103,96,124,69,10,39,45,61,55.5,71,62,116.5,105,93,89,80,109,22,95.5,93,79,129,95.5,102,107,107,20,51,50,67,70,116,122,123,116,129,10,5.5,68,51,58,44,108,86,55,15,48,15,72,43,35,69,104.5,22,64,46,101,56,85,76,38,56,32,66,32,73,32,33,31,45,52,104,76,74,29,53.5,-16.9,1.5,119,122,119,"MAC",-6,-1,-5,0.79,0.7459,0.7279,0.9252,0.8349,0.34,0.2745,0.451,0.2395,0.3333,109,66,127,42,68,69,19,71,126,129,112,129,121,29.5135135135135,18.636598073936,220.5,21.5,4.04,3.9,3.01,230.5,221.5,"http://a.espncdn.com/i/teamlogos/ncaa/500/2050.png","#DA0000","#ffffff","Cardinals",NA,NA,NA,NA,NA,NA,NA,NA,NA,NA,NA,NA,NA,NA,NA,NA,NA,NA,NA,NA,NA,NA
"23",23,2023,"Baylor","Big 12",844,142,0.134255223738684,113.311408835449,0.395734597156398,1.28730354535276,0.775,0.16622691292876,3.00474934036939,1139,1.07651715039578,408,0.788918205804749,299,69,3.11594202898551,71.4,1.272,0.178909952606635,0.117298578199052,0.0616113744075829,0.659952606635071,0.134895851685227,0.466786355475763,1.14184278483476,0.340047393364929,0.133011914448703,0.257839721254355,1.79838189311868,0.449052132701422,0.101638860576848,38.5211281586253,0.408970976253298,0.994184511036579,0.54739336492891,0.187405708718287,86.5814374278488,0.387445887445887,1.54112170355951,749,135,0.300262764169912,224.896810363264,0.453938584779706,1.38476960877542,0.68,0.188725490196078,3.27941176470588,1338,1.19362745098039,487,1.95343137254902,797,75,4.36,68.6,-1.509,0.166889185580774,0.106809078771696,0.0600801068090788,0.695594125500668,0.229210516371264,0.491362763915547,1.13282752479285,0.304405874499332,0.462623383043137,146.459814878579,0.368421052631579,2.15259310281752,0.544726301735648,0.232696304766964,94.9400923449215,0.458333333333333,1.12687115506359,0.445927903871829,0.438502439756224,146.459814878579,0.458083832335329,1.69997882997877,55.5,108,95,92,101,71,33.5,67,94,96,72,90,122,120,75.5,119,99,107,97,101,70,104,64,78,14,104,122,108,126,104,94,100,95,75,26,95,84,96,88,17.5,10.5,128,119,118,119,35.5,41,108,85,105,90.5,128,127,96.5,117,113,24,59,57,78,101,124,99,112,101,127,121,128,102,118,118,112,107,119,20,129,122,109,70.5,2.2,2.464,67,53,65,"B12",6.5,3,3.5,0.88,1,1,0.5594,1,0.92,1,0.7603,1,1,4,8,23,20,1,3,98,4,13,1,55,1,4,26.6947368421053,23.5984278871091,121.5,105.5,5.3,4.26,2.48,202.5,166.5,"http://a.espncdn.com/i/teamlogos/ncaa/500/239.png","#004834","#ffb81c","Bears",NA,NA,NA,NA,NA,NA,NA,NA,NA,NA,NA,NA,NA,NA,NA,NA,0.25,0.273,0.5,119.5,128,71
"24",24,2023,"Baylor","Big 12",844,142,0.134255223738684,113.311408835449,0.395734597156398,1.28730354535276,0.775,0.16622691292876,3.00474934036939,1139,1.07651715039578,408,0.788918205804749,299,69,3.11594202898551,71.4,1.272,0.178909952606635,0.117298578199052,0.0616113744075829,0.659952606635071,0.134895851685227,0.466786355475763,1.14184278483476,0.340047393364929,0.133011914448703,0.257839721254355,1.79838189311868,0.449052132701422,0.101638860576848,38.5211281586253,0.408970976253298,0.994184511036579,0.54739336492891,0.187405708718287,86.5814374278488,0.387445887445887,1.54112170355951,749,135,0.300262764169912,224.896810363264,0.453938584779706,1.38476960877542,0.68,0.188725490196078,3.27941176470588,1338,1.19362745098039,487,1.95343137254902,797,75,4.36,68.6,-1.509,0.166889185580774,0.106809078771696,0.0600801068090788,0.695594125500668,0.229210516371264,0.491362763915547,1.13282752479285,0.304405874499332,0.462623383043137,146.459814878579,0.368421052631579,2.15259310281752,0.544726301735648,0.232696304766964,94.9400923449215,0.458333333333333,1.12687115506359,0.445927903871829,0.438502439756224,146.459814878579,0.458083832335329,1.69997882997877,55.5,108,95,92,101,71,33.5,67,94,96,72,90,122,120,75.5,119,99,107,97,101,70,104,64,78,14,104,122,108,126,104,94,100,95,75,26,95,84,96,88,17.5,10.5,128,119,118,119,35.5,41,108,85,105,90.5,128,127,96.5,117,113,24,59,57,78,101,124,99,112,101,127,121,128,102,118,118,112,107,119,20,129,122,109,70.5,2.2,2.464,67,53,65,"B12",6.5,3,3.5,0.88,1,1,0.5594,1,0.92,1,0.7603,1,1,4,8,23,20,1,3,98,4,13,1,55,1,4,26.6947368421053,23.5984278871091,121.5,105.5,5.3,4.26,2.48,202.5,166.5,"http://a.espncdn.com/i/teamlogos/ncaa/500/239.png","#004834","#ffb81c","Bears",NA,NA,NA,NA,NA,NA,NA,NA,NA,NA,NA,NA,NA,NA,NA,NA,0.25,0.273,0.5,119.5,128,71
"25",25,2023,"Boise State","Mountain West",909,163,0.270907008355801,246.254470595423,0.462046204620462,1.33248980439824,0.818181818181818,0.159392789373814,3.40265654648956,1793,1.26375711574953,666,1.55407969639469,819,88,4.20454545454545,70.6,1.365,0.141914191419142,0.0836083608360836,0.0583058305830583,0.711771177117712,0.236940608828952,0.510046367851623,1.14293206678679,0.288228822882288,0.354785865202638,0.343511450381679,2.02753484230687,0.57975797579758,0.259337593365115,136.670911703416,0.499051233396584,1.05121628970467,0.412541254125413,0.367945561476451,137.979585553669,0.418666666666667,1.80366773028618,868,165,0.199835792828172,173.457468174853,0.405529953917051,1.38053878713285,0.673076923076923,0.183622828784119,3.0302729528536,1221,1.08684863523573,438,1.36476426799007,550,77,4.03896103896104,72.5,-1.244,0.172235023041475,0.111175115207373,0.0610599078341014,0.663594470046083,0.131988666987222,0.454861111111111,1.1430166298925,0.336405529953917,0.333671219144565,121.584494542168,0.308219178082192,2.07199217821032,0.464285714285714,0.161707918424631,65.1682911251262,0.429280397022333,1.06797556394377,0.528801843317972,0.264889966322807,121.584494542168,0.389978213507625,1.6826250307737,23,24.5,30,24,23,32,12.5,57,11,6,25,6,31,12,23,38,68,66,28,30,57,18,18,30,13,18,56,29,75,18,15,8,11,33,117,32,49,64,13,93,114,88,91,50,115,32,51,59,54.5,66,61,88,82.5,105,92,33.5,92,54,44,73.5,45,80,48,116,45,86,100,83,71,21,90,83,73,107,115,75,37,103,78,7.9,2.786,36.5,39.5,38,"MW",1,-4,5,0.49,0.4276,0.4049,0.6057,0.6984,1,0.9694,0.9453,0.9421,1.1842,46,102,1,107,85,114,91,88,1,15,16,15,3,28.156652360515,28.043272540807,182.5,191.5,9.8,9.31,5.94,37.5,23.5,"http://a.espncdn.com/i/teamlogos/ncaa/500/68.png","#09347A","#d8d9da","Broncos",NA,NA,NA,NA,NA,NA,NA,NA,NA,NA,NA,NA,NA,NA,NA,NA,NA,NA,NA,NA,NA,NA
"26",26,2023,"Boise State","Mountain West",909,163,0.270907008355801,246.254470595423,0.462046204620462,1.33248980439824,0.818181818181818,0.159392789373814,3.40265654648956,1793,1.26375711574953,666,1.55407969639469,819,88,4.20454545454545,70.6,1.365,0.141914191419142,0.0836083608360836,0.0583058305830583,0.711771177117712,0.236940608828952,0.510046367851623,1.14293206678679,0.288228822882288,0.354785865202638,0.343511450381679,2.02753484230687,0.57975797579758,0.259337593365115,136.670911703416,0.499051233396584,1.05121628970467,0.412541254125413,0.367945561476451,137.979585553669,0.418666666666667,1.80366773028618,868,165,0.199835792828172,173.457468174853,0.405529953917051,1.38053878713285,0.673076923076923,0.183622828784119,3.0302729528536,1221,1.08684863523573,438,1.36476426799007,550,77,4.03896103896104,72.5,-1.244,0.172235023041475,0.111175115207373,0.0610599078341014,0.663594470046083,0.131988666987222,0.454861111111111,1.1430166298925,0.336405529953917,0.333671219144565,121.584494542168,0.308219178082192,2.07199217821032,0.464285714285714,0.161707918424631,65.1682911251262,0.429280397022333,1.06797556394377,0.528801843317972,0.264889966322807,121.584494542168,0.389978213507625,1.6826250307737,23,24.5,30,24,23,32,12.5,57,11,6,25,6,31,12,23,38,68,66,28,30,57,18,18,30,13,18,56,29,75,18,15,8,11,33,117,32,49,64,13,93,114,88,91,50,115,32,51,59,54.5,66,61,88,82.5,105,92,33.5,92,54,44,73.5,45,80,48,116,45,86,100,83,71,21,90,83,73,107,115,75,37,103,78,7.9,2.786,36.5,39.5,38,"MW",1,-4,5,0.49,0.4276,0.4049,0.6057,0.6984,1,0.9694,0.9453,0.9421,1.1842,46,102,1,107,85,114,91,88,1,15,16,15,3,28.156652360515,28.043272540807,182.5,191.5,9.8,9.31,5.94,37.5,23.5,"http://a.espncdn.com/i/teamlogos/ncaa/500/68.png","#09347A","#d8d9da","Broncos",NA,NA,NA,NA,NA,NA,NA,NA,NA,NA,NA,NA,NA,NA,NA,NA,NA,NA,NA,NA,NA,NA
"27",27,2023,"Boston College","ACC",902,144,0.203256343401515,183.337221748166,0.420177383592018,1.28516852453272,0.869565217391304,0.155009451795841,3.30094517958412,1746,1.17958412098299,624,1.14366729678639,605,71,3.92957746478873,71.4,1.3,0.136363636363636,0.0798226164079823,0.0565410199556541,0.701773835920177,0.110811898349469,0.475513428120063,0.994913768159045,0.298226164079823,0.420792899973801,0.28996282527881,2.4052541869491,0.586474501108647,0.25159013421633,133.091181000439,0.46124763705104,1.10099278170109,0.404656319290466,0.179195766941189,65.4064549335339,0.36986301369863,1.61804912639138,795,145,0.246647607558644,196.084848009122,0.426415094339623,1.35760961318619,0.796296296296296,0.16,3.08377777777778,1388,1.10888888888889,499,1.58888888888889,715,69,4.39130434782609,70.2,-1.424,0.129559748427673,0.080503144654088,0.0490566037735849,0.689308176100629,0.195429318334501,0.476277372262774,1.13024820293939,0.310691823899371,0.360281706727999,141.098340142891,0.315789473684211,2.11839587055046,0.566037735849057,0.153231833137779,68.9543249120003,0.424444444444444,1.07876949885135,0.426415094339623,0.416219292456904,141.098340142891,0.436578171091445,1.71746408506425,27,99.5,60,54,68,72,1,50,28,7,44,14.5,83,53,70,62,99,97,18,21,47,34,78,68,102,34,35,82,2,15,16,9,40,19,119,100,100,106,57,46,42,111,110,82,110,112,82,68,93,76,100,114,117,55.5,120,83.5,40,123,124,114,88,114,75,111,88,98,115,95,92,126,83,93,69,110,9,124,103,115,69,-2.4,1.852,75,72,103,"ACC",1.5,3.5,-2,0.9,0.9015,1,0.7719,0.919,0.57,0.5845,0.6042,0.5925,0.4286,39,5,92,15,54,3,52,62,91,91,78,81,109,26.7411894273128,24.5550055366825,125.5,119.5,4.22,4.75,2.44,180.5,212.5,"http://a.espncdn.com/i/teamlogos/ncaa/500/103.png","#88001a","#a39161","Eagles",NA,NA,NA,NA,NA,NA,NA,NA,NA,NA,NA,NA,NA,NA,NA,NA,0.539,0.385,0.667,61.5,108.5,20
"28",28,2023,"Boston College","ACC",902,144,0.203256343401515,183.337221748166,0.420177383592018,1.28516852453272,0.869565217391304,0.155009451795841,3.30094517958412,1746,1.17958412098299,624,1.14366729678639,605,71,3.92957746478873,71.4,1.3,0.136363636363636,0.0798226164079823,0.0565410199556541,0.701773835920177,0.110811898349469,0.475513428120063,0.994913768159045,0.298226164079823,0.420792899973801,0.28996282527881,2.4052541869491,0.586474501108647,0.25159013421633,133.091181000439,0.46124763705104,1.10099278170109,0.404656319290466,0.179195766941189,65.4064549335339,0.36986301369863,1.61804912639138,795,145,0.246647607558644,196.084848009122,0.426415094339623,1.35760961318619,0.796296296296296,0.16,3.08377777777778,1388,1.10888888888889,499,1.58888888888889,715,69,4.39130434782609,70.2,-1.424,0.129559748427673,0.080503144654088,0.0490566037735849,0.689308176100629,0.195429318334501,0.476277372262774,1.13024820293939,0.310691823899371,0.360281706727999,141.098340142891,0.315789473684211,2.11839587055046,0.566037735849057,0.153231833137779,68.9543249120003,0.424444444444444,1.07876949885135,0.426415094339623,0.416219292456904,141.098340142891,0.436578171091445,1.71746408506425,27,99.5,60,54,68,72,1,50,28,7,44,14.5,83,53,70,62,99,97,18,21,47,34,78,68,102,34,35,82,2,15,16,9,40,19,119,100,100,106,57,46,42,111,110,82,110,112,82,68,93,76,100,114,117,55.5,120,83.5,40,123,124,114,88,114,75,111,88,98,115,95,92,126,83,93,69,110,9,124,103,115,69,-2.4,1.852,75,72,103,"ACC",1.5,3.5,-2,0.9,0.9015,1,0.7719,0.919,0.57,0.5845,0.6042,0.5925,0.4286,39,5,92,15,54,3,52,62,91,91,78,81,109,26.7411894273128,24.5550055366825,125.5,119.5,4.22,4.75,2.44,180.5,212.5,"http://a.espncdn.com/i/teamlogos/ncaa/500/103.png","#88001a","#a39161","Eagles",NA,NA,NA,NA,NA,NA,NA,NA,NA,NA,NA,NA,NA,NA,NA,NA,0.539,0.385,0.667,61.5,108.5,20
"29",29,2023,"Bowling Green","Mid-American",768,145,0.182933135670455,140.49264819491,0.416666666666667,1.32780512171983,0.795918367346939,0.176470588235294,3.14680306905371,1230,1.29411764705882,506,1.56010230179028,610,74,3.64864864864865,66.6,1.644,0.194010416666667,0.134114583333333,0.0598958333333333,0.641927083333333,0.120639531839967,0.476673427991886,1.07651925267131,0.358072916666667,0.294608578173839,0.309090909090909,2.02253664203044,0.509114583333333,0.168345259777502,65.8229965730033,0.457800511508951,1.0517410257474,0.475260416666667,0.262461521506962,95.798455350041,0.386301369863014,1.67826947050751,804,148,0.135984417538475,109.331471700934,0.419154228855721,1.20101135252199,0.786885245901639,0.0986238532110092,3.30045871559633,1439,1.14449541284404,499,0.972477064220184,424,72,3.70833333333333,70.1,-1.392,0.17910447761194,0.103233830845771,0.0758706467661692,0.670398009950249,0.0534704474315411,0.484230055658627,0.979031058235616,0.329601990049751,0.303814719001257,67.2276748319517,0.286792452830189,1.96333841579494,0.54228855721393,0.205702171940232,89.686146965941,0.474770642201835,0.922662091339334,0.436567164179104,0.191531837128068,67.2276748319517,0.37037037037037,1.6442290222513,105.5,94,71,77,71,36,20,81,65,82,18,49,28,51,64,87,5,8,112,125,64,126,68,65,49,126,78,66,80,68,55,66,44,32,76,73,77,99,34,50,54.5,44,41,68,25,109,133,111,107,86,100,36,40.5,75,61,88.5,51,43,68,21,52,37,88,28,52,68,22,47,44,115,107,105,120,34,13,30,19.5,91,65.5,-11.2,1.458,84.5,104,123,"MAC",0,1.5,-1.5,0.82,1,0.6119,0.7979,1.0706,0.58,0.6,0.5722,0.5698,0.5366,59,24,84,37,1,88,49,2,88,88,87,89,94,30.2111959287532,20.0161754479617,246.5,35.5,5.96,7.29,5.71,100.5,144.5,"http://a.espncdn.com/i/teamlogos/ncaa/500/189.png","#2b1000","#492000","Falcons",NA,NA,NA,NA,NA,NA,NA,NA,NA,NA,NA,NA,NA,NA,NA,NA,0.539,0.615,0.667,61.5,27.5,20
"30",30,2023,"Bowling Green","Mid-American",768,145,0.182933135670455,140.49264819491,0.416666666666667,1.32780512171983,0.795918367346939,0.176470588235294,3.14680306905371,1230,1.29411764705882,506,1.56010230179028,610,74,3.64864864864865,66.6,1.644,0.194010416666667,0.134114583333333,0.0598958333333333,0.641927083333333,0.120639531839967,0.476673427991886,1.07651925267131,0.358072916666667,0.294608578173839,0.309090909090909,2.02253664203044,0.509114583333333,0.168345259777502,65.8229965730033,0.457800511508951,1.0517410257474,0.475260416666667,0.262461521506962,95.798455350041,0.386301369863014,1.67826947050751,804,148,0.135984417538475,109.331471700934,0.419154228855721,1.20101135252199,0.786885245901639,0.0986238532110092,3.30045871559633,1439,1.14449541284404,499,0.972477064220184,424,72,3.70833333333333,70.1,-1.392,0.17910447761194,0.103233830845771,0.0758706467661692,0.670398009950249,0.0534704474315411,0.484230055658627,0.979031058235616,0.329601990049751,0.303814719001257,67.2276748319517,0.286792452830189,1.96333841579494,0.54228855721393,0.205702171940232,89.686146965941,0.474770642201835,0.922662091339334,0.436567164179104,0.191531837128068,67.2276748319517,0.37037037037037,1.6442290222513,105.5,94,71,77,71,36,20,81,65,82,18,49,28,51,64,87,5,8,112,125,64,126,68,65,49,126,78,66,80,68,55,66,44,32,76,73,77,99,34,50,54.5,44,41,68,25,109,133,111,107,86,100,36,40.5,75,61,88.5,51,43,68,21,52,37,88,28,52,68,22,47,44,115,107,105,120,34,13,30,19.5,91,65.5,-11.2,1.458,84.5,104,123,"MAC",0,1.5,-1.5,0.82,1,0.6119,0.7979,1.0706,0.58,0.6,0.5722,0.5698,0.5366,59,24,84,37,1,88,49,2,88,88,87,89,94,30.2111959287532,20.0161754479617,246.5,35.5,5.96,7.29,5.71,100.5,144.5,"http://a.espncdn.com/i/teamlogos/ncaa/500/189.png","#2b1000","#492000","Falcons",NA,NA,NA,NA,NA,NA,NA,NA,NA,NA,NA,NA,NA,NA,NA,NA,0.539,0.615,0.667,61.5,27.5,20
"31",31,2023,"Buffalo","Mid-American",777,137,0.0285232944077186,22.1625997547973,0.370656370656371,1.1618553972677,0.639344262295082,0.185089974293059,2.84987146529563,1109,0.90745501285347,353,0.683804627249357,266,56,3.53571428571429,70.6,1.347,0.164736164736165,0.0862290862290862,0.0785070785070785,0.675675675675676,-0.0433738006871979,0.422857142857143,0.936283803281873,0.324324324324324,0.178308909188795,0.261904761904762,1.92059621340184,0.500643500643501,0.0698093294674426,27.1558291628352,0.424164524421594,0.903704529433605,0.486486486486487,0.0471574542842568,17.8255177194491,0.325396825396825,1.50815534192319,678,134,0.134337337034415,91.0807145093337,0.387905604719764,1.32581575367951,0.658536585365854,0.197831978319783,2.81788617886179,1040,1.24390243902439,459,2.23035230352304,823,60,3.55,66.7,-1.671,0.175516224188791,0.12094395280236,0.0545722713864307,0.653392330383481,0.0926789482867785,0.446952595936795,1.10651474895364,0.346607669616519,0.212867831567195,52.0426047283122,0.276595744680851,1.99384035269064,0.544247787610619,0.150324198067306,55.4696290868359,0.373983739837398,1.25115357384146,0.443952802359882,0.172899019030938,52.0426047283122,0.415282392026578,1.40824280022072,99,119,131,129,119,121,121,95,113,102,123,112,128,127,122,94,68,74.5,73,36,118,80,132,126,127,80,109,104,110,77,115,111,76,108,63,130,128,131,97,3,7.5,42,25,36,96,27.5,30,24,16,118,77.5,134,128,18.5,49,131,2,49,23,99,30,55,37,104,30,28,13,33,52,117,81,65,25,131,18,24,71,7,48,-17,2.782,129,123,39,"MAC",-9,-5,-4,0.32,0.0393,0.1863,0.6345,1,0.42,0.4116,0.3889,0.4276,0.52,122,115,116,130,121,131,86,4,118,120,117,121,97,26.270205066345,21.1026648204951,105.5,61.5,5.05,4.12,2.87,214.5,182.5,"http://a.espncdn.com/i/teamlogos/ncaa/500/2084.png","#041A9B","#ebebeb","Bulls",NA,NA,NA,NA,NA,NA,NA,NA,NA,NA,NA,NA,NA,NA,NA,NA,0.25,0.417,0.333,119.5,97.5,125.5
"32",32,2023,"Buffalo","Mid-American",777,137,0.0285232944077186,22.1625997547973,0.370656370656371,1.1618553972677,0.639344262295082,0.185089974293059,2.84987146529563,1109,0.90745501285347,353,0.683804627249357,266,56,3.53571428571429,70.6,1.347,0.164736164736165,0.0862290862290862,0.0785070785070785,0.675675675675676,-0.0433738006871979,0.422857142857143,0.936283803281873,0.324324324324324,0.178308909188795,0.261904761904762,1.92059621340184,0.500643500643501,0.0698093294674426,27.1558291628352,0.424164524421594,0.903704529433605,0.486486486486487,0.0471574542842568,17.8255177194491,0.325396825396825,1.50815534192319,678,134,0.134337337034415,91.0807145093337,0.387905604719764,1.32581575367951,0.658536585365854,0.197831978319783,2.81788617886179,1040,1.24390243902439,459,2.23035230352304,823,60,3.55,66.7,-1.671,0.175516224188791,0.12094395280236,0.0545722713864307,0.653392330383481,0.0926789482867785,0.446952595936795,1.10651474895364,0.346607669616519,0.212867831567195,52.0426047283122,0.276595744680851,1.99384035269064,0.544247787610619,0.150324198067306,55.4696290868359,0.373983739837398,1.25115357384146,0.443952802359882,0.172899019030938,52.0426047283122,0.415282392026578,1.40824280022072,99,119,131,129,119,121,121,95,113,102,123,112,128,127,122,94,68,74.5,73,36,118,80,132,126,127,80,109,104,110,77,115,111,76,108,63,130,128,131,97,3,7.5,42,25,36,96,27.5,30,24,16,118,77.5,134,128,18.5,49,131,2,49,23,99,30,55,37,104,30,28,13,33,52,117,81,65,25,131,18,24,71,7,48,-17,2.782,129,123,39,"MAC",-9,-5,-4,0.32,0.0393,0.1863,0.6345,1,0.42,0.4116,0.3889,0.4276,0.52,122,115,116,130,121,131,86,4,118,120,117,121,97,26.270205066345,21.1026648204951,105.5,61.5,5.05,4.12,2.87,214.5,182.5,"http://a.espncdn.com/i/teamlogos/ncaa/500/2084.png","#041A9B","#ebebeb","Bulls",NA,NA,NA,NA,NA,NA,NA,NA,NA,NA,NA,NA,NA,NA,NA,NA,0.25,0.417,0.333,119.5,97.5,125.5
"33",33,2023,"BYU","Big 12",738,146,0.0594172147023188,43.8499044503113,0.360433604336043,1.36531502913053,0.736842105263158,0.142424242424242,3.06727272727273,1012,1.0969696969697,362,1.03636363636364,342,56,3.96428571428571,70.7,1.379,0.208672086720867,0.124661246612466,0.0840108401084011,0.632791327913279,0.00745778900923038,0.423982869379015,1.10764220060869,0.367208672086721,0.148956151228785,0.250922509225092,2.11559767688528,0.447154471544715,0.0863754533586286,28.5038996083474,0.384848484848485,1.06031854998565,0.547425474254743,0.0623925029185132,25.2065711790793,0.344059405940594,1.64398087698232,831,146,0.201753040616427,167.656776752251,0.432009626955475,1.28385286936732,0.659090909090909,0.155875299760192,3.29280575539568,1373,1.20863309352518,504,1.25179856115108,522,71,3.59154929577465,71.7,-1.292,0.14560770156438,0.0770156438026474,0.0685920577617329,0.667870036101083,0.0392830606516079,0.463063063063063,0.999102890952757,0.332129963898917,0.52845897858916,119.596141748617,0.369565217391304,2.00131114831383,0.501805054151625,0.155123301029864,64.6864165294532,0.419664268585132,0.987668888437549,0.487364620938628,0.295299115428683,119.596141748617,0.454320987654321,1.56554959036032,119.5,86.5,122,123,124,17,74.5,34,78,113.5,64,109.5,99,114,122,60,74,61,128,120,128,130,122,124,31,130,117,120,45,107,106,110,118,29,25,126,124,120,46,67.5,45,90,88,93,72,29.5,87.5,109,90.5,111,102,71,77,69.5,52,52.5,83,112,126,46,49,27,54,34,49,133,94,129,57,59,85,81,57,66,75,89,121,58,71.5,-1.5,2.052,61,69,92.5,"B12",0,1,-1,0.8,0.5784,0.9721,0.8067,0.9441,0.61,0.6206,0.6667,0.6094,0.5,59,31,73,40,80,26,47,53,80,84,70,80,99,26.9748677248677,20.626575711092,135.5,53.5,3.9,3.9,2.63,230.5,226.5,"http://a.espncdn.com/i/teamlogos/ncaa/500/252.png","#001E4C","#ffffff","Cougars",NA,NA,NA,NA,NA,NA,NA,NA,NA,NA,NA,NA,NA,NA,NA,NA,0.417,0.417,0.583,89.5,97.5,36.5
"34",34,2023,"BYU","Big 12",738,146,0.0594172147023188,43.8499044503113,0.360433604336043,1.36531502913053,0.736842105263158,0.142424242424242,3.06727272727273,1012,1.0969696969697,362,1.03636363636364,342,56,3.96428571428571,70.7,1.379,0.208672086720867,0.124661246612466,0.0840108401084011,0.632791327913279,0.00745778900923038,0.423982869379015,1.10764220060869,0.367208672086721,0.148956151228785,0.250922509225092,2.11559767688528,0.447154471544715,0.0863754533586286,28.5038996083474,0.384848484848485,1.06031854998565,0.547425474254743,0.0623925029185132,25.2065711790793,0.344059405940594,1.64398087698232,831,146,0.201753040616427,167.656776752251,0.432009626955475,1.28385286936732,0.659090909090909,0.155875299760192,3.29280575539568,1373,1.20863309352518,504,1.25179856115108,522,71,3.59154929577465,71.7,-1.292,0.14560770156438,0.0770156438026474,0.0685920577617329,0.667870036101083,0.0392830606516079,0.463063063063063,0.999102890952757,0.332129963898917,0.52845897858916,119.596141748617,0.369565217391304,2.00131114831383,0.501805054151625,0.155123301029864,64.6864165294532,0.419664268585132,0.987668888437549,0.487364620938628,0.295299115428683,119.596141748617,0.454320987654321,1.56554959036032,119.5,86.5,122,123,124,17,74.5,34,78,113.5,64,109.5,99,114,122,60,74,61,128,120,128,130,122,124,31,130,117,120,45,107,106,110,118,29,25,126,124,120,46,67.5,45,90,88,93,72,29.5,87.5,109,90.5,111,102,71,77,69.5,52,52.5,83,112,126,46,49,27,54,34,49,133,94,129,57,59,85,81,57,66,75,89,121,58,71.5,-1.5,2.052,61,69,92.5,"B12",0,1,-1,0.8,0.5784,0.9721,0.8067,0.9441,0.61,0.6206,0.6667,0.6094,0.5,59,31,73,40,80,26,47,53,80,84,70,80,99,26.9748677248677,20.626575711092,135.5,53.5,3.9,3.9,2.63,230.5,226.5,"http://a.espncdn.com/i/teamlogos/ncaa/500/252.png","#001E4C","#ffffff","Cougars",NA,NA,NA,NA,NA,NA,NA,NA,NA,NA,NA,NA,NA,NA,NA,NA,0.417,0.417,0.583,89.5,97.5,36.5
"35",35,2023,"California","ACC",908,167,0.203669449843156,184.931860457586,0.409691629955947,1.31186014830157,0.742424242424242,0.139784946236559,3.34688172043011,1556,1.1247311827957,523,1.2752688172043,593,81,4.12345679012346,68.8,1.442,0.17511013215859,0.107929515418502,0.0671806167400881,0.680616740088106,0.151077637996215,0.475728155339806,1.11717556973218,0.319383259911894,0.315744414399742,0.268965517241379,2.04567125214006,0.512114537444934,0.217260627027566,101.026191567818,0.440860215053763,1.04828878853933,0.481277533039648,0.223894805476241,97.8420299931175,0.382151029748284,1.63540582944685,934,172,0.20842746472994,194.671252057764,0.447537473233405,1.25900070477737,0.720588235294118,0.161662817551963,2.95912240184758,1281,1.09237875288684,473,0.935334872979215,405,89,4.40449438202247,68.1,-1.529,0.159528907922912,0.0910064239828694,0.0685224839400428,0.721627408993576,0.150369945986459,0.486646884272997,1.11291875161534,0.278372591006424,0.358930417164964,157.236499485905,0.346153846153846,1.7913882674123,0.463597430406852,0.109186687767259,47.2778358032233,0.450346420323326,0.99158133792675,0.526766595289079,0.319586381068912,157.236499485905,0.453252032520325,1.49284275202342,24,13,59,50,83,51,67,28,22,27,55,42.5,67,54.5,40,46,23,39.5,92,80,96,73,53,67,21,73,69,98,65,65,30,25,56,37,69,85,76,100,49,127,125,93,109,107,56,61,78,43,66,69,85,29,34.5,132,121,115,19,78,101,48,129,97,89,105,129,97,125,123,10,20,52,56,99,69,112,104,120,35,79.5,2.8,2.802,32,52,37,"ACC",3,2.5,0.5,0.96,1,1,0.8529,1,0.71,0.6594,0.8261,0.6976,0.5909,22,12,57,5,1,3,35,4,59,71,36,62,84,24.0193340494092,26.8256896353666,29.5,163.5,5.78,8.09,5.01,71.5,152.5,"http://a.espncdn.com/i/teamlogos/ncaa/500/25.png","#031522","#ffc423","Golden Bears",NA,NA,NA,NA,NA,NA,NA,NA,NA,NA,NA,NA,NA,NA,NA,NA,0.462,0.462,0.539,77,78.5,53
"36",36,2023,"California","ACC",908,167,0.203669449843156,184.931860457586,0.409691629955947,1.31186014830157,0.742424242424242,0.139784946236559,3.34688172043011,1556,1.1247311827957,523,1.2752688172043,593,81,4.12345679012346,68.8,1.442,0.17511013215859,0.107929515418502,0.0671806167400881,0.680616740088106,0.151077637996215,0.475728155339806,1.11717556973218,0.319383259911894,0.315744414399742,0.268965517241379,2.04567125214006,0.512114537444934,0.217260627027566,101.026191567818,0.440860215053763,1.04828878853933,0.481277533039648,0.223894805476241,97.8420299931175,0.382151029748284,1.63540582944685,934,172,0.20842746472994,194.671252057764,0.447537473233405,1.25900070477737,0.720588235294118,0.161662817551963,2.95912240184758,1281,1.09237875288684,473,0.935334872979215,405,89,4.40449438202247,68.1,-1.529,0.159528907922912,0.0910064239828694,0.0685224839400428,0.721627408993576,0.150369945986459,0.486646884272997,1.11291875161534,0.278372591006424,0.358930417164964,157.236499485905,0.346153846153846,1.7913882674123,0.463597430406852,0.109186687767259,47.2778358032233,0.450346420323326,0.99158133792675,0.526766595289079,0.319586381068912,157.236499485905,0.453252032520325,1.49284275202342,24,13,59,50,83,51,67,28,22,27,55,42.5,67,54.5,40,46,23,39.5,92,80,96,73,53,67,21,73,69,98,65,65,30,25,56,37,69,85,76,100,49,127,125,93,109,107,56,61,78,43,66,69,85,29,34.5,132,121,115,19,78,101,48,129,97,89,105,129,97,125,123,10,20,52,56,99,69,112,104,120,35,79.5,2.8,2.802,32,52,37,"ACC",3,2.5,0.5,0.96,1,1,0.8529,1,0.71,0.6594,0.8261,0.6976,0.5909,22,12,57,5,1,3,35,4,59,71,36,62,84,24.0193340494092,26.8256896353666,29.5,163.5,5.78,8.09,5.01,71.5,152.5,"http://a.espncdn.com/i/teamlogos/ncaa/500/25.png","#031522","#ffc423","Golden Bears",NA,NA,NA,NA,NA,NA,NA,NA,NA,NA,NA,NA,NA,NA,NA,NA,0.462,0.462,0.539,77,78.5,53
"37",37,2023,"Central Michigan","Mid-American",770,139,0.152186725591166,117.183778705198,0.394805194805195,1.30389964877621,0.781818181818182,0.140811455847255,3.27112171837709,1371,1.10023866348449,461,1.14558472553699,480,55,4.2,70.9,1.358,0.141558441558442,0.1,0.0415584415584416,0.645454545454546,0.0480630600351088,0.456740442655936,0.98505205742056,0.354545454545455,0.341745193654757,0.282051282051282,2.2438789116039,0.544155844155844,0.209988701005818,87.9852657214377,0.429594272076372,1.07889608572718,0.444155844155844,0.139001497304055,47.5385120779868,0.362573099415205,1.63051772416997,762,142,0.304675695936751,232.162880303804,0.448818897637795,1.32827577479511,0.775862068965517,0.138817480719794,3.32699228791774,1294,1.24935732647815,486,1.573264781491,612,67,4.43283582089552,71.3,-1.317,0.135170603674541,0.0813648293963255,0.0538057742782152,0.686351706036745,0.282610029300915,0.520076481835564,1.15871551908571,0.313648293963255,0.352961652633579,145.385601899558,0.292887029288703,1.98713848269449,0.510498687664042,0.233014539774805,90.6426559723992,0.473007712082262,1.03487126548923,0.482939632545932,0.395069570379234,145.385601899558,0.429347826086957,1.66996203879689,103.5,114.5,87,90,102,58,27,29,35,60.5,62,72,82,81.5,125,39,83.5,68,26,61,9,121,110,93,112,121,58,89,17,37,35,37,68,23,101,110,113,114,50,26,29.5,129,123,112,97,104,115,114,72,120,89,113,98,48,123,59,76,121,123,104,77,133,128,120,77,95,119,60,50,73,119,106,118,90,65,122,90,101,56,-15.9,1.658,116.5,117.5,115,"MAC",-4.5,-2.5,-2,0.6,0,0.9483,0.8797,0.7235,0.55,0.5797,0.472,0.5316,0.6667,102,80,92,87,128,31,28,84,99,92,108,105,66,27.8858974358974,21.8346584908789,174.5,77.5,5.02,5.37,3.17,156.5,184.5,"http://a.espncdn.com/i/teamlogos/ncaa/500/2117.png","#6a0032","#ffffff","Chippewas",NA,NA,NA,NA,NA,NA,NA,NA,NA,NA,NA,NA,NA,NA,NA,NA,0.417,0.25,0.583,89.5,131.5,36.5
"38",38,2023,"Central Michigan","Mid-American",770,139,0.152186725591166,117.183778705198,0.394805194805195,1.30389964877621,0.781818181818182,0.140811455847255,3.27112171837709,1371,1.10023866348449,461,1.14558472553699,480,55,4.2,70.9,1.358,0.141558441558442,0.1,0.0415584415584416,0.645454545454546,0.0480630600351088,0.456740442655936,0.98505205742056,0.354545454545455,0.341745193654757,0.282051282051282,2.2438789116039,0.544155844155844,0.209988701005818,87.9852657214377,0.429594272076372,1.07889608572718,0.444155844155844,0.139001497304055,47.5385120779868,0.362573099415205,1.63051772416997,762,142,0.304675695936751,232.162880303804,0.448818897637795,1.32827577479511,0.775862068965517,0.138817480719794,3.32699228791774,1294,1.24935732647815,486,1.573264781491,612,67,4.43283582089552,71.3,-1.317,0.135170603674541,0.0813648293963255,0.0538057742782152,0.686351706036745,0.282610029300915,0.520076481835564,1.15871551908571,0.313648293963255,0.352961652633579,145.385601899558,0.292887029288703,1.98713848269449,0.510498687664042,0.233014539774805,90.6426559723992,0.473007712082262,1.03487126548923,0.482939632545932,0.395069570379234,145.385601899558,0.429347826086957,1.66996203879689,103.5,114.5,87,90,102,58,27,29,35,60.5,62,72,82,81.5,125,39,83.5,68,26,61,9,121,110,93,112,121,58,89,17,37,35,37,68,23,101,110,113,114,50,26,29.5,129,123,112,97,104,115,114,72,120,89,113,98,48,123,59,76,121,123,104,77,133,128,120,77,95,119,60,50,73,119,106,118,90,65,122,90,101,56,-15.9,1.658,116.5,117.5,115,"MAC",-4.5,-2.5,-2,0.6,0,0.9483,0.8797,0.7235,0.55,0.5797,0.472,0.5316,0.6667,102,80,92,87,128,31,28,84,99,92,108,105,66,27.8858974358974,21.8346584908789,174.5,77.5,5.02,5.37,3.17,156.5,184.5,"http://a.espncdn.com/i/teamlogos/ncaa/500/2117.png","#6a0032","#ffffff","Chippewas",NA,NA,NA,NA,NA,NA,NA,NA,NA,NA,NA,NA,NA,NA,NA,NA,0.417,0.25,0.583,89.5,131.5,36.5
"39",39,2023,"Charlotte","American Athletic",771,146,0.0448091968477974,34.5478907696518,0.346303501945525,1.31294729536195,0.6,0.219047619047619,2.89547619047619,1216,1.10714285714286,465,1.12619047619048,473,56,2.83928571428571,71.2,1.323,0.17769130998703,0.121919584954604,0.0557717250324254,0.64591439688716,0.0113842883573986,0.413654618473896,1.11200873505086,0.35408560311284,0.105782106841272,0.223443223443223,1.99152669575678,0.544747081712062,0.113337826177838,47.601886994692,0.364285714285714,1.13706357070209,0.442282749675746,0.0229000141855508,7.80890483727282,0.334310850439883,1.54900176793177,750,149,0.163565562941567,122.674172206175,0.406666666666667,1.27618431110634,0.622222222222222,0.195061728395062,2.99506172839506,1213,1,405,1.4,567,70,4,67.3,-1.637,0.148,0.092,0.056,0.690666666666667,0.114551292597515,0.451737451737452,1.08018753722219,0.309333333333333,0.273002597589063,96.3027265444198,0.306034482758621,1.9221455095414,0.54,0.121023570375426,49.0145460020476,0.409876543209877,0.995932318711697,0.450666666666667,0.284919309303017,96.3027265444198,0.411242603550296,1.6108737408726,102,86.5,126,125,131,49,129.5,129,109,85,57,70,88,83,122,127,93,88,96,114,45,119,120,130,26,119,128,129,91,35,90,89,129,11,103,131,131,125,85,19.5,61,63,54,51,66,14.5,34,49,50.5,41,37.5,92,86.5,62.5,88.5,124,5.5,109,99,91.5,92,68,41,93,92,52,60,80,30,113,60,59,49,73,22,85,63,84,60.5,-18.1,1.67,101,126,111.5,"AAC",6,1,5,0.9,0.7542,1,1,0.7147,0.98,1,0.9308,1,1,7,31,1,15,66,3,1,87,8,1,19,1,4,29.3712121212121,18.367345995671,214.5,19.5,2.76,4.15,2.72,208.5,252.5,"http://a.espncdn.com/i/teamlogos/ncaa/500/2429.png","#0C562D","#cfab7a","49ers",NA,NA,NA,NA,NA,NA,NA,NA,NA,NA,NA,NA,NA,NA,NA,NA,0.25,0.5,0.5,119.5,63.5,71
"40",40,2023,"Charlotte","American Athletic",771,146,0.0448091968477974,34.5478907696518,0.346303501945525,1.31294729536195,0.6,0.219047619047619,2.89547619047619,1216,1.10714285714286,465,1.12619047619048,473,56,2.83928571428571,71.2,1.323,0.17769130998703,0.121919584954604,0.0557717250324254,0.64591439688716,0.0113842883573986,0.413654618473896,1.11200873505086,0.35408560311284,0.105782106841272,0.223443223443223,1.99152669575678,0.544747081712062,0.113337826177838,47.601886994692,0.364285714285714,1.13706357070209,0.442282749675746,0.0229000141855508,7.80890483727282,0.334310850439883,1.54900176793177,750,149,0.163565562941567,122.674172206175,0.406666666666667,1.27618431110634,0.622222222222222,0.195061728395062,2.99506172839506,1213,1,405,1.4,567,70,4,67.3,-1.637,0.148,0.092,0.056,0.690666666666667,0.114551292597515,0.451737451737452,1.08018753722219,0.309333333333333,0.273002597589063,96.3027265444198,0.306034482758621,1.9221455095414,0.54,0.121023570375426,49.0145460020476,0.409876543209877,0.995932318711697,0.450666666666667,0.284919309303017,96.3027265444198,0.411242603550296,1.6108737408726,102,86.5,126,125,131,49,129.5,129,109,85,57,70,88,83,122,127,93,88,96,114,45,119,120,130,26,119,128,129,91,35,90,89,129,11,103,131,131,125,85,19.5,61,63,54,51,66,14.5,34,49,50.5,41,37.5,92,86.5,62.5,88.5,124,5.5,109,99,91.5,92,68,41,93,92,52,60,80,30,113,60,59,49,73,22,85,63,84,60.5,-18.1,1.67,101,126,111.5,"AAC",6,1,5,0.9,0.7542,1,1,0.7147,0.98,1,0.9308,1,1,7,31,1,15,66,3,1,87,8,1,19,1,4,29.3712121212121,18.367345995671,214.5,19.5,2.76,4.15,2.72,208.5,252.5,"http://a.espncdn.com/i/teamlogos/ncaa/500/2429.png","#0C562D","#cfab7a","49ers",NA,NA,NA,NA,NA,NA,NA,NA,NA,NA,NA,NA,NA,NA,NA,NA,0.25,0.5,0.5,119.5,63.5,71
"41",41,2023,"Cincinnati","Big 12",862,137,0.214264112922749,184.69566533941,0.438515081206497,1.25928175959683,0.640625,0.144628099173554,3.36838842975207,1630,1.27479338842975,617,1.44834710743802,701,67,3.91044776119403,74.2,1.094,0.150812064965197,0.0962877030162413,0.0545243619489559,0.694895591647332,0.0992788758087403,0.479131886477462,1.00816365826509,0.305104408352668,0.476150641558839,0.346007604562738,2.05126961764308,0.561484918793503,0.242771867184142,117.501583717125,0.464876033057851,1.06877368617097,0.4292343387471,0.21667972528621,80.1714983558975,0.413513513513514,1.53944069110543,710,135,0.312709222575903,222.023548028891,0.42112676056338,1.50895831141145,0.783783783783784,0.224324324324324,3.09648648648649,1146,1.41891891891892,525,2.11081081081081,781,74,4.02702702702703,70.6,-1.362,0.187323943661972,0.11830985915493,0.0690140845070423,0.652112676056338,0.264582751602863,0.457883369330454,1.34155117242429,0.347887323943662,0.402922000148847,127.952749771664,0.352226720647773,1.9168929489434,0.52112676056338,0.274001333396451,101.380493356687,0.437837837837838,1.30628670783588,0.469014084507042,0.3842424918068,127.952749771664,0.411411411411411,1.74861378425263,45,119,55,52,48,82,120,38,16,17,22,16,44,33.5,85.5,68,131.5,132,49,51,41,47,87,61,96,47,20,26,61,26,19,15,37,26,110,86,87,68,90,8,10.5,131,118,72,131,106,11,73,30.5,134,109.5,133,123,87.5,91,72,61,26,31,45,27,130,50,134,27,109,106,124,27,93,130,122,81,134,38,118,64,120,72,-0.1,2.08,58.5,62.5,90,"B12",3.5,0,3.5,0.77,0.7428,0.6738,1,0.5304,0.82,0.869,0.7852,0.8361,0.7429,20,47,23,50,70,80,1,99,32,26,47,33,53,26.2451539338654,28.1497756636247,101.5,193.5,5.08,5.25,3.04,161.5,176.5,"http://a.espncdn.com/i/teamlogos/ncaa/500/2132.png","#000000","#717073","Bearcats",NA,NA,NA,NA,NA,NA,NA,NA,NA,NA,NA,NA,NA,NA,NA,NA,0.25,0.333,0.667,119.5,119,20
"42",42,2023,"Cincinnati","Big 12",862,137,0.214264112922749,184.69566533941,0.438515081206497,1.25928175959683,0.640625,0.144628099173554,3.36838842975207,1630,1.27479338842975,617,1.44834710743802,701,67,3.91044776119403,74.2,1.094,0.150812064965197,0.0962877030162413,0.0545243619489559,0.694895591647332,0.0992788758087403,0.479131886477462,1.00816365826509,0.305104408352668,0.476150641558839,0.346007604562738,2.05126961764308,0.561484918793503,0.242771867184142,117.501583717125,0.464876033057851,1.06877368617097,0.4292343387471,0.21667972528621,80.1714983558975,0.413513513513514,1.53944069110543,710,135,0.312709222575903,222.023548028891,0.42112676056338,1.50895831141145,0.783783783783784,0.224324324324324,3.09648648648649,1146,1.41891891891892,525,2.11081081081081,781,74,4.02702702702703,70.6,-1.362,0.187323943661972,0.11830985915493,0.0690140845070423,0.652112676056338,0.264582751602863,0.457883369330454,1.34155117242429,0.347887323943662,0.402922000148847,127.952749771664,0.352226720647773,1.9168929489434,0.52112676056338,0.274001333396451,101.380493356687,0.437837837837838,1.30628670783588,0.469014084507042,0.3842424918068,127.952749771664,0.411411411411411,1.74861378425263,45,119,55,52,48,82,120,38,16,17,22,16,44,33.5,85.5,68,131.5,132,49,51,41,47,87,61,96,47,20,26,61,26,19,15,37,26,110,86,87,68,90,8,10.5,131,118,72,131,106,11,73,30.5,134,109.5,133,123,87.5,91,72,61,26,31,45,27,130,50,134,27,109,106,124,27,93,130,122,81,134,38,118,64,120,72,-0.1,2.08,58.5,62.5,90,"B12",3.5,0,3.5,0.77,0.7428,0.6738,1,0.5304,0.82,0.869,0.7852,0.8361,0.7429,20,47,23,50,70,80,1,99,32,26,47,33,53,26.2451539338654,28.1497756636247,101.5,193.5,5.08,5.25,3.04,161.5,176.5,"http://a.espncdn.com/i/teamlogos/ncaa/500/2132.png","#000000","#717073","Bearcats",NA,NA,NA,NA,NA,NA,NA,NA,NA,NA,NA,NA,NA,NA,NA,NA,0.25,0.333,0.667,119.5,119,20
"43",43,2023,"Clemson","ACC",972,175,0.160549429469993,156.054045444834,0.451646090534979,1.09955598553531,0.776315789473684,0.135699373695198,3.2517745302714,1558,1.17745302713987,564,1.41753653444676,679,87,3.62068965517241,67.4,1.622,0.171810699588477,0.104938271604938,0.0668724279835391,0.709876543209877,0.150033502661484,0.515942028985507,0.922158006465421,0.290123456790123,0.186279888682303,0.294326241134752,1.86044370299171,0.492798353909465,0.181250820321162,86.8191429338368,0.473903966597077,0.931223299614896,0.502057613168724,0.163263246898004,79.6724644862261,0.434426229508197,1.2797990030067,781,170,0.0690232223081854,53.9071366226928,0.331626120358515,1.36574192495237,0.825,0.146892655367232,2.89774011299435,1026,0.861581920903955,305,1.31638418079096,466,48,4.04166666666667,73.5,-1.142,0.236875800256082,0.137003841229193,0.0998719590268886,0.600512163892446,0.0140101482944504,0.392324093816631,1.16624159946597,0.399487836107554,0.15171915728396,20.4914561235923,0.240384615384615,1.85518272347902,0.453265044814341,0.119100919101487,42.1617253619263,0.344632768361582,1.19652658740692,0.537772087067862,0.0487891812466484,20.4914561235923,0.326190476190476,1.51643003575927,7,7,83,68,36,132,32,19,42,26,46,26,49,36,25.5,90,14.5,10,86,74,94,21,54,26,128,21,107,78,121,82,47,39,28,99,54,104,88,53,134,33,123.5,11,11,2,113,118,103,35,14,9,8,80,61,3,93,16,120,3,9,1,1,18,5,122,1,11,5,6,14,15,58,49,5,128,120,5,2,43,88.5,18.8,2.464,13.5,16,66.5,"ACC",0,1,-1,0.9,0.9858,0.989,0.6677,0.9419,0.63,0.6453,0.5261,0.6537,0.8,59,31,73,15,43,24,79,56,76,78,97,70,44,26.0430861723447,26.5659766199065,85.5,157.5,9.5,9.63,6.64,25.5,37.5,"http://a.espncdn.com/i/teamlogos/ncaa/500/228.png","#522D80","#F56600","Tigers",NA,NA,NA,NA,NA,NA,NA,NA,NA,NA,NA,NA,NA,NA,NA,NA,0.692,0.462,0.462,33,78.5,88.5
"44",44,2023,"Clemson","ACC",972,175,0.160549429469993,156.054045444834,0.451646090534979,1.09955598553531,0.776315789473684,0.135699373695198,3.2517745302714,1558,1.17745302713987,564,1.41753653444676,679,87,3.62068965517241,67.4,1.622,0.171810699588477,0.104938271604938,0.0668724279835391,0.709876543209877,0.150033502661484,0.515942028985507,0.922158006465421,0.290123456790123,0.186279888682303,0.294326241134752,1.86044370299171,0.492798353909465,0.181250820321162,86.8191429338368,0.473903966597077,0.931223299614896,0.502057613168724,0.163263246898004,79.6724644862261,0.434426229508197,1.2797990030067,781,170,0.0690232223081854,53.9071366226928,0.331626120358515,1.36574192495237,0.825,0.146892655367232,2.89774011299435,1026,0.861581920903955,305,1.31638418079096,466,48,4.04166666666667,73.5,-1.142,0.236875800256082,0.137003841229193,0.0998719590268886,0.600512163892446,0.0140101482944504,0.392324093816631,1.16624159946597,0.399487836107554,0.15171915728396,20.4914561235923,0.240384615384615,1.85518272347902,0.453265044814341,0.119100919101487,42.1617253619263,0.344632768361582,1.19652658740692,0.537772087067862,0.0487891812466484,20.4914561235923,0.326190476190476,1.51643003575927,7,7,83,68,36,132,32,19,42,26,46,26,49,36,25.5,90,14.5,10,86,74,94,21,54,26,128,21,107,78,121,82,47,39,28,99,54,104,88,53,134,33,123.5,11,11,2,113,118,103,35,14,9,8,80,61,3,93,16,120,3,9,1,1,18,5,122,1,11,5,6,14,15,58,49,5,128,120,5,2,43,88.5,18.8,2.464,13.5,16,66.5,"ACC",0,1,-1,0.9,0.9858,0.989,0.6677,0.9419,0.63,0.6453,0.5261,0.6537,0.8,59,31,73,15,43,24,79,56,76,78,97,70,44,26.0430861723447,26.5659766199065,85.5,157.5,9.5,9.63,6.64,25.5,37.5,"http://a.espncdn.com/i/teamlogos/ncaa/500/228.png","#522D80","#F56600","Tigers",NA,NA,NA,NA,NA,NA,NA,NA,NA,NA,NA,NA,NA,NA,NA,NA,0.692,0.462,0.462,33,78.5,88.5
"45",45,2023,"Coastal Carolina","Sun Belt",861,145,0.219970447375396,189.394555190216,0.415795586527294,1.37725659251458,0.65,0.211981566820276,2.89654377880184,1257,1.04147465437788,452,1.25345622119816,544,80,3.45,72.6,1.225,0.146341463414634,0.103368176538908,0.0429732868757259,0.685249709639954,0.0718028228586171,0.449152542372881,1.04889412441002,0.314750290360046,0.542549408500485,0.343173431734317,2.31291308765121,0.504065040650406,0.0923954273983873,40.0996154909001,0.403225806451613,1.03419404490214,0.488966318234611,0.384372166837543,161.820682238605,0.434679334916865,1.70532187028604,846,149,0.165033569746216,139.618400005299,0.439716312056738,1.21583592819863,0.851063829787234,0.143181818181818,3.36068181818182,1479,1.275,561,1.07045454545455,471,75,3.77333333333333,70,-1.383,0.159574468085106,0.0862884160756501,0.0732860520094563,0.679669030732861,0.113493748312722,0.48695652173913,0.994753129770041,0.320330969267139,0.274389279429829,64.6938278112262,0.339483394833948,1.88869661906826,0.520094562647754,0.199009358738382,87.5641178448883,0.470454545454545,0.956533964530857,0.470449172576832,0.162547306058357,64.6938278112262,0.414572864321608,1.54114202807275,47,94,48,47,74,12,118,123,108,77,85,75,70,65,42,99,119,115,35,72,13,63,100,105,70,63,9,30,8,74,102,99,101,47,59,28,28,52,29,80,61,65,64,102,33,127.5,106,120,116,126,121,48,64,96.5,66,92.5,54,76,112,31,68,66,90,33,68,54,20,116,22,89,102,103,114,47,43,20,69,49,56,-6.5,2.256,116.5,85.5,80,"SUN",-9,-5,-4,0.43,0.3733,0.3569,0.6314,0.3219,0.41,0.4523,0.3413,0.428,0.4091,122,115,116,114,89,120,89,114,119,117,120,120,113,28.3737142857143,26.0491419552659,188.5,149.5,6.56,4.06,2.02,218.5,116.5,"http://a.espncdn.com/i/teamlogos/ncaa/500/324.png","#007073","#876447","Chanticleers",NA,NA,NA,NA,NA,NA,NA,NA,NA,NA,NA,NA,NA,NA,NA,NA,0.615,0.692,0.308,47,9.5,129.5
"46",46,2023,"Coastal Carolina","Sun Belt",861,145,0.219970447375396,189.394555190216,0.415795586527294,1.37725659251458,0.65,0.211981566820276,2.89654377880184,1257,1.04147465437788,452,1.25345622119816,544,80,3.45,72.6,1.225,0.146341463414634,0.103368176538908,0.0429732868757259,0.685249709639954,0.0718028228586171,0.449152542372881,1.04889412441002,0.314750290360046,0.542549408500485,0.343173431734317,2.31291308765121,0.504065040650406,0.0923954273983873,40.0996154909001,0.403225806451613,1.03419404490214,0.488966318234611,0.384372166837543,161.820682238605,0.434679334916865,1.70532187028604,846,149,0.165033569746216,139.618400005299,0.439716312056738,1.21583592819863,0.851063829787234,0.143181818181818,3.36068181818182,1479,1.275,561,1.07045454545455,471,75,3.77333333333333,70,-1.383,0.159574468085106,0.0862884160756501,0.0732860520094563,0.679669030732861,0.113493748312722,0.48695652173913,0.994753129770041,0.320330969267139,0.274389279429829,64.6938278112262,0.339483394833948,1.88869661906826,0.520094562647754,0.199009358738382,87.5641178448883,0.470454545454545,0.956533964530857,0.470449172576832,0.162547306058357,64.6938278112262,0.414572864321608,1.54114202807275,47,94,48,47,74,12,118,123,108,77,85,75,70,65,42,99,119,115,35,72,13,63,100,105,70,63,9,30,8,74,102,99,101,47,59,28,28,52,29,80,61,65,64,102,33,127.5,106,120,116,126,121,48,64,96.5,66,92.5,54,76,112,31,68,66,90,33,68,54,20,116,22,89,102,103,114,47,43,20,69,49,56,-6.5,2.256,116.5,85.5,80,"SUN",-9,-5,-4,0.43,0.3733,0.3569,0.6314,0.3219,0.41,0.4523,0.3413,0.428,0.4091,122,115,116,114,89,120,89,114,119,117,120,120,113,28.3737142857143,26.0491419552659,188.5,149.5,6.56,4.06,2.02,218.5,116.5,"http://a.espncdn.com/i/teamlogos/ncaa/500/324.png","#007073","#876447","Chanticleers",NA,NA,NA,NA,NA,NA,NA,NA,NA,NA,NA,NA,NA,NA,NA,NA,0.615,0.692,0.308,47,9.5,129.5
"47",47,2023,"Colorado","Big 12",815,152,0.173106598224502,141.081877552969,0.415950920245399,1.30555713305123,0.769230769230769,0.144295302013423,3.12751677852349,932,1.0503355704698,313,1.10402684563758,329,66,4.24242424242424,71.3,1.292,0.173006134969325,0.120245398773006,0.052760736196319,0.658895705521472,0.0249506083049622,0.459962756052142,0.975839361457848,0.341104294478528,0.459292808968361,0.330935251798561,2.19077767200303,0.365644171779141,-0.0177940614541105,-5.30263031332494,0.38255033557047,0.917081721504214,0.633128834355828,0.284200708122171,146.64756539104,0.436046511627907,1.50238467490172,845,148,0.284269673286546,240.207873927132,0.469822485207101,1.27619078286854,0.849056603773585,0.178313253012048,3.10987951807229,1291,1.17831325301205,489,1.34698795180723,559,79,4.29113924050633,71.6,-1.305,0.156213017751479,0.0994082840236686,0.0568047337278106,0.700591715976331,0.203224958355536,0.508445945945946,1.03812224345369,0.299408284023669,0.473907899528279,155.497008982079,0.379446640316206,2.02263484915884,0.49112426035503,0.226581285890471,94.0312336445453,0.472289156626506,1.02180419679379,0.50414201183432,0.365016453009576,155.497008982079,0.471830985915493,1.52424934441406,79,58.5,75,76,73,55,41,37,70,121.5,81,123.5,91,115,89.5,33,96.5,99,87,108,37,106,117,92,114,106,23,43,28,131,130,130,123,105,2,67,39,51,99,79,54.5,123,128,128,67,126,62,79,70.5,99,93.5,83,85,108,114,55,78,92,74,88,111,115,116,65,111,128,122,132,61,49,115,111,117,85,88,115,127,45,75,0.3,2.572,51,60,53,"B12",5.5,0.5,5,0.88,1,0.8102,1,0.1654,1,1,1,1,1,10,37,1,20,1,50,1,126,1,1,1,1,4,23.8473557692308,25.2123921251709,27.5,133.5,3.88,5.24,3.27,164.5,228.5,"http://a.espncdn.com/i/teamlogos/ncaa/500/38.png","#d1c57e","#ffd200","Buffaloes",NA,NA,NA,NA,NA,NA,NA,NA,NA,NA,NA,NA,NA,NA,NA,NA,0.333,0.636,0.5,104,22,71
"48",48,2023,"Colorado","Big 12",815,152,0.173106598224502,141.081877552969,0.415950920245399,1.30555713305123,0.769230769230769,0.144295302013423,3.12751677852349,932,1.0503355704698,313,1.10402684563758,329,66,4.24242424242424,71.3,1.292,0.173006134969325,0.120245398773006,0.052760736196319,0.658895705521472,0.0249506083049622,0.459962756052142,0.975839361457848,0.341104294478528,0.459292808968361,0.330935251798561,2.19077767200303,0.365644171779141,-0.0177940614541105,-5.30263031332494,0.38255033557047,0.917081721504214,0.633128834355828,0.284200708122171,146.64756539104,0.436046511627907,1.50238467490172,845,148,0.284269673286546,240.207873927132,0.469822485207101,1.27619078286854,0.849056603773585,0.178313253012048,3.10987951807229,1291,1.17831325301205,489,1.34698795180723,559,79,4.29113924050633,71.6,-1.305,0.156213017751479,0.0994082840236686,0.0568047337278106,0.700591715976331,0.203224958355536,0.508445945945946,1.03812224345369,0.299408284023669,0.473907899528279,155.497008982079,0.379446640316206,2.02263484915884,0.49112426035503,0.226581285890471,94.0312336445453,0.472289156626506,1.02180419679379,0.50414201183432,0.365016453009576,155.497008982079,0.471830985915493,1.52424934441406,79,58.5,75,76,73,55,41,37,70,121.5,81,123.5,91,115,89.5,33,96.5,99,87,108,37,106,117,92,114,106,23,43,28,131,130,130,123,105,2,67,39,51,99,79,54.5,123,128,128,67,126,62,79,70.5,99,93.5,83,85,108,114,55,78,92,74,88,111,115,116,65,111,128,122,132,61,49,115,111,117,85,88,115,127,45,75,0.3,2.572,51,60,53,"B12",5.5,0.5,5,0.88,1,0.8102,1,0.1654,1,1,1,1,1,10,37,1,20,1,50,1,126,1,1,1,1,4,23.8473557692308,25.2123921251709,27.5,133.5,3.88,5.24,3.27,164.5,228.5,"http://a.espncdn.com/i/teamlogos/ncaa/500/38.png","#d1c57e","#ffd200","Buffaloes",NA,NA,NA,NA,NA,NA,NA,NA,NA,NA,NA,NA,NA,NA,NA,NA,0.333,0.636,0.5,104,22,71
"49",49,2023,"Colorado State","Mountain West",822,148,0.171848353256227,141.259346376618,0.418491484184915,1.23209677635982,0.69047619047619,0.20253164556962,2.70474683544304,855,0.727848101265823,230,0.401898734177215,127,64,3.65625,73.9,1.125,0.155717761557178,0.0742092457420925,0.0815085158150852,0.671532846715328,0.0974884418048802,0.478260869565217,1.01451051837169,0.328467153284672,0.323873061112313,0.296296296296296,1.95013142772067,0.384428223844282,-0.0240151987156699,-7.58880279415169,0.386075949367089,0.723434219750286,0.600973236009732,0.349459879307473,172.633180377891,0.449392712550607,1.51163205521732,860,147,0.184104581933397,158.329940462721,0.430232558139535,1.22751861155199,0.75,0.189732142857143,3.01986607142857,1353,1.14732142857143,514,1.140625,511,85,3.4,70.2,-1.403,0.16046511627907,0.118604651162791,0.0418604651162791,0.680232558139535,0.126619048260629,0.490598290598291,0.976596408155287,0.319767441860465,0.306391989928196,125.955511781243,0.301818181818182,2.09516526667069,0.52093023255814,0.109257289246682,48.9472655825134,0.421875,1.0368406275483,0.47093023255814,0.31100126365739,125.955511781243,0.446913580246914,1.42662435175473,72.5,75.5,76,74,70,97,104,113,123,131,133,133.5,134,134,96,86,128.5,128,55,13,124,90,88,62,92,90,65,75,103,129,132,132,116,134,8,36,22,38,96,89,49,73,78,89,38,87,40,57,87.5,89,108,57,74,126,32,83.5,47,72,30,128,70,73,98,25,70,71,105,71,84,90,53,58,62,91,45,98,111,12,63,-10.6,1.984,91.5,99,95,"MW",1.5,2,-0.5,0.84,0.9678,0.7378,0.7511,1,0.64,0.7143,0.5297,0.6402,0.68,39,19,66,31,46,67,58,4,72,59,96,75,65,22.9855942376951,28.4366032739763,11.5,199.5,5.7,5.73,3.36,142.5,154.5,"http://a.espncdn.com/i/teamlogos/ncaa/500/36.png","#004537","#ffc425","Rams",NA,NA,NA,NA,NA,NA,NA,NA,NA,NA,NA,NA,NA,NA,NA,NA,0.417,0.333,0.5,89.5,119,71
"50",50,2023,"Colorado State","Mountain West",822,148,0.171848353256227,141.259346376618,0.418491484184915,1.23209677635982,0.69047619047619,0.20253164556962,2.70474683544304,855,0.727848101265823,230,0.401898734177215,127,64,3.65625,73.9,1.125,0.155717761557178,0.0742092457420925,0.0815085158150852,0.671532846715328,0.0974884418048802,0.478260869565217,1.01451051837169,0.328467153284672,0.323873061112313,0.296296296296296,1.95013142772067,0.384428223844282,-0.0240151987156699,-7.58880279415169,0.386075949367089,0.723434219750286,0.600973236009732,0.349459879307473,172.633180377891,0.449392712550607,1.51163205521732,860,147,0.184104581933397,158.329940462721,0.430232558139535,1.22751861155199,0.75,0.189732142857143,3.01986607142857,1353,1.14732142857143,514,1.140625,511,85,3.4,70.2,-1.403,0.16046511627907,0.118604651162791,0.0418604651162791,0.680232558139535,0.126619048260629,0.490598290598291,0.976596408155287,0.319767441860465,0.306391989928196,125.955511781243,0.301818181818182,2.09516526667069,0.52093023255814,0.109257289246682,48.9472655825134,0.421875,1.0368406275483,0.47093023255814,0.31100126365739,125.955511781243,0.446913580246914,1.42662435175473,72.5,75.5,76,74,70,97,104,113,123,131,133,133.5,134,134,96,86,128.5,128,55,13,124,90,88,62,92,90,65,75,103,129,132,132,116,134,8,36,22,38,96,89,49,73,78,89,38,87,40,57,87.5,89,108,57,74,126,32,83.5,47,72,30,128,70,73,98,25,70,71,105,71,84,90,53,58,62,91,45,98,111,12,63,-10.6,1.984,91.5,99,95,"MW",1.5,2,-0.5,0.84,0.9678,0.7378,0.7511,1,0.64,0.7143,0.5297,0.6402,0.68,39,19,66,31,46,67,58,4,72,59,96,75,65,22.9855942376951,28.4366032739763,11.5,199.5,5.7,5.73,3.36,142.5,154.5,"http://a.espncdn.com/i/teamlogos/ncaa/500/36.png","#004537","#ffc425","Rams",NA,NA,NA,NA,NA,NA,NA,NA,NA,NA,NA,NA,NA,NA,NA,NA,0.417,0.333,0.5,89.5,119,71
"51",51,2023,"Connecticut","FBS Independents",760,142,0.065708693735565,49.9386072390294,0.388157894736842,1.23349391740221,0.782608695652174,0.206896551724138,2.7525198938992,1038,1.05305039787798,397,1.14058355437666,430,58,3.29310344827586,72.5,1.224,0.163157894736842,0.111842105263158,0.0513157894736842,0.642105263157895,0.00830254065694076,0.450819672131148,1.02746584677354,0.357894736842105,0.168702086023685,0.275735294117647,1.83784292457966,0.496052631578947,0.00539138528489432,2.03255225240516,0.416445623342175,0.904878074947159,0.498684210526316,0.153186689742498,58.0577554124069,0.364116094986807,1.60735397005036,783,141,0.23149922999613,181.263897086969,0.464878671775224,1.22816533900881,0.788461538461538,0.194029850746269,2.87985074626866,1158,1.04975124378109,422,1.27860696517413,514,66,3.87878787878788,70.5,-1.383,0.157088122605364,0.108556832694764,0.0485312899106003,0.699872286079183,0.17079417671807,0.518248175182482,1.05550055295857,0.300127713920817,0.373058247853052,155.924933186621,0.340425531914894,1.84112532948716,0.513409961685824,0.100437543046597,40.3758923047319,0.432835820895522,1.0011289084099,0.480204342273308,0.414693971241015,155.924933186621,0.50531914893617,1.43608291229412,110,108,121,120,108,96,25.5,119,120,112,80,94,85,93,116.5,106,117.5,116,68,86,31,125,121,101,83,125,115,96,123,79,126,126,86,107,55,106,105,111,59,35.5,25.5,102,98,125,39,110.5,37,31,36.5,57,50.5,77,76,44,75,74.5,54,89.5,53,115,108,103,125,75,108,101,123,118,13,81,46,47,77,75,58,123,134,18,51,-17.9,1.922,124,125,100,"IND",-1.5,-1,-0.5,0.7,0.9558,0.5923,0.4373,1,0.65,0.6837,0.5364,0.6324,0.8182,74,66,66,71,47,94,117,4,68,65,94,76,41,29.0064432989691,19.9520898878942,206.5,31.5,4.07,3.73,0,242.5,218.5,"http://a.espncdn.com/i/teamlogos/ncaa/500/41.png","#001d40","#f1f2f3","Huskies",NA,NA,NA,NA,NA,NA,NA,NA,NA,NA,NA,NA,NA,NA,NA,NA,NA,NA,NA,NA,NA,NA
"52",52,2023,"Connecticut","FBS Independents",760,142,0.065708693735565,49.9386072390294,0.388157894736842,1.23349391740221,0.782608695652174,0.206896551724138,2.7525198938992,1038,1.05305039787798,397,1.14058355437666,430,58,3.29310344827586,72.5,1.224,0.163157894736842,0.111842105263158,0.0513157894736842,0.642105263157895,0.00830254065694076,0.450819672131148,1.02746584677354,0.357894736842105,0.168702086023685,0.275735294117647,1.83784292457966,0.496052631578947,0.00539138528489432,2.03255225240516,0.416445623342175,0.904878074947159,0.498684210526316,0.153186689742498,58.0577554124069,0.364116094986807,1.60735397005036,783,141,0.23149922999613,181.263897086969,0.464878671775224,1.22816533900881,0.788461538461538,0.194029850746269,2.87985074626866,1158,1.04975124378109,422,1.27860696517413,514,66,3.87878787878788,70.5,-1.383,0.157088122605364,0.108556832694764,0.0485312899106003,0.699872286079183,0.17079417671807,0.518248175182482,1.05550055295857,0.300127713920817,0.373058247853052,155.924933186621,0.340425531914894,1.84112532948716,0.513409961685824,0.100437543046597,40.3758923047319,0.432835820895522,1.0011289084099,0.480204342273308,0.414693971241015,155.924933186621,0.50531914893617,1.43608291229412,110,108,121,120,108,96,25.5,119,120,112,80,94,85,93,116.5,106,117.5,116,68,86,31,125,121,101,83,125,115,96,123,79,126,126,86,107,55,106,105,111,59,35.5,25.5,102,98,125,39,110.5,37,31,36.5,57,50.5,77,76,44,75,74.5,54,89.5,53,115,108,103,125,75,108,101,123,118,13,81,46,47,77,75,58,123,134,18,51,-17.9,1.922,124,125,100,"IND",-1.5,-1,-0.5,0.7,0.9558,0.5923,0.4373,1,0.65,0.6837,0.5364,0.6324,0.8182,74,66,66,71,47,94,117,4,68,65,94,76,41,29.0064432989691,19.9520898878942,206.5,31.5,4.07,3.73,0,242.5,218.5,"http://a.espncdn.com/i/teamlogos/ncaa/500/41.png","#001d40","#f1f2f3","Huskies",NA,NA,NA,NA,NA,NA,NA,NA,NA,NA,NA,NA,NA,NA,NA,NA,NA,NA,NA,NA,NA,NA
"53",53,2023,"Duke","ACC",782,146,0.197573189972268,154.502234558314,0.41304347826087,1.26981051784812,0.652173913043478,0.191387559808612,3.05071770334928,1275,1.02153110047847,427,1.54306220095694,645,67,4.26865671641791,69,1.473,0.148337595907928,0.0831202046035806,0.0652173913043478,0.671355498721228,0.0996287012217255,0.462857142857143,1.01881613128462,0.328644501278772,0.397654344034661,0.311284046692607,2.03220596703476,0.534526854219949,0.137185202816645,57.3434147773576,0.406698564593301,1.06482592965944,0.462915601023018,0.270989708087977,98.0982743278476,0.422651933701657,1.4975711713911,869,145,0.139075065560356,120.856231971949,0.424626006904488,1.16034580221811,0.694915254237288,0.17169373549884,3.10974477958237,1340,1.06728538283063,460,0.842227378190255,363,66,3.46969696969697,73.2,-1.157,0.177215189873418,0.10126582278481,0.0759493670886076,0.688147295742232,0.0817555491379614,0.481605351170569,0.921295608143249,0.311852704257768,0.265558721724902,87.9801328519551,0.298892988929889,2.0103020478176,0.495972382048331,0.0928234164012318,40.0068924689309,0.419953596287703,0.948424636031571,0.497123130034522,0.203657714935081,87.9801328519551,0.435185185185185,1.36437628668493,97,86.5,65,69,79,77,117,102,80,75,90,84.5,33,43.5,85.5,31.5,28.5,26,40,28,87.5,91,86,87,87,91,42,64,70,49,78,77,98,27,84,69,75,61,100,96,42,48,52,77,11,52,66,78,86,61,79.5,23,28,44,42,19,118,47,71,18,86,48,86,9,86,49,45,67,59,56,43,46,58.5,44,83,37,97,4,67,3.1,3.184,79.5,51,18,"ACC",-6.5,-3.5,-3,0.56,0.7329,0.6459,0.2849,0.4214,0.51,0.5626,0.4465,0.5444,0.4651,115,93,106,93,71,83,130,107,107,96,114,96,103,28.0931677018634,23.0637676494613,180.5,95.5,6.13,4.72,1.73,182.5,136.5,"http://a.espncdn.com/i/teamlogos/ncaa/500/150.png","#001A57","#f1f2f3","Blue Devils",NA,NA,NA,NA,NA,NA,NA,NA,NA,NA,NA,NA,NA,NA,NA,NA,0.615,0.539,0.583,47,50,36.5
"54",54,2023,"Duke","ACC",782,146,0.197573189972268,154.502234558314,0.41304347826087,1.26981051784812,0.652173913043478,0.191387559808612,3.05071770334928,1275,1.02153110047847,427,1.54306220095694,645,67,4.26865671641791,69,1.473,0.148337595907928,0.0831202046035806,0.0652173913043478,0.671355498721228,0.0996287012217255,0.462857142857143,1.01881613128462,0.328644501278772,0.397654344034661,0.311284046692607,2.03220596703476,0.534526854219949,0.137185202816645,57.3434147773576,0.406698564593301,1.06482592965944,0.462915601023018,0.270989708087977,98.0982743278476,0.422651933701657,1.4975711713911,869,145,0.139075065560356,120.856231971949,0.424626006904488,1.16034580221811,0.694915254237288,0.17169373549884,3.10974477958237,1340,1.06728538283063,460,0.842227378190255,363,66,3.46969696969697,73.2,-1.157,0.177215189873418,0.10126582278481,0.0759493670886076,0.688147295742232,0.0817555491379614,0.481605351170569,0.921295608143249,0.311852704257768,0.265558721724902,87.9801328519551,0.298892988929889,2.0103020478176,0.495972382048331,0.0928234164012318,40.0068924689309,0.419953596287703,0.948424636031571,0.497123130034522,0.203657714935081,87.9801328519551,0.435185185185185,1.36437628668493,97,86.5,65,69,79,77,117,102,80,75,90,84.5,33,43.5,85.5,31.5,28.5,26,40,28,87.5,91,86,87,87,91,42,64,70,49,78,77,98,27,84,69,75,61,100,96,42,48,52,77,11,52,66,78,86,61,79.5,23,28,44,42,19,118,47,71,18,86,48,86,9,86,49,45,67,59,56,43,46,58.5,44,83,37,97,4,67,3.1,3.184,79.5,51,18,"ACC",-6.5,-3.5,-3,0.56,0.7329,0.6459,0.2849,0.4214,0.51,0.5626,0.4465,0.5444,0.4651,115,93,106,93,71,83,130,107,107,96,114,96,103,28.0931677018634,23.0637676494613,180.5,95.5,6.13,4.72,1.73,182.5,136.5,"http://a.espncdn.com/i/teamlogos/ncaa/500/150.png","#001A57","#f1f2f3","Blue Devils",NA,NA,NA,NA,NA,NA,NA,NA,NA,NA,NA,NA,NA,NA,NA,NA,0.615,0.539,0.583,47,50,36.5
"55",55,2023,"East Carolina","American Athletic",758,150,0.0269351583013556,20.4168499924275,0.343007915567282,1.2138025145246,0.72972972972973,0.166666666666667,2.90718390804598,1012,0.916666666666667,319,1.00574712643678,350,66,2.62121212121212,69.4,1.404,0.195250659630607,0.118733509234828,0.0765171503957784,0.62532981530343,-0.0137082805246528,0.417721518987342,0.9596326515039,0.37467018469657,0.0947696301447639,0.21830985915493,2.02550627062294,0.45910290237467,0.0352252156422844,12.258375043515,0.362068965517241,0.954382508357341,0.529023746701847,0.0557975889596831,22.3748331728329,0.334164588528678,1.45773475912963,756,156,0.136312974912635,103.052609033952,0.342592592592593,1.51358213458606,0.689655172413793,0.231738035264484,2.49546599496222,991,0.891687657430731,354,1.26196473551637,501,64,2.84375,69.2,-1.473,0.198412698412698,0.133597883597884,0.0648148148148148,0.626984126984127,-0.0264552437322771,0.356540084388186,1.16709073786563,0.373015873015873,0.409902108379615,111.270255324032,0.319148936170213,2.16421597953886,0.525132275132275,-0.00399806384462832,-1.58723134631744,0.299748110831234,1.17556338542539,0.472222222222222,0.311681387462274,111.270255324032,0.392156862745098,1.80089807137263,112,67.5,132,132,132,103,79,68.5,106,113.5,118,121,104,110,89.5,130,38.5,55.5,114,103,114,133,127,129,120,133,129,131,77,101,123,120,130,93,34,128,126,126,117,23,90.5,45,37,5,132,43,8,6,13,14,17,74,69,35,8,101.5,28,14,11,58,6,11,1,123,6,111,82,102,105,100,13,13,1,125,46.5,99,41,126,60.5,-9.5,0,101,94,133,"AAC",1,2.5,-1.5,0.96,1,1,0.8815,0.895,0.7,0.6879,0.7424,0.6621,0.6471,46,12,84,5,1,3,27,64,62,63,59,68,71,26.7141009055627,17.9830181890052,123.5,11.5,6.51,6.08,4.55,128.5,118.5,"http://a.espncdn.com/i/teamlogos/ncaa/500/151.png","#4b1869","#f0907b","Pirates",NA,NA,NA,NA,NA,NA,NA,NA,NA,NA,NA,NA,NA,NA,NA,NA,0.167,0.417,0.333,130,97.5,125.5
"56",56,2023,"East Carolina","American Athletic",758,150,0.0269351583013556,20.4168499924275,0.343007915567282,1.2138025145246,0.72972972972973,0.166666666666667,2.90718390804598,1012,0.916666666666667,319,1.00574712643678,350,66,2.62121212121212,69.4,1.404,0.195250659630607,0.118733509234828,0.0765171503957784,0.62532981530343,-0.0137082805246528,0.417721518987342,0.9596326515039,0.37467018469657,0.0947696301447639,0.21830985915493,2.02550627062294,0.45910290237467,0.0352252156422844,12.258375043515,0.362068965517241,0.954382508357341,0.529023746701847,0.0557975889596831,22.3748331728329,0.334164588528678,1.45773475912963,756,156,0.136312974912635,103.052609033952,0.342592592592593,1.51358213458606,0.689655172413793,0.231738035264484,2.49546599496222,991,0.891687657430731,354,1.26196473551637,501,64,2.84375,69.2,-1.473,0.198412698412698,0.133597883597884,0.0648148148148148,0.626984126984127,-0.0264552437322771,0.356540084388186,1.16709073786563,0.373015873015873,0.409902108379615,111.270255324032,0.319148936170213,2.16421597953886,0.525132275132275,-0.00399806384462832,-1.58723134631744,0.299748110831234,1.17556338542539,0.472222222222222,0.311681387462274,111.270255324032,0.392156862745098,1.80089807137263,112,67.5,132,132,132,103,79,68.5,106,113.5,118,121,104,110,89.5,130,38.5,55.5,114,103,114,133,127,129,120,133,129,131,77,101,123,120,130,93,34,128,126,126,117,23,90.5,45,37,5,132,43,8,6,13,14,17,74,69,35,8,101.5,28,14,11,58,6,11,1,123,6,111,82,102,105,100,13,13,1,125,46.5,99,41,126,60.5,-9.5,0,101,94,133,"AAC",1,2.5,-1.5,0.96,1,1,0.8815,0.895,0.7,0.6879,0.7424,0.6621,0.6471,46,12,84,5,1,3,27,64,62,63,59,68,71,26.7141009055627,17.9830181890052,123.5,11.5,6.51,6.08,4.55,128.5,118.5,"http://a.espncdn.com/i/teamlogos/ncaa/500/151.png","#4b1869","#f0907b","Pirates",NA,NA,NA,NA,NA,NA,NA,NA,NA,NA,NA,NA,NA,NA,NA,NA,0.167,0.417,0.333,130,97.5,125.5
"57",57,2023,"Eastern Michigan","Mid-American",774,147,0.0593100988582647,45.9060165162969,0.359173126614987,1.14553834809011,0.746031746031746,0.158567774936061,2.98772378516624,1168,0.951406649616368,372,0.741687979539642,290,61,3.22950819672131,68.7,1.533,0.208010335917313,0.126614987080103,0.0813953488372093,0.655038759689923,0.0503414103782201,0.429980276134122,0.987893723744846,0.344961240310078,0.0763405297922819,0.224719101123595,1.71831381654459,0.505167958656331,0.0965797788978413,37.762693549056,0.391304347826087,0.988165183930134,0.479328165374677,0.0582596766870918,21.6143400509111,0.336927223719677,1.33816310102193,868,149,0.18890654847672,163.970884077793,0.428571428571429,1.24574571738977,0.643835616438356,0.139583333333333,3.42166666666667,1642,1.28333333333333,616,1.27708333333333,613,79,3.50632911392405,67.5,-1.631,0.157834101382488,0.0967741935483871,0.0610599078341014,0.697004608294931,0.0514118747147325,0.472727272727273,0.898720412688159,0.302995391705069,0.505196577472928,92.3795869773828,0.326996197718631,2.39980661442069,0.552995391705069,0.189176873075646,90.80489907631,0.470833333333333,0.97333673404955,0.436635944700461,0.243745612077527,92.3795869773828,0.382585751978892,1.66091644673723,100,80,123,122,126,123,63,55,97,92,115,104,125,122,106.5,111,20.5,17,127,122,122,112,108,120,106,112,131,127,130,72,96,102,113,78,71,127,127,124,131,93,61,78,82,83.5,49,22,114,124,130,127,134,76,99,108,47,122,7,85,85,73.5,105,35,69,7,105,131,53,110,131,122,100,107,115,57,14,64,28,95,49,-15.9,1.492,127,117.5,120,"MAC",-10,-5.5,-4.5,0.38,0.0529,0.6828,0.4903,0.0259,0.29,0.3096,0.2614,0.2079,0.3438,125,121,122,121,119,79,110,130,129,128,126,131,120,28.8053435114504,16.8674438884492,200.5,7.5,5.38,3.9,2.49,230.5,164.5,"http://a.espncdn.com/i/teamlogos/ncaa/500/2199.png","#00331b","#f0f0f0","Eagles",NA,NA,NA,NA,NA,NA,NA,NA,NA,NA,NA,NA,NA,NA,NA,NA,0.462,0.5,0.462,77,63.5,88.5
"58",58,2023,"Eastern Michigan","Mid-American",774,147,0.0593100988582647,45.9060165162969,0.359173126614987,1.14553834809011,0.746031746031746,0.158567774936061,2.98772378516624,1168,0.951406649616368,372,0.741687979539642,290,61,3.22950819672131,68.7,1.533,0.208010335917313,0.126614987080103,0.0813953488372093,0.655038759689923,0.0503414103782201,0.429980276134122,0.987893723744846,0.344961240310078,0.0763405297922819,0.224719101123595,1.71831381654459,0.505167958656331,0.0965797788978413,37.762693549056,0.391304347826087,0.988165183930134,0.479328165374677,0.0582596766870918,21.6143400509111,0.336927223719677,1.33816310102193,868,149,0.18890654847672,163.970884077793,0.428571428571429,1.24574571738977,0.643835616438356,0.139583333333333,3.42166666666667,1642,1.28333333333333,616,1.27708333333333,613,79,3.50632911392405,67.5,-1.631,0.157834101382488,0.0967741935483871,0.0610599078341014,0.697004608294931,0.0514118747147325,0.472727272727273,0.898720412688159,0.302995391705069,0.505196577472928,92.3795869773828,0.326996197718631,2.39980661442069,0.552995391705069,0.189176873075646,90.80489907631,0.470833333333333,0.97333673404955,0.436635944700461,0.243745612077527,92.3795869773828,0.382585751978892,1.66091644673723,100,80,123,122,126,123,63,55,97,92,115,104,125,122,106.5,111,20.5,17,127,122,122,112,108,120,106,112,131,127,130,72,96,102,113,78,71,127,127,124,131,93,61,78,82,83.5,49,22,114,124,130,127,134,76,99,108,47,122,7,85,85,73.5,105,35,69,7,105,131,53,110,131,122,100,107,115,57,14,64,28,95,49,-15.9,1.492,127,117.5,120,"MAC",-10,-5.5,-4.5,0.38,0.0529,0.6828,0.4903,0.0259,0.29,0.3096,0.2614,0.2079,0.3438,125,121,122,121,119,79,110,130,129,128,126,131,120,28.8053435114504,16.8674438884492,200.5,7.5,5.38,3.9,2.49,230.5,164.5,"http://a.espncdn.com/i/teamlogos/ncaa/500/2199.png","#00331b","#f0f0f0","Eagles",NA,NA,NA,NA,NA,NA,NA,NA,NA,NA,NA,NA,NA,NA,NA,NA,0.462,0.5,0.462,77,63.5,88.5
"59",59,2023,"Florida","SEC",797,139,0.278741744305847,222.15717021176,0.444165621079046,1.30023762541889,0.738095238095238,0.180156657963446,3.15665796344648,1209,1.23759791122715,474,1.53263707571802,587,69,4.69565217391304,73.6,1.156,0.164366373902133,0.121706398996236,0.0426599749058971,0.681304893350063,0.202646954922028,0.50828729281768,1.08170272987609,0.318695106649937,0.441416825547635,0.307086614173228,2.07351494810881,0.480552070263488,0.177805117274084,68.0993599159743,0.438642297650131,1.00478590894477,0.51693851944793,0.386655402699818,159.302025912325,0.451456310679612,1.56709724029874,702,139,0.236054353902312,165.710156439423,0.378917378917379,1.56051073346206,0.586206896551724,0.182072829131653,2.93557422969188,1048,1.18207282913165,422,1.98039215686275,707,64,4.078125,72,-1.221,0.15954415954416,0.102564102564103,0.056980056980057,0.660968660968661,0.191098369269842,0.428879310344828,1.33536957288817,0.339031339031339,0.323699634866456,118.844460192261,0.281512605042017,2.2292135835248,0.508547008547009,0.151292465641609,54.0114102340544,0.358543417366947,1.28319270762199,0.485754985754986,0.34851747856968,118.844460192261,0.404692082111437,1.81773325018328,90,114.5,27,35,46,60,72,87,63,86,34,64,35,57,75.5,13,126.5,126,72,112,10,69,28,31,42,69,30,67,56,92,50,64,62,68,40,27,30,34,75,6,20,105,86,28,134,6,54,40,17,103,50.5,129,115,35,95,44,99,77,70,86,40,111,20,133,40,82,92,38,119,71,82,62,12,133,71,111,57,129,82,13.2,2.478,28,23.5,63,"SEC",3,-0.5,3.5,0.74,0.9705,0.553,0.75,0.5645,0.92,0.9247,0.678,0.8419,1.4074,22,56,23,59,45,101,60,98,13,17,67,31,1,29.387176325524,25.9877103721028,216.5,147.5,5.06,5.1,2.62,167.5,179.5,"http://a.espncdn.com/i/teamlogos/ncaa/500/57.png","#0021A5","#FA4616","Gators",NA,NA,NA,NA,NA,NA,NA,NA,NA,NA,NA,NA,NA,NA,NA,NA,0.417,0.333,0.636,89.5,119,25
"60",60,2023,"Florida","SEC",797,139,0.278741744305847,222.15717021176,0.444165621079046,1.30023762541889,0.738095238095238,0.180156657963446,3.15665796344648,1209,1.23759791122715,474,1.53263707571802,587,69,4.69565217391304,73.6,1.156,0.164366373902133,0.121706398996236,0.0426599749058971,0.681304893350063,0.202646954922028,0.50828729281768,1.08170272987609,0.318695106649937,0.441416825547635,0.307086614173228,2.07351494810881,0.480552070263488,0.177805117274084,68.0993599159743,0.438642297650131,1.00478590894477,0.51693851944793,0.386655402699818,159.302025912325,0.451456310679612,1.56709724029874,702,139,0.236054353902312,165.710156439423,0.378917378917379,1.56051073346206,0.586206896551724,0.182072829131653,2.93557422969188,1048,1.18207282913165,422,1.98039215686275,707,64,4.078125,72,-1.221,0.15954415954416,0.102564102564103,0.056980056980057,0.660968660968661,0.191098369269842,0.428879310344828,1.33536957288817,0.339031339031339,0.323699634866456,118.844460192261,0.281512605042017,2.2292135835248,0.508547008547009,0.151292465641609,54.0114102340544,0.358543417366947,1.28319270762199,0.485754985754986,0.34851747856968,118.844460192261,0.404692082111437,1.81773325018328,90,114.5,27,35,46,60,72,87,63,86,34,64,35,57,75.5,13,126.5,126,72,112,10,69,28,31,42,69,30,67,56,92,50,64,62,68,40,27,30,34,75,6,20,105,86,28,134,6,54,40,17,103,50.5,129,115,35,95,44,99,77,70,86,40,111,20,133,40,82,92,38,119,71,82,62,12,133,71,111,57,129,82,13.2,2.478,28,23.5,63,"SEC",3,-0.5,3.5,0.74,0.9705,0.553,0.75,0.5645,0.92,0.9247,0.678,0.8419,1.4074,22,56,23,59,45,101,60,98,13,17,67,31,1,29.387176325524,25.9877103721028,216.5,147.5,5.06,5.1,2.62,167.5,179.5,"http://a.espncdn.com/i/teamlogos/ncaa/500/57.png","#0021A5","#FA4616","Gators",NA,NA,NA,NA,NA,NA,NA,NA,NA,NA,NA,NA,NA,NA,NA,NA,0.417,0.333,0.636,89.5,119,25
"61",61,2023,"Florida Atlantic","American Athletic",768,149,0.129763316351206,99.6582269577261,0.393229166666667,1.26716585743089,0.720930232558139,0.130952380952381,3.2485119047619,1092,1.0952380952381,368,1.45833333333333,490,65,3.72307692307692,68.3,1.525,0.203125,0.12109375,0.08203125,0.653645833333333,0.105505403922186,0.468127490039841,1.06316705030784,0.346354166666667,0.175543286424018,0.25187969924812,1.98268406151921,0.4375,0.133671361751858,44.9135775486243,0.416666666666667,1.02586980510708,0.545572916666667,0.196715039054915,82.4236013640096,0.386634844868735,1.47569331005641,878,151,0.178971689976074,157.137143798993,0.425968109339408,1.21332041082884,0.740740740740741,0.119101123595506,3.25078651685393,1447,1.00898876404494,449,0.813483146067416,362,75,3.44,70.7,-1.343,0.150341685649203,0.107061503416856,0.0432801822323462,0.658314350797267,0.109596814155894,0.482698961937716,0.956965393304131,0.341685649202733,0.312633950722954,140.806833600374,0.316666666666667,1.96619462019087,0.506833712984055,0.0789970372718692,35.1536815859818,0.41123595505618,0.833125017060258,0.484054669703872,0.331310196706762,140.806833600374,0.449411764705882,1.57759139019873,105.5,72,97,98,104,80,82.5,13,44,104,65,107,41,79,93,83,17,19,124,111,125,115,84,76,64,115,111,117,95,112,80,92,84.5,52,27,90,86,98,109,103,74.5,72,77,81,31,80.5,127.5,104,110,44,68,21,27,96.5,38,71,67,104,56,127,37,64,87,16,37,74,114,98,45,67,34,38,50,8,68,106,116,64,62.5,-12.2,1.772,94,108,108,"AAC",0,-5,5,0.53,1,0.0782,0.6138,0.1882,1,1,1,0.9937,1,59,115,1,102,1,133,90,124,1,1,1,10,4,24.9718309859155,22.7837023859396,51.5,91.5,6.32,7.71,4.71,88.5,128.5,"http://a.espncdn.com/i/teamlogos/ncaa/500/2226.png","#004B85","#bb2f4c","Owls",NA,NA,NA,NA,NA,NA,NA,NA,NA,NA,NA,NA,NA,NA,NA,NA,0.333,0.364,0.417,104,112.5,108
"62",62,2023,"Florida Atlantic","American Athletic",768,149,0.129763316351206,99.6582269577261,0.393229166666667,1.26716585743089,0.720930232558139,0.130952380952381,3.2485119047619,1092,1.0952380952381,368,1.45833333333333,490,65,3.72307692307692,68.3,1.525,0.203125,0.12109375,0.08203125,0.653645833333333,0.105505403922186,0.468127490039841,1.06316705030784,0.346354166666667,0.175543286424018,0.25187969924812,1.98268406151921,0.4375,0.133671361751858,44.9135775486243,0.416666666666667,1.02586980510708,0.545572916666667,0.196715039054915,82.4236013640096,0.386634844868735,1.47569331005641,878,151,0.178971689976074,157.137143798993,0.425968109339408,1.21332041082884,0.740740740740741,0.119101123595506,3.25078651685393,1447,1.00898876404494,449,0.813483146067416,362,75,3.44,70.7,-1.343,0.150341685649203,0.107061503416856,0.0432801822323462,0.658314350797267,0.109596814155894,0.482698961937716,0.956965393304131,0.341685649202733,0.312633950722954,140.806833600374,0.316666666666667,1.96619462019087,0.506833712984055,0.0789970372718692,35.1536815859818,0.41123595505618,0.833125017060258,0.484054669703872,0.331310196706762,140.806833600374,0.449411764705882,1.57759139019873,105.5,72,97,98,104,80,82.5,13,44,104,65,107,41,79,93,83,17,19,124,111,125,115,84,76,64,115,111,117,95,112,80,92,84.5,52,27,90,86,98,109,103,74.5,72,77,81,31,80.5,127.5,104,110,44,68,21,27,96.5,38,71,67,104,56,127,37,64,87,16,37,74,114,98,45,67,34,38,50,8,68,106,116,64,62.5,-12.2,1.772,94,108,108,"AAC",0,-5,5,0.53,1,0.0782,0.6138,0.1882,1,1,1,0.9937,1,59,115,1,102,1,133,90,124,1,1,1,10,4,24.9718309859155,22.7837023859396,51.5,91.5,6.32,7.71,4.71,88.5,128.5,"http://a.espncdn.com/i/teamlogos/ncaa/500/2226.png","#004B85","#bb2f4c","Owls",NA,NA,NA,NA,NA,NA,NA,NA,NA,NA,NA,NA,NA,NA,NA,NA,0.333,0.364,0.417,104,112.5,108
"63",63,2023,"Florida International","Conference USA",730,156,0.071790437771699,52.4070195733402,0.356164383561644,1.32490796052515,0.68,0.228125,2.634375,843,1.05625,338,1.203125,385,52,3.21153846153846,74.2,1.097,0.195890410958904,0.134246575342466,0.0616438356164384,0.641095890410959,-0.0150366151692908,0.425213675213675,1.11540943085019,0.358904109589041,0.226886089589955,0.232824427480916,2.00835398356314,0.438356164383562,0.0379089163356704,12.1308532274145,0.3875,1.05038529720617,0.549315068493151,0.145606632725837,58.3882597230606,0.339152119700748,1.57520803590421,838,156,0.184407694982621,154.533648395436,0.409307875894988,1.33906249533195,0.902439024390244,0.178571428571429,3.09732142857143,1388,1.13169642857143,507,1.39732142857143,626,90,3.34444444444444,67.3,-1.584,0.118138424821002,0.0930787589498807,0.0250596658711217,0.66109785202864,0.140221704385338,0.474729241877256,1.06109089280944,0.33890214797136,0.270601493542108,133.11408678947,0.28169014084507,2.25289413862472,0.534606205250597,0.0826901084651799,37.0451685924006,0.408482142857143,0.975374123439468,0.458233890214797,0.346651267680913,133.11408678947,0.416666666666667,1.75503107068398,124,43.5,119,119,128,37,106,132,130,132,79,115,74,106,131,114,131.5,131,116,126,71,127,128,122,23,127,99,126,84,111,120,121,115,35,24,108,104,123,73,74,90.5,74,76,55,102,134,61,74,93,83,105,91,101.5,133,27,124,14,131,97,133,42,83,72,80,42,51,109,39,123,106,38,41,47,59,29,110,72,122,50.5,-19,1.83,126,127,104,"CUS",-2,0,-2,0.76,0.9215,0.4722,0.8664,1,0.57,0.6569,0.3116,0.5387,0.88,78,47,92,53,52,109,31,4,91,72,122,102,29,25.5543905635649,21.3775428672245,69.5,69.5,4.45,4.5,0.5,194.5,210.5,"http://a.espncdn.com/i/teamlogos/ncaa/500/2229.png","#001538","#c5960c","Golden Panthers",NA,NA,NA,NA,NA,NA,NA,NA,NA,NA,NA,NA,NA,NA,NA,NA,0.333,0.417,0.5,104,97.5,71
"64",64,2023,"Florida International","Conference USA",730,156,0.071790437771699,52.4070195733402,0.356164383561644,1.32490796052515,0.68,0.228125,2.634375,843,1.05625,338,1.203125,385,52,3.21153846153846,74.2,1.097,0.195890410958904,0.134246575342466,0.0616438356164384,0.641095890410959,-0.0150366151692908,0.425213675213675,1.11540943085019,0.358904109589041,0.226886089589955,0.232824427480916,2.00835398356314,0.438356164383562,0.0379089163356704,12.1308532274145,0.3875,1.05038529720617,0.549315068493151,0.145606632725837,58.3882597230606,0.339152119700748,1.57520803590421,838,156,0.184407694982621,154.533648395436,0.409307875894988,1.33906249533195,0.902439024390244,0.178571428571429,3.09732142857143,1388,1.13169642857143,507,1.39732142857143,626,90,3.34444444444444,67.3,-1.584,0.118138424821002,0.0930787589498807,0.0250596658711217,0.66109785202864,0.140221704385338,0.474729241877256,1.06109089280944,0.33890214797136,0.270601493542108,133.11408678947,0.28169014084507,2.25289413862472,0.534606205250597,0.0826901084651799,37.0451685924006,0.408482142857143,0.975374123439468,0.458233890214797,0.346651267680913,133.11408678947,0.416666666666667,1.75503107068398,124,43.5,119,119,128,37,106,132,130,132,79,115,74,106,131,114,131.5,131,116,126,71,127,128,122,23,127,99,126,84,111,120,121,115,35,24,108,104,123,73,74,90.5,74,76,55,102,134,61,74,93,83,105,91,101.5,133,27,124,14,131,97,133,42,83,72,80,42,51,109,39,123,106,38,41,47,59,29,110,72,122,50.5,-19,1.83,126,127,104,"CUS",-2,0,-2,0.76,0.9215,0.4722,0.8664,1,0.57,0.6569,0.3116,0.5387,0.88,78,47,92,53,52,109,31,4,91,72,122,102,29,25.5543905635649,21.3775428672245,69.5,69.5,4.45,4.5,0.5,194.5,210.5,"http://a.espncdn.com/i/teamlogos/ncaa/500/2229.png","#001538","#c5960c","Golden Panthers",NA,NA,NA,NA,NA,NA,NA,NA,NA,NA,NA,NA,NA,NA,NA,NA,0.333,0.417,0.5,104,97.5,71
"65",65,2023,"Florida State","ACC",891,176,0.222426388586184,198.18191223029,0.413019079685746,1.42361537504827,0.617021276595745,0.203661327231121,2.63775743707094,1153,1.06636155606407,466,1.8604118993135,813,83,4.44578313253012,70.8,1.343,0.159371492704826,0.0965207631874299,0.0628507295173962,0.681257014590348,0.153269794898117,0.456342668863262,1.18764676480747,0.318742985409652,0.370236432137793,0.320422535211268,2.14189345237466,0.490460157126824,0.0938880884644459,41.0290946589629,0.389016018306636,1.14127632445216,0.508417508417508,0.350794730036847,158.910012706692,0.437086092715232,1.66602769121665,919,175,0.0783126507958993,71.9693260814315,0.362350380848749,1.2864810992207,0.769230769230769,0.204301075268817,2.78967741935484,1297,1.09677419354839,510,1.86236559139785,866,64,3.5,74.1,-1.097,0.218715995647443,0.125136017410229,0.0935799782372144,0.638737758433079,0.0255033525829241,0.40885860306644,1.05555254880091,0.361262241566921,0.17168330757607,24.7003194590155,0.280120481927711,1.88242574546534,0.505984766050054,0.124161681700368,57.7351819906713,0.402150537634409,1.0652663588022,0.492927094668118,0.0545260915210054,24.7003194590155,0.322295805739514,1.56981778729098,31,5,46,44,80,6,126,115,129,94,77,68,11,14,37.5,25,78.5,79,59,52,80,71,51,94,5,71,52,54,37,83,101,97,114,10,47,34,31,50,38,122.5,126.5,15,20,15,75,98.5,20,20,73,72,106,127,132,35,46,9,127,6,14,2,10,21,10,76,10,15,7,36,20,65,62,70,40,105,79,6,1,61,85,19.9,1.904,23,12,101,"ACC",4.5,3.5,1,0.91,0.8157,1,0.9039,1,0.72,0.7165,0.9057,0.7516,0.3696,16,5,53,12,64,3,23,4,57,58,24,50,116,27.5625,27.4052246462264,154.5,173.5,9.47,8.27,5.46,62.5,40.5,"http://a.espncdn.com/i/teamlogos/ncaa/500/52.png","#782F40","#ceb888","Seminoles",NA,NA,NA,NA,NA,NA,NA,NA,NA,NA,NA,NA,NA,NA,NA,NA,0.929,0.571,0.571,4,40.5,40.5
"66",66,2023,"Florida State","ACC",891,176,0.222426388586184,198.18191223029,0.413019079685746,1.42361537504827,0.617021276595745,0.203661327231121,2.63775743707094,1153,1.06636155606407,466,1.8604118993135,813,83,4.44578313253012,70.8,1.343,0.159371492704826,0.0965207631874299,0.0628507295173962,0.681257014590348,0.153269794898117,0.456342668863262,1.18764676480747,0.318742985409652,0.370236432137793,0.320422535211268,2.14189345237466,0.490460157126824,0.0938880884644459,41.0290946589629,0.389016018306636,1.14127632445216,0.508417508417508,0.350794730036847,158.910012706692,0.437086092715232,1.66602769121665,919,175,0.0783126507958993,71.9693260814315,0.362350380848749,1.2864810992207,0.769230769230769,0.204301075268817,2.78967741935484,1297,1.09677419354839,510,1.86236559139785,866,64,3.5,74.1,-1.097,0.218715995647443,0.125136017410229,0.0935799782372144,0.638737758433079,0.0255033525829241,0.40885860306644,1.05555254880091,0.361262241566921,0.17168330757607,24.7003194590155,0.280120481927711,1.88242574546534,0.505984766050054,0.124161681700368,57.7351819906713,0.402150537634409,1.0652663588022,0.492927094668118,0.0545260915210054,24.7003194590155,0.322295805739514,1.56981778729098,31,5,46,44,80,6,126,115,129,94,77,68,11,14,37.5,25,78.5,79,59,52,80,71,51,94,5,71,52,54,37,83,101,97,114,10,47,34,31,50,38,122.5,126.5,15,20,15,75,98.5,20,20,73,72,106,127,132,35,46,9,127,6,14,2,10,21,10,76,10,15,7,36,20,65,62,70,40,105,79,6,1,61,85,19.9,1.904,23,12,101,"ACC",4.5,3.5,1,0.91,0.8157,1,0.9039,1,0.72,0.7165,0.9057,0.7516,0.3696,16,5,53,12,64,3,23,4,57,58,24,50,116,27.5625,27.4052246462264,154.5,173.5,9.47,8.27,5.46,62.5,40.5,"http://a.espncdn.com/i/teamlogos/ncaa/500/52.png","#782F40","#ceb888","Seminoles",NA,NA,NA,NA,NA,NA,NA,NA,NA,NA,NA,NA,NA,NA,NA,NA,0.929,0.571,0.571,4,40.5,40.5
"67",67,2023,"Fresno State","Mountain West",874,158,0.197817209312991,172.892240939554,0.424485125858124,1.30550612544704,0.74468085106383,0.195845697329377,2.94272997032641,992,0.913946587537092,308,1.28783382789318,434,78,4.20512820512821,68.6,1.516,0.145308924485126,0.080091533180778,0.0652173913043478,0.678489702517162,0.10957404650901,0.45531197301855,1.11687819932044,0.321510297482838,0.384038545764097,0.359430604982206,1.80975899727062,0.38558352402746,0.113261462666514,38.1691129186152,0.382789317507418,1.03410883559229,0.602974828375286,0.278883443934869,146.971574953676,0.459203036053131,1.45017658160928,888,152,0.158246862949256,140.52321429894,0.407657657657658,1.2634431724786,0.692307692307692,0.184549356223176,3.09270386266094,1441,1.1587982832618,540,1.0343347639485,482,75,3.30666666666667,72.5,-1.223,0.158783783783784,0.0923423423423423,0.0664414414414414,0.675675675675676,0.0909933081720091,0.45,1.03154632550306,0.324324324324324,0.298358435401855,114.305431599241,0.319444444444444,1.94401000599375,0.524774774774775,0.118447575063372,55.1965699795313,0.420600858369099,0.932740498231472,0.461711711711712,0.278793735607905,114.305431599241,0.404878048780488,1.65391139026436,40,37.5,64,60,61,56,64.5,105,104,116,120,126,63,92,50,36.5,19,20,33,22,87.5,78,79,96,22,78,48,18,125,128,91,101,122,48,7,68,37,29,120,109,79,58,65,52,60,47,50,72,109,91,117,46,66,96.5,23,33.5,96.5,80,98,51,59,54,39,59,59,67,84,103,37,99,57,64,60,37,31,83,58,94,76,-0.1,2.684,46,62.5,48,"MW",4.5,0.5,4,0.78,0.8227,0.821,0.6565,0.8601,0.84,0.9188,1,0.8789,0.3019,16,37,18,46,63,49,82,67,28,20,1,26,125,26,26.6573913043478,83.5,161.5,8.19,9.21,5.97,44.5,64.5,"http://a.espncdn.com/i/teamlogos/ncaa/500/278.png","#c41230","#231f20","Bulldogs",NA,NA,NA,NA,NA,NA,NA,NA,NA,NA,NA,NA,NA,NA,NA,NA,0.692,0.385,0.615,33,108.5,29.5
"68",68,2023,"Fresno State","Mountain West",874,158,0.197817209312991,172.892240939554,0.424485125858124,1.30550612544704,0.74468085106383,0.195845697329377,2.94272997032641,992,0.913946587537092,308,1.28783382789318,434,78,4.20512820512821,68.6,1.516,0.145308924485126,0.080091533180778,0.0652173913043478,0.678489702517162,0.10957404650901,0.45531197301855,1.11687819932044,0.321510297482838,0.384038545764097,0.359430604982206,1.80975899727062,0.38558352402746,0.113261462666514,38.1691129186152,0.382789317507418,1.03410883559229,0.602974828375286,0.278883443934869,146.971574953676,0.459203036053131,1.45017658160928,888,152,0.158246862949256,140.52321429894,0.407657657657658,1.2634431724786,0.692307692307692,0.184549356223176,3.09270386266094,1441,1.1587982832618,540,1.0343347639485,482,75,3.30666666666667,72.5,-1.223,0.158783783783784,0.0923423423423423,0.0664414414414414,0.675675675675676,0.0909933081720091,0.45,1.03154632550306,0.324324324324324,0.298358435401855,114.305431599241,0.319444444444444,1.94401000599375,0.524774774774775,0.118447575063372,55.1965699795313,0.420600858369099,0.932740498231472,0.461711711711712,0.278793735607905,114.305431599241,0.404878048780488,1.65391139026436,40,37.5,64,60,61,56,64.5,105,104,116,120,126,63,92,50,36.5,19,20,33,22,87.5,78,79,96,22,78,48,18,125,128,91,101,122,48,7,68,37,29,120,109,79,58,65,52,60,47,50,72,109,91,117,46,66,96.5,23,33.5,96.5,80,98,51,59,54,39,59,59,67,84,103,37,99,57,64,60,37,31,83,58,94,76,-0.1,2.684,46,62.5,48,"MW",4.5,0.5,4,0.78,0.8227,0.821,0.6565,0.8601,0.84,0.9188,1,0.8789,0.3019,16,37,18,46,63,49,82,67,28,20,1,26,125,26,26.6573913043478,83.5,161.5,8.19,9.21,5.97,44.5,64.5,"http://a.espncdn.com/i/teamlogos/ncaa/500/278.png","#c41230","#231f20","Bulldogs",NA,NA,NA,NA,NA,NA,NA,NA,NA,NA,NA,NA,NA,NA,NA,NA,0.692,0.385,0.615,33,108.5,29.5
"69",69,2023,"Georgia","SEC",951,152,0.404295982938142,384.485479774173,0.526813880126183,1.25190928956922,0.766233766233766,0.15843621399177,3.38312757201646,1644,1.30864197530864,636,1.44238683127572,701,104,5.01923076923077,70.9,1.342,0.128286014721346,0.0788643533123028,0.0494216614090431,0.748685594111462,0.309325202870623,0.553370786516854,1.06397146762833,0.251314405888538,0.687221486737611,0.447698744769874,1.94394201708986,0.511041009463722,0.303211470832745,147.360774824714,0.51440329218107,1.0381293890623,0.484752891692955,0.52971194015629,244.19720441205,0.544468546637744,1.46483747732511,844,157,0.0727660572452514,61.4145523149922,0.375592417061611,1.21974923581816,0.68,0.199488491048593,2.94117647058824,1150,1.10230179028133,431,0.90537084398977,354,60,3.45,73.7,-1.098,0.170616113744076,0.0971563981042654,0.0734597156398104,0.657582938388626,0.0348035771614619,0.443243243243243,1.01965936720253,0.342417061611374,0.145669781973636,18.7675188825553,0.245674740484429,1.91301835806385,0.463270142180095,0.120198982156272,46.9978020231024,0.414322250639386,1.00864538287034,0.527251184834123,0.0421741997360794,18.7675188825553,0.348314606741573,1.44038681115717,11,58.5,3,3,3,87,45,54,14,16,15,11,45,33.5,2,3,83.5,81.5,13,18,24,5,5,5,63,5,3,1,106,66,6,4,6,43,65,7,4,2,115,77.5,94.5,12,14,21,34,35.5,27,41,32,73,57.5,27,24,18.5,40,12,126,55,83,30,36,24,34,53,36,8,4,10,26,18,59,55,52,78,114,4,9,19,101.5,34.2,1.822,1,1,105,"SEC",5,2.5,2.5,0.97,1,1,1,0.5669,0.88,0.9242,0.8199,0.9286,0.8889,11,12,41,2,1,3,1,97,20,18,37,17,26,29.3507306889353,32.1655715898947,212.5,239.5,10.78,10.59,6.76,9.5,5.5,"http://a.espncdn.com/i/teamlogos/ncaa/500/61.png","#CC0000","#000000","Bulldogs",NA,NA,NA,NA,NA,NA,NA,NA,NA,NA,NA,NA,NA,NA,NA,NA,0.929,0.385,0.5,4,108.5,71
"70",70,2023,"Georgia","SEC",951,152,0.404295982938142,384.485479774173,0.526813880126183,1.25190928956922,0.766233766233766,0.15843621399177,3.38312757201646,1644,1.30864197530864,636,1.44238683127572,701,104,5.01923076923077,70.9,1.342,0.128286014721346,0.0788643533123028,0.0494216614090431,0.748685594111462,0.309325202870623,0.553370786516854,1.06397146762833,0.251314405888538,0.687221486737611,0.447698744769874,1.94394201708986,0.511041009463722,0.303211470832745,147.360774824714,0.51440329218107,1.0381293890623,0.484752891692955,0.52971194015629,244.19720441205,0.544468546637744,1.46483747732511,844,157,0.0727660572452514,61.4145523149922,0.375592417061611,1.21974923581816,0.68,0.199488491048593,2.94117647058824,1150,1.10230179028133,431,0.90537084398977,354,60,3.45,73.7,-1.098,0.170616113744076,0.0971563981042654,0.0734597156398104,0.657582938388626,0.0348035771614619,0.443243243243243,1.01965936720253,0.342417061611374,0.145669781973636,18.7675188825553,0.245674740484429,1.91301835806385,0.463270142180095,0.120198982156272,46.9978020231024,0.414322250639386,1.00864538287034,0.527251184834123,0.0421741997360794,18.7675188825553,0.348314606741573,1.44038681115717,11,58.5,3,3,3,87,45,54,14,16,15,11,45,33.5,2,3,83.5,81.5,13,18,24,5,5,5,63,5,3,1,106,66,6,4,6,43,65,7,4,2,115,77.5,94.5,12,14,21,34,35.5,27,41,32,73,57.5,27,24,18.5,40,12,126,55,83,30,36,24,34,53,36,8,4,10,26,18,59,55,52,78,114,4,9,19,101.5,34.2,1.822,1,1,105,"SEC",5,2.5,2.5,0.97,1,1,1,0.5669,0.88,0.9242,0.8199,0.9286,0.8889,11,12,41,2,1,3,1,97,20,18,37,17,26,29.3507306889353,32.1655715898947,212.5,239.5,10.78,10.59,6.76,9.5,5.5,"http://a.espncdn.com/i/teamlogos/ncaa/500/61.png","#CC0000","#000000","Bulldogs",NA,NA,NA,NA,NA,NA,NA,NA,NA,NA,NA,NA,NA,NA,NA,NA,0.929,0.385,0.5,4,108.5,71
"71",71,2023,"Georgia Southern","Sun Belt",934,164,0.207417430634396,193.727880212526,0.45610278372591,1.2190197263519,0.755555555555556,0.183976261127596,3.2026706231454,1079,1.26706231454006,427,1.15727002967359,390,92,3.64130434782609,69.2,1.44,0.173447537473233,0.0974304068522484,0.076017130620985,0.702355460385439,0.108709097943692,0.5,0.971128699890704,0.297644539614561,0.440340690508864,0.352517985611511,2.04869581491589,0.360813704496788,0.228970118635782,77.1629299802587,0.477744807121662,1.04947040971245,0.624197002141328,0.263692180068222,153.732540979773,0.454545454545455,1.32202893381964,837,166,0.243575214072849,203.872454178975,0.438470728793309,1.30831039291326,0.74,0.186761229314421,3.08085106382979,1303,1.25295508274232,530,1.57210401891253,665,82,4.45121951219512,70.9,-1.33,0.222222222222222,0.136200716845878,0.0860215053763441,0.685782556750299,0.15358975310551,0.48780487804878,1.06286628310008,0.314217443249701,0.43996933800917,118.578003955787,0.330798479087452,2.09824545897868,0.505376344086022,0.228076212107282,96.4762377213803,0.437352245862884,1.12475186860565,0.485065710872162,0.292064049152185,118.578003955787,0.448275862068966,1.49489460718199,16.5,21,57,46,32,102,55,94,53,106,23,84.5,80,104,12.5,88,31,41,88,54,113,33,80,36.5,115,33,31,20,64,132,26,51,27,36,4,72,35,32,133,72.5,116.5,110,113,99,89,79,47,67,75,121,112.5,112,110,119.5,125,69,73,5,10,4,74,100,93,82,74,123,90,111,85,63,116,113,80,118,69,87,113,39,59.6,-10.3,3.634,106,97,4,"SUN",-3,-5.5,2.5,0.38,0.0312,0.5544,0.4243,1,0.78,0.7297,0.9603,0.8007,0.5238,91,121,41,121,122,100,122,4,46,55,15,38,96,25.4570230607966,27.4471364085841,63.5,175.5,4.69,4.7,3.1,185.5,203.5,"http://a.espncdn.com/i/teamlogos/ncaa/500/290.png","#003775","#f0f0f0","Eagles",NA,NA,NA,NA,NA,NA,NA,NA,NA,NA,NA,NA,NA,NA,NA,NA,0.462,0.385,0.539,77,108.5,53
"72",72,2023,"Georgia Southern","Sun Belt",934,164,0.207417430634396,193.727880212526,0.45610278372591,1.2190197263519,0.755555555555556,0.183976261127596,3.2026706231454,1079,1.26706231454006,427,1.15727002967359,390,92,3.64130434782609,69.2,1.44,0.173447537473233,0.0974304068522484,0.076017130620985,0.702355460385439,0.108709097943692,0.5,0.971128699890704,0.297644539614561,0.440340690508864,0.352517985611511,2.04869581491589,0.360813704496788,0.228970118635782,77.1629299802587,0.477744807121662,1.04947040971245,0.624197002141328,0.263692180068222,153.732540979773,0.454545454545455,1.32202893381964,837,166,0.243575214072849,203.872454178975,0.438470728793309,1.30831039291326,0.74,0.186761229314421,3.08085106382979,1303,1.25295508274232,530,1.57210401891253,665,82,4.45121951219512,70.9,-1.33,0.222222222222222,0.136200716845878,0.0860215053763441,0.685782556750299,0.15358975310551,0.48780487804878,1.06286628310008,0.314217443249701,0.43996933800917,118.578003955787,0.330798479087452,2.09824545897868,0.505376344086022,0.228076212107282,96.4762377213803,0.437352245862884,1.12475186860565,0.485065710872162,0.292064049152185,118.578003955787,0.448275862068966,1.49489460718199,16.5,21,57,46,32,102,55,94,53,106,23,84.5,80,104,12.5,88,31,41,88,54,113,33,80,36.5,115,33,31,20,64,132,26,51,27,36,4,72,35,32,133,72.5,116.5,110,113,99,89,79,47,67,75,121,112.5,112,110,119.5,125,69,73,5,10,4,74,100,93,82,74,123,90,111,85,63,116,113,80,118,69,87,113,39,59.6,-10.3,3.634,106,97,4,"SUN",-3,-5.5,2.5,0.38,0.0312,0.5544,0.4243,1,0.78,0.7297,0.9603,0.8007,0.5238,91,121,41,121,122,100,122,4,46,55,15,38,96,25.4570230607966,27.4471364085841,63.5,175.5,4.69,4.7,3.1,185.5,203.5,"http://a.espncdn.com/i/teamlogos/ncaa/500/290.png","#003775","#f0f0f0","Eagles",NA,NA,NA,NA,NA,NA,NA,NA,NA,NA,NA,NA,NA,NA,NA,NA,0.462,0.385,0.539,77,108.5,53
"73",73,2023,"Georgia State","Sun Belt",865,157,0.190471301087382,164.757675440585,0.416184971098266,1.32886160269443,0.767857142857143,0.175619834710744,2.88946280991736,1399,1.09917355371901,532,1.59710743801653,773,73,3.91780821917808,71,1.312,0.163005780346821,0.120231213872832,0.0427745664739884,0.695953757225434,0.114638932312559,0.450166112956811,1.07850209389116,0.304046242774566,0.364049574860932,0.338403041825095,2.09119224185943,0.559537572254335,0.156646270268094,75.8167948097575,0.402892561983471,1.16275677491018,0.433526011560694,0.284833914359567,106.812717884837,0.44,1.52516730825764,869,155,0.218322698303045,189.722424825346,0.425776754890679,1.3558256802749,0.595744680851064,0.19559902200489,3.05550122249389,1250,1.10268948655257,451,1.43765281173594,588,75,3.94666666666667,71,-1.349,0.153049482163406,0.105868814729574,0.047180667433832,0.67433831990794,0.130066464329831,0.479522184300341,1.10281714105233,0.32566168009206,0.401072355929557,166.636382030006,0.314487632508834,2.15465039400008,0.470655926352129,0.127027438694135,51.9542224259013,0.405867970660147,1.05437493059316,0.518987341772152,0.369482000066532,166.636382030006,0.452328159645233,1.60112383932965,41,40.5,67,66,72,34,42.5,77,110,55,63,38,25,20,66.5,66,88,92.5,67,107,11,46,74,104,47,46,54,35.5,53,28,65,55,103,6,107,66,67,47,92,96,86.5,97,105,80,109,7,33,64,61,74,70,99,93,96.5,83,66.5,65,96,61,119,57,79,82,102,57,108,127,92,103,27,64,60,46,97,105,116,118,81,59.5,-11.3,1.668,107.5,105.5,114,"SUN",-2.5,-5.5,3,0.38,0.0176,0.6095,0.573,0.2861,0.81,0.7538,0.8114,0.7588,0.9667,85,121,34,121,127,89,96,118,39,49,38,48,18,26.2329545454545,25.8369871391893,99.5,145.5,5.1,4.68,2.75,188.5,174.5,"http://a.espncdn.com/i/teamlogos/ncaa/500/2247.png","#1e539a","#ebebeb","Panthers",NA,NA,NA,NA,NA,NA,NA,NA,NA,NA,NA,NA,NA,NA,NA,NA,NA,NA,NA,NA,NA,NA
"74",74,2023,"Georgia State","Sun Belt",865,157,0.190471301087382,164.757675440585,0.416184971098266,1.32886160269443,0.767857142857143,0.175619834710744,2.88946280991736,1399,1.09917355371901,532,1.59710743801653,773,73,3.91780821917808,71,1.312,0.163005780346821,0.120231213872832,0.0427745664739884,0.695953757225434,0.114638932312559,0.450166112956811,1.07850209389116,0.304046242774566,0.364049574860932,0.338403041825095,2.09119224185943,0.559537572254335,0.156646270268094,75.8167948097575,0.402892561983471,1.16275677491018,0.433526011560694,0.284833914359567,106.812717884837,0.44,1.52516730825764,869,155,0.218322698303045,189.722424825346,0.425776754890679,1.3558256802749,0.595744680851064,0.19559902200489,3.05550122249389,1250,1.10268948655257,451,1.43765281173594,588,75,3.94666666666667,71,-1.349,0.153049482163406,0.105868814729574,0.047180667433832,0.67433831990794,0.130066464329831,0.479522184300341,1.10281714105233,0.32566168009206,0.401072355929557,166.636382030006,0.314487632508834,2.15465039400008,0.470655926352129,0.127027438694135,51.9542224259013,0.405867970660147,1.05437493059316,0.518987341772152,0.369482000066532,166.636382030006,0.452328159645233,1.60112383932965,41,40.5,67,66,72,34,42.5,77,110,55,63,38,25,20,66.5,66,88,92.5,67,107,11,46,74,104,47,46,54,35.5,53,28,65,55,103,6,107,66,67,47,92,96,86.5,97,105,80,109,7,33,64,61,74,70,99,93,96.5,83,66.5,65,96,61,119,57,79,82,102,57,108,127,92,103,27,64,60,46,97,105,116,118,81,59.5,-11.3,1.668,107.5,105.5,114,"SUN",-2.5,-5.5,3,0.38,0.0176,0.6095,0.573,0.2861,0.81,0.7538,0.8114,0.7588,0.9667,85,121,34,121,127,89,96,118,39,49,38,48,18,26.2329545454545,25.8369871391893,99.5,145.5,5.1,4.68,2.75,188.5,174.5,"http://a.espncdn.com/i/teamlogos/ncaa/500/2247.png","#1e539a","#ebebeb","Panthers",NA,NA,NA,NA,NA,NA,NA,NA,NA,NA,NA,NA,NA,NA,NA,NA,NA,NA,NA,NA,NA,NA
"75",75,2023,"Georgia Tech","ACC",695,131,0.252973604313568,175.81665499793,0.446043165467626,1.35569522637632,0.761904761904762,0.136482939632546,3.51837270341207,1341,1.28608923884514,490,1.86351706036745,710,67,4.26865671641791,68.8,1.448,0.17410071942446,0.105035971223022,0.0690647482014388,0.690647482014389,0.180844889929253,0.497916666666667,1.07672235686922,0.309352517985612,0.414005152706458,0.330232558139535,2.29477291387203,0.548201438848921,0.262088470341418,99.8557072000802,0.485564304461942,1.02115373954748,0.435971223021583,0.327321181242248,99.1783179164011,0.412541254125413,1.850816626883,763,127,0.21827044598835,166.540350289111,0.45478374836173,1.18530663303191,0.851063829787234,0.141203703703704,3.50856481481481,1516,1.24537037037037,538,1.3125,567,71,3.83098591549296,70.1,-1.395,0.179554390563565,0.0956749672346003,0.0838794233289646,0.706422018348624,0.1824004459847,0.515769944341373,0.977269513762866,0.293577981651376,0.304582633497133,84.9004625409738,0.308035714285714,2.02348517153618,0.566186107470511,0.2508310858984,108.359029108109,0.481481481481481,0.978752898478324,0.420707732634338,0.264487422246024,84.9004625409738,0.433021806853583,1.49439423581713,132,131,38,57,44,19,49,20,6,65,20,53,10,30,85.5,31.5,23,35,89,75,102,56,38,39,48,56,37,45,12,32,14,26,18,55,106,44,73,70,10,27,4,96,87,119,18,127.5,109,130,122.5,119,116,79,86.5,69.5,72,88.5,49,41,89,7,116,109,122,27,116,69,42,82,62,127,123,125,124,62,7,74,96,38,76,0.6,1.368,46,57.5,125,"ACC",-2.5,0.5,-3,0.79,0.9063,0.755,0.6668,0.8138,0.5,0.5248,0.5135,0.5,0.4146,85,37,106,42,53,63,80,74,110,105,101,110,112,25.6452353616533,28.84071685307,73.5,207.5,3.95,5.4,3.28,154.5,224.5,"http://a.espncdn.com/i/teamlogos/ncaa/500/59.png","#A28D5B","#003057","Yellow Jackets",NA,NA,NA,NA,NA,NA,NA,NA,NA,NA,NA,NA,NA,NA,NA,NA,0.539,0.615,0.692,61.5,27.5,14.5
"76",76,2023,"Georgia Tech","ACC",695,131,0.252973604313568,175.81665499793,0.446043165467626,1.35569522637632,0.761904761904762,0.136482939632546,3.51837270341207,1341,1.28608923884514,490,1.86351706036745,710,67,4.26865671641791,68.8,1.448,0.17410071942446,0.105035971223022,0.0690647482014388,0.690647482014389,0.180844889929253,0.497916666666667,1.07672235686922,0.309352517985612,0.414005152706458,0.330232558139535,2.29477291387203,0.548201438848921,0.262088470341418,99.8557072000802,0.485564304461942,1.02115373954748,0.435971223021583,0.327321181242248,99.1783179164011,0.412541254125413,1.850816626883,763,127,0.21827044598835,166.540350289111,0.45478374836173,1.18530663303191,0.851063829787234,0.141203703703704,3.50856481481481,1516,1.24537037037037,538,1.3125,567,71,3.83098591549296,70.1,-1.395,0.179554390563565,0.0956749672346003,0.0838794233289646,0.706422018348624,0.1824004459847,0.515769944341373,0.977269513762866,0.293577981651376,0.304582633497133,84.9004625409738,0.308035714285714,2.02348517153618,0.566186107470511,0.2508310858984,108.359029108109,0.481481481481481,0.978752898478324,0.420707732634338,0.264487422246024,84.9004625409738,0.433021806853583,1.49439423581713,132,131,38,57,44,19,49,20,6,65,20,53,10,30,85.5,31.5,23,35,89,75,102,56,38,39,48,56,37,45,12,32,14,26,18,55,106,44,73,70,10,27,4,96,87,119,18,127.5,109,130,122.5,119,116,79,86.5,69.5,72,88.5,49,41,89,7,116,109,122,27,116,69,42,82,62,127,123,125,124,62,7,74,96,38,76,0.6,1.368,46,57.5,125,"ACC",-2.5,0.5,-3,0.79,0.9063,0.755,0.6668,0.8138,0.5,0.5248,0.5135,0.5,0.4146,85,37,106,42,53,63,80,74,110,105,101,110,112,25.6452353616533,28.84071685307,73.5,207.5,3.95,5.4,3.28,154.5,224.5,"http://a.espncdn.com/i/teamlogos/ncaa/500/59.png","#A28D5B","#003057","Yellow Jackets",NA,NA,NA,NA,NA,NA,NA,NA,NA,NA,NA,NA,NA,NA,NA,NA,0.539,0.615,0.692,61.5,27.5,14.5
"77",77,2023,"Hawai'i","Mountain West",843,150,0.12053425322202,101.610375466163,0.409252669039146,1.29637532585759,0.636363636363636,0.21505376344086,2.79318996415771,779,1.07168458781362,299,0.860215053763441,240,74,3.21621621621622,70.9,1.311,0.179122182680902,0.111506524317912,0.0676156583629893,0.673784104389087,0.0255447922140598,0.452464788732394,1.05916760830408,0.326215895610913,0.316730667231189,0.32,1.98912968280364,0.330960854092527,0.0848968328580635,23.6862163673997,0.408602150537634,0.980841363047589,0.658362989323843,0.186500513099617,103.507784770287,0.416216216216216,1.45209338542616,793,150,0.233237203477143,184.957102357375,0.424968474148802,1.35410388344611,0.75,0.187637969094923,3.09205298013245,1401,1.20309050772627,545,1.38631346578366,628,81,4.1358024691358,66.3,-1.645,0.163934426229508,0.0996216897856242,0.064312736443884,0.684741488020177,0.142291413383578,0.476979742173112,1.11842836332832,0.315258511979823,0.430771459560368,131.03872675106,0.312,2.13666746947823,0.57124842370744,0.145113424779886,65.7363814252882,0.426048565121413,1.05971916992278,0.422446406052963,0.391160378361373,131.03872675106,0.429850746268657,1.7486611730989,57,67.5,106,97,84,62,123,126,117,134,76,128,119,130,64,112,83.5,94,98,83,99,84,116,98,66,84,68,56,93,134,108,113,96,81,1,96,69,66,119,43.5,68.5,103,101,78,108,87,45,70,98.5,110,118,89,103,116.5,102,132,3,69,73,60,73,88,78,106,73,118,108,87,99,128,76,85,71,100,8,119,91,121,59.5,-12.6,2.098,107.5,109,88,"MW",6,2,4,0.84,0.9969,0.9786,0.4541,1,0.85,0.8614,0.7569,0.8328,1,7,19,18,31,42,25,116,4,26,27,58,35,4,26.8155452436195,22.2289555950763,131.5,81.5,4.14,4.08,2.47,216.5,216.5,"http://a.espncdn.com/i/teamlogos/ncaa/500/62.png","#003420","#ffffff","Rainbow Warriors",NA,NA,NA,NA,NA,NA,NA,NA,NA,NA,NA,NA,NA,NA,NA,NA,0.385,0.417,0.462,96,97.5,88.5
"78",78,2023,"Hawai'i","Mountain West",843,150,0.12053425322202,101.610375466163,0.409252669039146,1.29637532585759,0.636363636363636,0.21505376344086,2.79318996415771,779,1.07168458781362,299,0.860215053763441,240,74,3.21621621621622,70.9,1.311,0.179122182680902,0.111506524317912,0.0676156583629893,0.673784104389087,0.0255447922140598,0.452464788732394,1.05916760830408,0.326215895610913,0.316730667231189,0.32,1.98912968280364,0.330960854092527,0.0848968328580635,23.6862163673997,0.408602150537634,0.980841363047589,0.658362989323843,0.186500513099617,103.507784770287,0.416216216216216,1.45209338542616,793,150,0.233237203477143,184.957102357375,0.424968474148802,1.35410388344611,0.75,0.187637969094923,3.09205298013245,1401,1.20309050772627,545,1.38631346578366,628,81,4.1358024691358,66.3,-1.645,0.163934426229508,0.0996216897856242,0.064312736443884,0.684741488020177,0.142291413383578,0.476979742173112,1.11842836332832,0.315258511979823,0.430771459560368,131.03872675106,0.312,2.13666746947823,0.57124842370744,0.145113424779886,65.7363814252882,0.426048565121413,1.05971916992278,0.422446406052963,0.391160378361373,131.03872675106,0.429850746268657,1.7486611730989,57,67.5,106,97,84,62,123,126,117,134,76,128,119,130,64,112,83.5,94,98,83,99,84,116,98,66,84,68,56,93,134,108,113,96,81,1,96,69,66,119,43.5,68.5,103,101,78,108,87,45,70,98.5,110,118,89,103,116.5,102,132,3,69,73,60,73,88,78,106,73,118,108,87,99,128,76,85,71,100,8,119,91,121,59.5,-12.6,2.098,107.5,109,88,"MW",6,2,4,0.84,0.9969,0.9786,0.4541,1,0.85,0.8614,0.7569,0.8328,1,7,19,18,31,42,25,116,4,26,27,58,35,4,26.8155452436195,22.2289555950763,131.5,81.5,4.14,4.08,2.47,216.5,216.5,"http://a.espncdn.com/i/teamlogos/ncaa/500/62.png","#003420","#ffffff","Rainbow Warriors",NA,NA,NA,NA,NA,NA,NA,NA,NA,NA,NA,NA,NA,NA,NA,NA,0.385,0.417,0.462,96,97.5,88.5
"79",79,2023,"Houston","Big 12",760,135,0.122485565797678,93.0890300062352,0.396052631578947,1.30231305021624,0.588235294117647,0.2,3.02625,968,1.2125,388,1.015625,325,62,3.43548387096774,71.8,1.273,0.142105263157895,0.0947368421052632,0.0473684210526316,0.660526315789474,0.108633081461973,0.472111553784861,1.10263634265243,0.339473684210526,0.149438849272576,0.248062015503876,2.04174085791345,0.421052631578947,0.0685232577335386,21.9274424747324,0.403125,0.957016140672782,0.560526315789474,0.237504850470577,101.177066300466,0.403755868544601,1.56128573237383,848,135,0.248483810378505,210.714271200972,0.456367924528302,1.27076415720647,0.754385964912281,0.164759725400458,3.17643020594966,1388,1.13272311212815,495,1.02517162471396,448,76,4.26315789473684,71.8,-1.324,0.128537735849057,0.0849056603773585,0.0436320754716981,0.6875,0.152288743783764,0.495711835334477,0.981960225598352,0.3125,0.460112956886935,140.405756581811,0.369811320754717,2.12244105756102,0.515330188679245,0.208456834432067,91.0956366468135,0.453089244851259,1.05639721939577,0.474056603773585,0.349268051198534,140.405756581811,0.470149253731343,1.49533904443672,110,125,104,109,100,59,132,111,88,118,38,98,102,116,101.5,100,105,106,29,50,18,103,81,74,33,103,116,122,67,120,116,116,102,91,16,81,72,78,80,81,10.5,112,116,120,62,90,75,88,93,84,96.5,44,49,102.5,112,49.5,75,124,117,126,82,99,105,29,82,125,113,130,94,84,109,108,102,98,50,112,126,40,77.5,-3.3,1.67,40,76,111.5,"B12",7,4,3,0.93,1,1,0.7541,1,0.81,0.7386,0.9268,0.7295,0.8065,2,3,34,8,1,3,56,4,39,52,21,55,43,26.2685788787484,23.0379630025675,103.5,93.5,3.18,5.48,3.81,150.5,244.5,"http://a.espncdn.com/i/teamlogos/ncaa/500/248.png","#C90822","#231f20","Cougars",NA,NA,NA,NA,NA,NA,NA,NA,NA,NA,NA,NA,NA,NA,NA,NA,0.333,0.5,0.417,104,63.5,108
"80",80,2023,"Houston","Big 12",760,135,0.122485565797678,93.0890300062352,0.396052631578947,1.30231305021624,0.588235294117647,0.2,3.02625,968,1.2125,388,1.015625,325,62,3.43548387096774,71.8,1.273,0.142105263157895,0.0947368421052632,0.0473684210526316,0.660526315789474,0.108633081461973,0.472111553784861,1.10263634265243,0.339473684210526,0.149438849272576,0.248062015503876,2.04174085791345,0.421052631578947,0.0685232577335386,21.9274424747324,0.403125,0.957016140672782,0.560526315789474,0.237504850470577,101.177066300466,0.403755868544601,1.56128573237383,848,135,0.248483810378505,210.714271200972,0.456367924528302,1.27076415720647,0.754385964912281,0.164759725400458,3.17643020594966,1388,1.13272311212815,495,1.02517162471396,448,76,4.26315789473684,71.8,-1.324,0.128537735849057,0.0849056603773585,0.0436320754716981,0.6875,0.152288743783764,0.495711835334477,0.981960225598352,0.3125,0.460112956886935,140.405756581811,0.369811320754717,2.12244105756102,0.515330188679245,0.208456834432067,91.0956366468135,0.453089244851259,1.05639721939577,0.474056603773585,0.349268051198534,140.405756581811,0.470149253731343,1.49533904443672,110,125,104,109,100,59,132,111,88,118,38,98,102,116,101.5,100,105,106,29,50,18,103,81,74,33,103,116,122,67,120,116,116,102,91,16,81,72,78,80,81,10.5,112,116,120,62,90,75,88,93,84,96.5,44,49,102.5,112,49.5,75,124,117,126,82,99,105,29,82,125,113,130,94,84,109,108,102,98,50,112,126,40,77.5,-3.3,1.67,40,76,111.5,"B12",7,4,3,0.93,1,1,0.7541,1,0.81,0.7386,0.9268,0.7295,0.8065,2,3,34,8,1,3,56,4,39,52,21,55,43,26.2685788787484,23.0379630025675,103.5,93.5,3.18,5.48,3.81,150.5,244.5,"http://a.espncdn.com/i/teamlogos/ncaa/500/248.png","#C90822","#231f20","Cougars",NA,NA,NA,NA,NA,NA,NA,NA,NA,NA,NA,NA,NA,NA,NA,NA,0.333,0.5,0.417,104,63.5,108
"81",81,2023,"Illinois","Big Ten",798,146,0.193456721754725,154.37846396027,0.449874686716792,1.19887310853708,0.673076923076923,0.135211267605634,3.32140845070423,1179,1.04225352112676,370,1.12112676056338,398,61,3.90163934426229,74,1.099,0.201754385964912,0.115288220551378,0.0864661654135338,0.714285714285714,0.138120649488775,0.501754385964912,1.01319824107126,0.285714285714286,0.331796902419598,0.320175438596491,1.92631163038945,0.444862155388471,0.0826586040038698,29.3438044213738,0.445070422535211,0.84694941744432,0.541353383458647,0.337623753913327,145.853461690557,0.465277777777778,1.47550964183388,843,149,0.193030830707213,162.724990286181,0.440094899169632,1.16495809423414,0.722222222222222,0.152777777777778,3.27523148148148,1415,1.09490740740741,473,0.905092592592593,391,81,4.08641975308642,67.6,-1.557,0.153024911032028,0.0901542111506524,0.062870699881376,0.686832740213523,0.148984348622899,0.488773747841105,0.977058472640602,0.313167259786477,0.289632774369402,114.020544240249,0.333333333333333,1.76922619549518,0.512455516014235,0.144269379951346,62.3243721389814,0.439814814814815,0.883547002116691,0.482799525504152,0.28014875734705,114.020544240249,0.444717444717445,1.46036200308671,89,86.5,66,70,38,111,109,18,26,90,84,106,89,103,106.5,71,130,130,123,93,131,16,60,33,94,16,62,55,109,108,109,109,50,126,31,40,41,24,110,76,61,81,81,103,13,63.5,94,106,100,71,85,26,33,116.5,98,120.5,16,97,104,63,79,92,94,26,79,61,83,112.5,7,77,75,80,86,20,64,84,109,25,71.5,0.1,1.504,61,61,118,"B1G",0.5,-1,1.5,0.71,0.5949,0.7647,0.8916,0.2933,0.74,0.6832,0.8333,0.6926,0.7429,55,66,50,69,78,57,25,116,54,66,35,64,53,25.2231812577065,26.3048154432812,61.5,151.5,5.06,4.98,2.89,175.5,179.5,"http://a.espncdn.com/i/teamlogos/ncaa/500/356.png","#f77329","#E84A27","Fighting Illini",NA,NA,NA,NA,NA,NA,NA,NA,NA,NA,NA,NA,NA,NA,NA,NA,0.417,0.25,0.5,89.5,131.5,71
"82",82,2023,"Illinois","Big Ten",798,146,0.193456721754725,154.37846396027,0.449874686716792,1.19887310853708,0.673076923076923,0.135211267605634,3.32140845070423,1179,1.04225352112676,370,1.12112676056338,398,61,3.90163934426229,74,1.099,0.201754385964912,0.115288220551378,0.0864661654135338,0.714285714285714,0.138120649488775,0.501754385964912,1.01319824107126,0.285714285714286,0.331796902419598,0.320175438596491,1.92631163038945,0.444862155388471,0.0826586040038698,29.3438044213738,0.445070422535211,0.84694941744432,0.541353383458647,0.337623753913327,145.853461690557,0.465277777777778,1.47550964183388,843,149,0.193030830707213,162.724990286181,0.440094899169632,1.16495809423414,0.722222222222222,0.152777777777778,3.27523148148148,1415,1.09490740740741,473,0.905092592592593,391,81,4.08641975308642,67.6,-1.557,0.153024911032028,0.0901542111506524,0.062870699881376,0.686832740213523,0.148984348622899,0.488773747841105,0.977058472640602,0.313167259786477,0.289632774369402,114.020544240249,0.333333333333333,1.76922619549518,0.512455516014235,0.144269379951346,62.3243721389814,0.439814814814815,0.883547002116691,0.482799525504152,0.28014875734705,114.020544240249,0.444717444717445,1.46036200308671,89,86.5,66,70,38,111,109,18,26,90,84,106,89,103,106.5,71,130,130,123,93,131,16,60,33,94,16,62,55,109,108,109,109,50,126,31,40,41,24,110,76,61,81,81,103,13,63.5,94,106,100,71,85,26,33,116.5,98,120.5,16,97,104,63,79,92,94,26,79,61,83,112.5,7,77,75,80,86,20,64,84,109,25,71.5,0.1,1.504,61,61,118,"B1G",0.5,-1,1.5,0.71,0.5949,0.7647,0.8916,0.2933,0.74,0.6832,0.8333,0.6926,0.7429,55,66,50,69,78,57,25,116,54,66,35,64,53,25.2231812577065,26.3048154432812,61.5,151.5,5.06,4.98,2.89,175.5,179.5,"http://a.espncdn.com/i/teamlogos/ncaa/500/356.png","#f77329","#E84A27","Fighting Illini",NA,NA,NA,NA,NA,NA,NA,NA,NA,NA,NA,NA,NA,NA,NA,NA,0.417,0.25,0.5,89.5,131.5,71
"83",83,2023,"Indiana","Big Ten",784,138,0.122642660494443,96.1518458276431,0.414540816326531,1.16916135702498,0.720930232558139,0.120603015075377,3.29572864321608,1312,0.952261306532663,379,0.793969849246231,316,62,3.11290322580645,73.5,1.171,0.169642857142857,0.107142857142857,0.0625,0.704081632653061,0.100389790444511,0.472826086956522,0.986688633324832,0.295918367346939,0.175589144406348,0.275862068965517,1.91330793336463,0.50765306122449,0.0874306939426444,34.7974161891725,0.402010050251256,0.901299903644768,0.480867346938776,0.233563439638436,88.0534167436905,0.437665782493369,1.42890579666639,794,146,0.24277641141436,192.764470663002,0.46095717884131,1.20217333264545,0.75,0.155875299760192,3.24412470023981,1353,1.16786570743405,487,1.07673860911271,449,71,4.08450704225352,69.5,-1.433,0.16624685138539,0.104534005037783,0.0617128463476071,0.710327455919396,0.180461604010397,0.515957446808511,0.96527792272961,0.289672544080605,0.395583156526687,144.972732029415,0.326086956521739,2.12132752311893,0.525188916876574,0.141222768914139,58.8898946371958,0.470023980815348,0.856756815149376,0.465994962216625,0.391818194674095,144.972732029415,0.459459459459459,1.60041825869976,95.5,116,103,107,77,119,82.5,7,29,69,113,102,121,118,101.5,120,124.5,124,83,78,77,26,85,73,108,26,110,95,115,69,105,103,104,109,70,83,83,48,124,45,45,108,107,124,27,87,87.5,102,87.5,97,90.5,52,50.5,69.5,97,96.5,38,62,64,69,120,108,123,18,120,105,117,106,93,101,73,74,112,13,33,120,123,80,76.5,-4.5,1.9,44,81,102,"B1G",5,0,5,0.77,0.3675,1,0.9135,1,1,1,1,1,1,11,47,1,50,90,3,21,4,1,1,1,1,4,26.48375,21.0010042282548,109.5,59.5,4.87,7.13,4.18,108.5,194.5,"http://a.espncdn.com/i/teamlogos/ncaa/500/84.png","#7D110C","#eeedeb","Hoosiers",NA,NA,NA,NA,NA,NA,NA,NA,NA,NA,NA,NA,NA,NA,NA,NA,0.25,0.583,0.667,119.5,35,20
"84",84,2023,"Indiana","Big Ten",784,138,0.122642660494443,96.1518458276431,0.414540816326531,1.16916135702498,0.720930232558139,0.120603015075377,3.29572864321608,1312,0.952261306532663,379,0.793969849246231,316,62,3.11290322580645,73.5,1.171,0.169642857142857,0.107142857142857,0.0625,0.704081632653061,0.100389790444511,0.472826086956522,0.986688633324832,0.295918367346939,0.175589144406348,0.275862068965517,1.91330793336463,0.50765306122449,0.0874306939426444,34.7974161891725,0.402010050251256,0.901299903644768,0.480867346938776,0.233563439638436,88.0534167436905,0.437665782493369,1.42890579666639,794,146,0.24277641141436,192.764470663002,0.46095717884131,1.20217333264545,0.75,0.155875299760192,3.24412470023981,1353,1.16786570743405,487,1.07673860911271,449,71,4.08450704225352,69.5,-1.433,0.16624685138539,0.104534005037783,0.0617128463476071,0.710327455919396,0.180461604010397,0.515957446808511,0.96527792272961,0.289672544080605,0.395583156526687,144.972732029415,0.326086956521739,2.12132752311893,0.525188916876574,0.141222768914139,58.8898946371958,0.470023980815348,0.856756815149376,0.465994962216625,0.391818194674095,144.972732029415,0.459459459459459,1.60041825869976,95.5,116,103,107,77,119,82.5,7,29,69,113,102,121,118,101.5,120,124.5,124,83,78,77,26,85,73,108,26,110,95,115,69,105,103,104,109,70,83,83,48,124,45,45,108,107,124,27,87,87.5,102,87.5,97,90.5,52,50.5,69.5,97,96.5,38,62,64,69,120,108,123,18,120,105,117,106,93,101,73,74,112,13,33,120,123,80,76.5,-4.5,1.9,44,81,102,"B1G",5,0,5,0.77,0.3675,1,0.9135,1,1,1,1,1,1,11,47,1,50,90,3,21,4,1,1,1,1,4,26.48375,21.0010042282548,109.5,59.5,4.87,7.13,4.18,108.5,194.5,"http://a.espncdn.com/i/teamlogos/ncaa/500/84.png","#7D110C","#eeedeb","Hoosiers",NA,NA,NA,NA,NA,NA,NA,NA,NA,NA,NA,NA,NA,NA,NA,NA,0.25,0.583,0.667,119.5,35,20
"85",85,2023,"Iowa","Big Ten",825,180,-0.0575113427064837,-47.446857732849,0.328484848484848,1.08390494355083,0.661016949152542,0.205752212389381,2.51061946902655,1135,0.743362831858407,336,1.16814159292035,528,66,2.77272727272727,69.5,1.461,0.197575757575758,0.12,0.0775757575757576,0.660606060606061,-0.106876425396703,0.387155963302752,0.904360411859191,0.339393939393939,0.0385742646726934,0.214285714285714,1.71530321333307,0.547878787878788,-0.050108952494104,-22.649246527335,0.334070796460177,0.86744673338475,0.442424242424242,-0.0119039175457753,-4.34492990420798,0.328767123287671,1.35628152467647,962,181,0.00838573013015983,8.06707238521376,0.353430353430353,1.06395262930558,0.725806451612903,0.140692640692641,2.89415584415584,1337,0.712121212121212,329,0.350649350649351,162,59,2.89830508474576,73,-1.173,0.158004158004158,0.0945945945945946,0.0634095634095634,0.643451143451143,-0.0654094450759614,0.408723747980614,0.824090842228053,0.356548856548857,0.141561279554618,39.8414607152022,0.253644314868805,1.76148173425517,0.48024948024948,-0.0098890297368987,-4.5687317384472,0.367965367965368,0.750744555990205,0.508316008316008,0.0814753797856895,39.8414607152022,0.347648261758691,1.37716070262096,69.5,2,134,134,134,133,116,118,133,97,132,116,78,68,89.5,128,43.5,28.5,119,105,117,101,134,134,132,101,133,132,131,33,133,133,132,123,102,132,133,130,130,133,133.5,5,5,11,2,68.5,111,34,84,3,11,1,1,14.5,10,25,114,83,93,61,17,3,9,1,17,6,9,18,5,39,12,12,21,3,95,8,8,5,83,13.2,2.436,26.5,23.5,69.5,"B1G",7,3,4,0.88,1,0.7085,0.9234,1,0.94,0.9581,0.8727,0.9439,1,2,8,18,20,1,72,20,4,11,16,29,14,4,28.7517985611511,14.985858919769,196.5,1.5,8.13,8.15,5.92,68.5,68.5,"http://a.espncdn.com/i/teamlogos/ncaa/500/2294.png","#000000","#ffe100","Hawkeyes",NA,NA,NA,NA,NA,NA,NA,NA,NA,NA,NA,NA,NA,NA,NA,NA,0.714,0.462,0.143,26,78.5,134
"86",86,2023,"Iowa","Big Ten",825,180,-0.0575113427064837,-47.446857732849,0.328484848484848,1.08390494355083,0.661016949152542,0.205752212389381,2.51061946902655,1135,0.743362831858407,336,1.16814159292035,528,66,2.77272727272727,69.5,1.461,0.197575757575758,0.12,0.0775757575757576,0.660606060606061,-0.106876425396703,0.387155963302752,0.904360411859191,0.339393939393939,0.0385742646726934,0.214285714285714,1.71530321333307,0.547878787878788,-0.050108952494104,-22.649246527335,0.334070796460177,0.86744673338475,0.442424242424242,-0.0119039175457753,-4.34492990420798,0.328767123287671,1.35628152467647,962,181,0.00838573013015983,8.06707238521376,0.353430353430353,1.06395262930558,0.725806451612903,0.140692640692641,2.89415584415584,1337,0.712121212121212,329,0.350649350649351,162,59,2.89830508474576,73,-1.173,0.158004158004158,0.0945945945945946,0.0634095634095634,0.643451143451143,-0.0654094450759614,0.408723747980614,0.824090842228053,0.356548856548857,0.141561279554618,39.8414607152022,0.253644314868805,1.76148173425517,0.48024948024948,-0.0098890297368987,-4.5687317384472,0.367965367965368,0.750744555990205,0.508316008316008,0.0814753797856895,39.8414607152022,0.347648261758691,1.37716070262096,69.5,2,134,134,134,133,116,118,133,97,132,116,78,68,89.5,128,43.5,28.5,119,105,117,101,134,134,132,101,133,132,131,33,133,133,132,123,102,132,133,130,130,133,133.5,5,5,11,2,68.5,111,34,84,3,11,1,1,14.5,10,25,114,83,93,61,17,3,9,1,17,6,9,18,5,39,12,12,21,3,95,8,8,5,83,13.2,2.436,26.5,23.5,69.5,"B1G",7,3,4,0.88,1,0.7085,0.9234,1,0.94,0.9581,0.8727,0.9439,1,2,8,18,20,1,72,20,4,11,16,29,14,4,28.7517985611511,14.985858919769,196.5,1.5,8.13,8.15,5.92,68.5,68.5,"http://a.espncdn.com/i/teamlogos/ncaa/500/2294.png","#000000","#ffe100","Hawkeyes",NA,NA,NA,NA,NA,NA,NA,NA,NA,NA,NA,NA,NA,NA,NA,NA,0.714,0.462,0.143,26,78.5,134
"87",87,2023,"Iowa State","Big 12",750,153,0.181025263609254,135.768947706941,0.357333333333333,1.5569615824799,0.612903225806452,0.269230769230769,2.36153846153846,860,0.85989010989011,313,1.49725274725275,545,70,3.45714285714286,67.2,1.569,0.156,0.0986666666666667,0.0573333333333333,0.624,0.17670035351087,0.405982905982906,1.38990203484317,0.376,0.188202773985295,0.276595744680851,1.96390150621039,0.485333333333333,-0.00363767249921584,-1.32411278971457,0.321428571428571,1.16635411591311,0.509333333333333,0.370947797740277,141.702058736786,0.395287958115183,1.8596176989588,898,150,0.125390396995831,112.600576502256,0.396436525612472,1.26860890421922,0.685714285714286,0.194895591647332,2.85707656612529,1231,1.0046403712297,433,0.807424593967517,348,71,3.35211267605634,71,-1.312,0.164810690423163,0.0790645879732739,0.0857461024498886,0.66369710467706,0.0882924900842714,0.453020134228188,1.05865308482589,0.33630289532294,0.198603484808047,105.635468755181,0.28476821192053,1.92777252324478,0.479955456570156,0.0730406894293962,31.4805371440698,0.419953596287703,0.888391525907291,0.50445434298441,0.233190880254263,105.635468755181,0.386313465783664,1.66186230693041,115.5,53,72,79,127,1,128,134,134,128,128,123.5,39,64,71,98,12,16,56,58,50,134,42,131,1,134,106,94,99,86,128,128,133,5,46,31,45,84,9,111,68.5,34,43,40,61,39,35,29,59,42,59,20,21,69.5,28,66.5,77,67,125,5,46,52,44,78,46,22,74,43,33,36,32,34,58.5,21,90,56,31,96,91,11.5,2.708,9.5,30,44,"B12",10,5,5,0.97,1,1.2133,0.7237,0.6641,0.9,0.8426,1,0.9024,0.8281,1,1,1,2,1,1,65,90,18,33,1,24,38,29.8073394495413,22.6128155100761,236.5,87.5,8.06,9.8,7.15,21.5,73.5,"http://a.espncdn.com/i/teamlogos/ncaa/500/66.png","#660015","#F1BE48","Cyclones",NA,NA,NA,NA,NA,NA,NA,NA,NA,NA,NA,NA,NA,NA,NA,NA,NA,NA,NA,NA,NA,NA
"88",88,2023,"Iowa State","Big 12",750,153,0.181025263609254,135.768947706941,0.357333333333333,1.5569615824799,0.612903225806452,0.269230769230769,2.36153846153846,860,0.85989010989011,313,1.49725274725275,545,70,3.45714285714286,67.2,1.569,0.156,0.0986666666666667,0.0573333333333333,0.624,0.17670035351087,0.405982905982906,1.38990203484317,0.376,0.188202773985295,0.276595744680851,1.96390150621039,0.485333333333333,-0.00363767249921584,-1.32411278971457,0.321428571428571,1.16635411591311,0.509333333333333,0.370947797740277,141.702058736786,0.395287958115183,1.8596176989588,898,150,0.125390396995831,112.600576502256,0.396436525612472,1.26860890421922,0.685714285714286,0.194895591647332,2.85707656612529,1231,1.0046403712297,433,0.807424593967517,348,71,3.35211267605634,71,-1.312,0.164810690423163,0.0790645879732739,0.0857461024498886,0.66369710467706,0.0882924900842714,0.453020134228188,1.05865308482589,0.33630289532294,0.198603484808047,105.635468755181,0.28476821192053,1.92777252324478,0.479955456570156,0.0730406894293962,31.4805371440698,0.419953596287703,0.888391525907291,0.50445434298441,0.233190880254263,105.635468755181,0.386313465783664,1.66186230693041,115.5,53,72,79,127,1,128,134,134,128,128,123.5,39,64,71,98,12,16,56,58,50,134,42,131,1,134,106,94,99,86,128,128,133,5,46,31,45,84,9,111,68.5,34,43,40,61,39,35,29,59,42,59,20,21,69.5,28,66.5,77,67,125,5,46,52,44,78,46,22,74,43,33,36,32,34,58.5,21,90,56,31,96,91,11.5,2.708,9.5,30,44,"B12",10,5,5,0.97,1,1.2133,0.7237,0.6641,0.9,0.8426,1,0.9024,0.8281,1,1,1,2,1,1,65,90,18,33,1,24,38,29.8073394495413,22.6128155100761,236.5,87.5,8.06,9.8,7.15,21.5,73.5,"http://a.espncdn.com/i/teamlogos/ncaa/500/66.png","#660015","#F1BE48","Cyclones",NA,NA,NA,NA,NA,NA,NA,NA,NA,NA,NA,NA,NA,NA,NA,NA,NA,NA,NA,NA,NA,NA
"89",89,2023,"Jacksonville State","Conference USA",987,178,0.119178334359333,117.629016012661,0.419452887537994,1.17741768464475,0.736842105263158,0.181380417335474,3.00064205457464,1869,1.10272873194221,687,1.36276083467095,849,88,3.77272727272727,69.4,1.448,0.157041540020263,0.0921985815602837,0.0648429584599797,0.691995947315096,0.114639939561124,0.472913616398243,0.947060650663388,0.308004052684904,0.129374793725044,0.299342105263158,1.99505858547969,0.631205673758865,0.162504919470505,101.240564830125,0.451043338683788,0.995091108106793,0.360688956433637,0.110072659151677,39.1858666579969,0.373595505617978,1.5626339854505,939,178,0.0569340191743216,53.461044004688,0.351437699680511,1.29706976711784,0.712121212121212,0.224789915966387,2.41911764705882,1152,0.665966386554622,317,0.69327731092437,330,60,3.33333333333333,73,-1.194,0.17678381256656,0.115015974440895,0.0617678381256656,0.647497337593184,0.00854475576093237,0.412828947368421,1.07453650748682,0.352502662406816,0.145818225081695,110.606628195365,0.238670694864048,2.00410581986956,0.50692225772098,-0.0724443196876204,-34.4834961713073,0.327731092436975,0.849088932930336,0.478168264110756,0.246339929165624,110.606628195365,0.387527839643653,1.69870775638939,3,3,107,89,69,117,74.5,91,95,4,60,5,57,7,23,79,38.5,35,57,45,85,51,73,72,124,51,124,73,89,6,60,24,46,74,129,118,118,104,79,129,131,9,10,8,82,59,10,4,33.5,1,10,11,18,18.5,26,25,107,48,36,68,25,16,11,89,25,9,80,5,58,68,1,1,4,11,55,67,33,108,60.5,-9.9,2.5,101,95.5,60,"CUS",-6.5,-4.5,-2,0.35,0.3547,0.2974,0.4915,0.0379,0.57,0.5443,0.5167,0.5528,0.7381,115,109,92,126,91,128,109,129,91,101,100,95,57,20.9027081243731,30.3449475543077,1.5,223.5,6.43,5,4.1,172.5,124.5,"https://a.espncdn.com/combiner/i?img=/i/teamlogos/ncaa/500/55.png","#B50500","#B5B7BA","Gamecocks",NA,NA,NA,NA,NA,NA,NA,NA,NA,NA,NA,NA,NA,NA,NA,NA,NA,NA,NA,NA,NA,NA
"90",90,2023,"Jacksonville State","Conference USA",987,178,0.119178334359333,117.629016012661,0.419452887537994,1.17741768464475,0.736842105263158,0.181380417335474,3.00064205457464,1869,1.10272873194221,687,1.36276083467095,849,88,3.77272727272727,69.4,1.448,0.157041540020263,0.0921985815602837,0.0648429584599797,0.691995947315096,0.114639939561124,0.472913616398243,0.947060650663388,0.308004052684904,0.129374793725044,0.299342105263158,1.99505858547969,0.631205673758865,0.162504919470505,101.240564830125,0.451043338683788,0.995091108106793,0.360688956433637,0.110072659151677,39.1858666579969,0.373595505617978,1.5626339854505,939,178,0.0569340191743216,53.461044004688,0.351437699680511,1.29706976711784,0.712121212121212,0.224789915966387,2.41911764705882,1152,0.665966386554622,317,0.69327731092437,330,60,3.33333333333333,73,-1.194,0.17678381256656,0.115015974440895,0.0617678381256656,0.647497337593184,0.00854475576093237,0.412828947368421,1.07453650748682,0.352502662406816,0.145818225081695,110.606628195365,0.238670694864048,2.00410581986956,0.50692225772098,-0.0724443196876204,-34.4834961713073,0.327731092436975,0.849088932930336,0.478168264110756,0.246339929165624,110.606628195365,0.387527839643653,1.69870775638939,3,3,107,89,69,117,74.5,91,95,4,60,5,57,7,23,79,38.5,35,57,45,85,51,73,72,124,51,124,73,89,6,60,24,46,74,129,118,118,104,79,129,131,9,10,8,82,59,10,4,33.5,1,10,11,18,18.5,26,25,107,48,36,68,25,16,11,89,25,9,80,5,58,68,1,1,4,11,55,67,33,108,60.5,-9.9,2.5,101,95.5,60,"CUS",-6.5,-4.5,-2,0.35,0.3547,0.2974,0.4915,0.0379,0.57,0.5443,0.5167,0.5528,0.7381,115,109,92,126,91,128,109,129,91,101,100,95,57,20.9027081243731,30.3449475543077,1.5,223.5,6.43,5,4.1,172.5,124.5,"https://a.espncdn.com/combiner/i?img=/i/teamlogos/ncaa/500/55.png","#B50500","#B5B7BA","Gamecocks",NA,NA,NA,NA,NA,NA,NA,NA,NA,NA,NA,NA,NA,NA,NA,NA,NA,NA,NA,NA,NA,NA
"91",91,2023,"James Madison","Sun Belt",862,167,0.236944680987287,204.246315011042,0.464037122969838,1.23394327151919,0.589285714285714,0.231325301204819,2.70313253012048,1122,1.07710843373494,447,1,415,90,3.92222222222222,67,1.661,0.180974477958237,0.111368909512761,0.0696055684454756,0.711136890951276,0.177279475089269,0.518760195758564,1.03291276771209,0.288863109048724,0.383831312374778,0.329317269076305,2.01354937164916,0.481438515081206,0.00265988565311765,1.10385254604383,0.4,0.840907653381035,0.506960556844548,0.506180398289969,221.200834052717,0.535469107551487,1.51276341088216,854,167,0.0675758549621747,57.7097801376972,0.336065573770492,1.4687140349923,0.581395348837209,0.254794520547945,2.27260273972603,830,0.706849315068493,258,0.958904109589041,350,59,2.86440677966102,73.5,-1.188,0.244730679156909,0.156908665105386,0.0878220140515222,0.628805620608899,-0.0392815691237591,0.376163873370577,1.22696729027123,0.371194379391101,0.248593005543078,97.2013299261489,0.26813880126183,2.04321806362357,0.427400468384075,-0.0239927377275997,-8.7573492705739,0.304109589041096,1.10981016874557,0.559718969555035,0.203350062607006,97.2013299261489,0.368200836820084,1.69506817790927,45,13,42,42,22,94,131,133,124,100,70,77.5,105,98.5,17.5,64,10.5,4,101,82,103,19,40,23,79,19,49,48,81,89,127,127,109,127,50,8,8,4,94,86.5,118,10,13,3,128,5,3,2,4,2,3,32,22,14.5,9,16,109,2,2,3,7,6,3,129,7,41,62,25,65,6,9,9,2,116,128,36,18,106,NA,NA,NA,NA,NA,NA,NA,NA,NA,NA,NA,NA,NA,NA,NA,NA,NA,NA,NA,NA,NA,NA,NA,NA,NA,NA,NA,NA,NA,NA,NA,NA,NA,NA,NA,NA,NA,NA,NA,NA,NA,NA,"https://a.espncdn.com/combiner/i?img=/i/teamlogos/ncaa/500/256.png","#000000","#454466","Dukes",NA,NA,NA,NA,NA,NA,NA,NA,NA,NA,NA,NA,NA,NA,NA,NA,NA,NA,NA,NA,NA,NA
"92",92,2023,"Kansas","Big 12",805,142,0.387384852203384,311.844806023724,0.485714285714286,1.3909380189002,0.767441860465116,0.133891213389121,3.44811715481172,1648,1.34728033472803,644,1.71548117154812,820,77,4.42857142857143,71.6,1.266,0.139130434782609,0.0869565217391304,0.0521739130434783,0.696894409937888,0.342791562596178,0.545454545454545,1.15315062020451,0.303105590062112,0.489912866423229,0.348360655737705,2.24697265420468,0.593788819875776,0.246464183016694,117.80987948198,0.481171548117155,1.02603697232038,0.396273291925466,0.648393033584798,206.83737771355,0.504702194357367,1.91222522829993,852,148,0.199777515826636,170.210443484294,0.448356807511737,1.21583037844422,0.763636363636364,0.111856823266219,3.24832214765101,1452,1.11185682326622,497,1.2751677852349,570,75,4.14666666666667,70.2,-1.346,0.158450704225352,0.0880281690140845,0.0704225352112676,0.687793427230047,0.162174248751578,0.515358361774744,1.02143052205822,0.312206572769953,0.282617795924319,89.0036267019506,0.300751879699248,1.9496898363014,0.524647887323944,0.206932240482637,92.4987114957387,0.460850111856823,1.01809408551447,0.469483568075117,0.222509066754876,89.0036267019506,0.44,1.44727172130519,83,108,5,8,9,11,44,17,9,14.5,10,9,15,11,53.5,27,101.5,109,21,38,33,44,3,6,10,44,14,22,16,13,17,14,22,50,122,1,10,8,5,84,54.5,87,89,108,32,96,131,103,111,77,98,75,89,96.5,103,83.5,66,82,108,40,84,101,121,54,84,58,47,69,40,98,108,109,108,83,39,50,104,21,85,9.7,2.394,23,33.5,72,"B12",2.5,-2.5,5,0.6,0.4082,0.8901,0.3654,1,0.91,1,0.76,0.9167,1,29,80,1,87,86,36,128,4,17,1,56,18,4,29.5185185185185,27.8201972250221,222.5,181.5,8.33,8.96,6.23,47.5,59.5,"http://a.espncdn.com/i/teamlogos/ncaa/500/2305.png","#0022B4","#e8000d","Jayhawks",NA,NA,NA,NA,NA,NA,NA,NA,NA,NA,NA,NA,NA,NA,NA,NA,0.692,0.615,0.539,33,27.5,53
"93",93,2023,"Kansas","Big 12",805,142,0.387384852203384,311.844806023724,0.485714285714286,1.3909380189002,0.767441860465116,0.133891213389121,3.44811715481172,1648,1.34728033472803,644,1.71548117154812,820,77,4.42857142857143,71.6,1.266,0.139130434782609,0.0869565217391304,0.0521739130434783,0.696894409937888,0.342791562596178,0.545454545454545,1.15315062020451,0.303105590062112,0.489912866423229,0.348360655737705,2.24697265420468,0.593788819875776,0.246464183016694,117.80987948198,0.481171548117155,1.02603697232038,0.396273291925466,0.648393033584798,206.83737771355,0.504702194357367,1.91222522829993,852,148,0.199777515826636,170.210443484294,0.448356807511737,1.21583037844422,0.763636363636364,0.111856823266219,3.24832214765101,1452,1.11185682326622,497,1.2751677852349,570,75,4.14666666666667,70.2,-1.346,0.158450704225352,0.0880281690140845,0.0704225352112676,0.687793427230047,0.162174248751578,0.515358361774744,1.02143052205822,0.312206572769953,0.282617795924319,89.0036267019506,0.300751879699248,1.9496898363014,0.524647887323944,0.206932240482637,92.4987114957387,0.460850111856823,1.01809408551447,0.469483568075117,0.222509066754876,89.0036267019506,0.44,1.44727172130519,83,108,5,8,9,11,44,17,9,14.5,10,9,15,11,53.5,27,101.5,109,21,38,33,44,3,6,10,44,14,22,16,13,17,14,22,50,122,1,10,8,5,84,54.5,87,89,108,32,96,131,103,111,77,98,75,89,96.5,103,83.5,66,82,108,40,84,101,121,54,84,58,47,69,40,98,108,109,108,83,39,50,104,21,85,9.7,2.394,23,33.5,72,"B12",2.5,-2.5,5,0.6,0.4082,0.8901,0.3654,1,0.91,1,0.76,0.9167,1,29,80,1,87,86,36,128,4,17,1,56,18,4,29.5185185185185,27.8201972250221,222.5,181.5,8.33,8.96,6.23,47.5,59.5,"http://a.espncdn.com/i/teamlogos/ncaa/500/2305.png","#0022B4","#e8000d","Jayhawks",NA,NA,NA,NA,NA,NA,NA,NA,NA,NA,NA,NA,NA,NA,NA,NA,0.692,0.615,0.539,33,27.5,53
"94",94,2023,"Kansas State","Big 12",955,159,0.257930259808402,246.323398117024,0.465968586387435,1.2347678912735,0.737704918032787,0.17578125,3.2716796875,1675,1.291015625,661,1.263671875,647,90,5.11111111111111,69.6,1.442,0.126701570680628,0.0670157068062827,0.0596858638743456,0.707853403141361,0.196592630735894,0.519230769230769,1.00804712179391,0.292146596858639,0.40654759763283,0.336917562724014,2.0813528922026,0.536125654450262,0.236984318705476,121.335971177204,0.48828125,0.983859062762931,0.458638743455497,0.307555374499564,134.709254030809,0.445205479452055,1.55644587654346,833,161,0.127790649998865,106.449611449054,0.374549819927971,1.43262026881015,0.636363636363636,0.234501347708895,2.8455525606469,1056,1.05390835579515,391,2.03234501347709,754,63,2.98412698412698,73.1,-1.168,0.181272509003601,0.111644657863145,0.0696278511404562,0.645858343337335,0.0895811522103244,0.440520446096654,1.19894599001725,0.354141656662665,0.197474412067457,83.4659173059161,0.254237288135593,2.17103098979573,0.445378151260504,0.125226179283486,46.4589125141733,0.377358490566038,1.20692434405372,0.540216086434574,0.185479816235369,83.4659173059161,0.382222222222222,1.61632625407701,9,35,37,22,21,93,73,78,34,12,19,7,68,42,17.5,2,45,39.5,12,8,63,22,31,22,98,22,40,38,54,44,23,11,17,79,88,53,53,43,81,70,106,36,39,19,126,21,6,26,19,59,28.5,130,120,30.5,13,22,116,36,43,44,22,53,33,127,22,20,39,19,107,11,63,53,28,129,122,28,27,87,88,16.4,3.824,16,17,3,"B12",-1,-3.5,2.5,0.55,0.1554,0.9394,0.4923,0.855,0.78,0.8452,0.6513,0.8085,0.878,68,93,41,96,101,32,108,68,46,32,73,36,30,25.7653806047967,31.8666298893423,79.5,233.5,9.7,9.36,6.74,35.5,27.5,"http://a.espncdn.com/i/teamlogos/ncaa/500/2306.png","#633194","#e7d2ad","Wildcats",NA,NA,NA,NA,NA,NA,NA,NA,NA,NA,NA,NA,NA,NA,NA,NA,0.692,0.667,0.539,33,14.5,53
"95",95,2023,"Kansas State","Big 12",955,159,0.257930259808402,246.323398117024,0.465968586387435,1.2347678912735,0.737704918032787,0.17578125,3.2716796875,1675,1.291015625,661,1.263671875,647,90,5.11111111111111,69.6,1.442,0.126701570680628,0.0670157068062827,0.0596858638743456,0.707853403141361,0.196592630735894,0.519230769230769,1.00804712179391,0.292146596858639,0.40654759763283,0.336917562724014,2.0813528922026,0.536125654450262,0.236984318705476,121.335971177204,0.48828125,0.983859062762931,0.458638743455497,0.307555374499564,134.709254030809,0.445205479452055,1.55644587654346,833,161,0.127790649998865,106.449611449054,0.374549819927971,1.43262026881015,0.636363636363636,0.234501347708895,2.8455525606469,1056,1.05390835579515,391,2.03234501347709,754,63,2.98412698412698,73.1,-1.168,0.181272509003601,0.111644657863145,0.0696278511404562,0.645858343337335,0.0895811522103244,0.440520446096654,1.19894599001725,0.354141656662665,0.197474412067457,83.4659173059161,0.254237288135593,2.17103098979573,0.445378151260504,0.125226179283486,46.4589125141733,0.377358490566038,1.20692434405372,0.540216086434574,0.185479816235369,83.4659173059161,0.382222222222222,1.61632625407701,9,35,37,22,21,93,73,78,34,12,19,7,68,42,17.5,2,45,39.5,12,8,63,22,31,22,98,22,40,38,54,44,23,11,17,79,88,53,53,43,81,70,106,36,39,19,126,21,6,26,19,59,28.5,130,120,30.5,13,22,116,36,43,44,22,53,33,127,22,20,39,19,107,11,63,53,28,129,122,28,27,87,88,16.4,3.824,16,17,3,"B12",-1,-3.5,2.5,0.55,0.1554,0.9394,0.4923,0.855,0.78,0.8452,0.6513,0.8085,0.878,68,93,41,96,101,32,108,68,46,32,73,36,30,25.7653806047967,31.8666298893423,79.5,233.5,9.7,9.36,6.74,35.5,27.5,"http://a.espncdn.com/i/teamlogos/ncaa/500/2306.png","#633194","#e7d2ad","Wildcats",NA,NA,NA,NA,NA,NA,NA,NA,NA,NA,NA,NA,NA,NA,NA,NA,0.692,0.667,0.539,33,14.5,53
"96",96,2023,"Kennesaw State","Conference USA",455,89,0.200288984780402,91.131488075083,0.430769230769231,1.20463218660391,0.758620689655172,0.145762711864407,3.16033898305085,932,1.33559322033898,394,1.41694915254237,418,42,3.85714285714286,67,1.651,0.032967032967033,0.021978021978022,0.010989010989011,0.698901098901099,0.182016380833913,0.522012578616352,0.99179693061708,0.301098901098901,0.242702766203641,0.218978102189781,2.38232060306436,0.648351648351648,0.268163128179682,79.108122813006,0.494915254237288,1.04181302647207,0.345054945054945,0.104152545671764,16.3519496704669,0.318471337579618,1.68006413418887,501,90,0.101820760791541,51.0122011565619,0.385229540918164,1.23926821922725,0.757575757575758,0.211538461538462,2.59769230769231,675,0.903846153846154,235,0.8,208,40,3.9,71.5,-1.296,0.0479041916167665,0.0339321357285429,0.0139720558882236,0.654690618762475,0.079130820139805,0.445121951219512,1.02271741661973,0.345309381237525,0.144839839021421,52.0045254855968,0.271676300578035,1.91195794647615,0.518962075848303,0.0155405852848001,4.04055217404802,0.376923076923077,0.908442042463058,0.473053892215569,0.219428377576358,52.0045254855968,0.40084388185654,1.58054153841557,134,134,63,110,56,107,53,40,61,121.5,11,95,50,96,134,74,10.5,6,1,1,1,41,35,19,104,41,94,130,3,5,11,46,15,39,130,119,130,132,33,1,1,25,9,33,43,92,18,9,1,17,1,19,2.5,1,78,57,82,134,134,134,34,46,35,55,34,7,12,29,25,88,15,15,27,29,48,48,51,66,NA,NA,NA,NA,NA,NA,NA,NA,NA,NA,NA,NA,NA,NA,NA,NA,NA,NA,NA,NA,NA,NA,NA,NA,NA,NA,NA,NA,NA,NA,NA,NA,NA,NA,NA,NA,NA,NA,NA,NA,NA,NA,NA,NA,NA,NA,NA,NA,NA,NA,NA,NA,NA,NA,NA,NA,NA,NA,NA,NA,NA,NA,NA,NA,NA,NA,NA,NA
"97",97,2023,"Kent State","Mid-American",742,142,0.0329327310463176,24.4360864363676,0.342318059299191,1.2884669894433,0.673076923076923,0.166666666666667,2.84393939393939,1126,0.828282828282828,328,0.737373737373737,292,48,3.27083333333333,71.6,1.286,0.190026954177898,0.122641509433962,0.0673854447439353,0.628032345013477,-0.0320757076950296,0.394849785407725,1.01696313455992,0.371967654986523,0.142693355877723,0.253623188405797,2.00213426513676,0.533692722371968,-0.0037247917134163,-1.47501751851285,0.320707070707071,0.990128256799005,0.45822102425876,0.0977966065344874,33.2508462217257,0.370588235294118,1.57868179768435,771,141,0.293567007350203,226.340162667007,0.444876783398184,1.35393815813997,0.756756756756757,0.152125279642058,3.17069351230425,1417,1.0917225950783,488,1.53467561521253,686,75,4.88,67.8,-1.604,0.1284046692607,0.072632944228275,0.0557717250324254,0.686121919584955,0.271339173960214,0.499054820415879,1.17911196576863,0.313878080415045,0.342155948934105,141.299270196132,0.326446280991736,1.938167459229,0.579766536964981,0.218593077141929,97.7111054824421,0.449664429530201,1.10889253766183,0.412451361867704,0.444337327660794,141.299270196132,0.446540880503145,1.70079850825338,117,108,128,128,133,68,109,68.5,115,98,131,117,126,121,132,110,101.5,101,110,117,98,131,130,132,90,131,121,113,87,50,129,129,134,76,89,121,120,105,70,30,25.5,127,120,104,107,91,96,87,101,67,92,108,111,96.5,133,118,9,125,132,95,75,132,108,124,75,91,116,109,35,130,112,117,97,115,4,130,110,110,44.5,-20.9,2.114,132.5,130,86,"MAC",1.5,2.5,-1,0.86,1,0.7591,0.7753,1,0.63,0.5758,0.783,0.6787,0.4167,39,12,73,27,1,61,51,4,76,93,49,67,111,27.8029490616622,15.8271082439678,170.5,3.5,3.44,2.54,1.84,250.5,242.5,"http://a.espncdn.com/i/teamlogos/ncaa/500/2309.png","#002445","#f0b510","Golden Flashes",NA,NA,NA,NA,NA,NA,NA,NA,NA,NA,NA,NA,NA,NA,NA,NA,NA,NA,NA,NA,NA,NA
"98",98,2023,"Kent State","Mid-American",742,142,0.0329327310463176,24.4360864363676,0.342318059299191,1.2884669894433,0.673076923076923,0.166666666666667,2.84393939393939,1126,0.828282828282828,328,0.737373737373737,292,48,3.27083333333333,71.6,1.286,0.190026954177898,0.122641509433962,0.0673854447439353,0.628032345013477,-0.0320757076950296,0.394849785407725,1.01696313455992,0.371967654986523,0.142693355877723,0.253623188405797,2.00213426513676,0.533692722371968,-0.0037247917134163,-1.47501751851285,0.320707070707071,0.990128256799005,0.45822102425876,0.0977966065344874,33.2508462217257,0.370588235294118,1.57868179768435,771,141,0.293567007350203,226.340162667007,0.444876783398184,1.35393815813997,0.756756756756757,0.152125279642058,3.17069351230425,1417,1.0917225950783,488,1.53467561521253,686,75,4.88,67.8,-1.604,0.1284046692607,0.072632944228275,0.0557717250324254,0.686121919584955,0.271339173960214,0.499054820415879,1.17911196576863,0.313878080415045,0.342155948934105,141.299270196132,0.326446280991736,1.938167459229,0.579766536964981,0.218593077141929,97.7111054824421,0.449664429530201,1.10889253766183,0.412451361867704,0.444337327660794,141.299270196132,0.446540880503145,1.70079850825338,117,108,128,128,133,68,109,68.5,115,98,131,117,126,121,132,110,101.5,101,110,117,98,131,130,132,90,131,121,113,87,50,129,129,134,76,89,121,120,105,70,30,25.5,127,120,104,107,91,96,87,101,67,92,108,111,96.5,133,118,9,125,132,95,75,132,108,124,75,91,116,109,35,130,112,117,97,115,4,130,110,110,44.5,-20.9,2.114,132.5,130,86,"MAC",1.5,2.5,-1,0.86,1,0.7591,0.7753,1,0.63,0.5758,0.783,0.6787,0.4167,39,12,73,27,1,61,51,4,76,93,49,67,111,27.8029490616622,15.8271082439678,170.5,3.5,3.44,2.54,1.84,250.5,242.5,"http://a.espncdn.com/i/teamlogos/ncaa/500/2309.png","#002445","#f0b510","Golden Flashes",NA,NA,NA,NA,NA,NA,NA,NA,NA,NA,NA,NA,NA,NA,NA,NA,NA,NA,NA,NA,NA,NA
"99",99,2023,"Kentucky","SEC",703,144,0.218993636006732,153.952526112733,0.396870554765292,1.45932787447857,0.666666666666667,0.221153846153846,2.84551282051282,888,1.2275641025641,383,2.15384615384615,672,68,4.45588235294118,70.9,1.313,0.196301564722617,0.113798008534851,0.0825035561877667,0.655761024182077,0.178014420912869,0.462039045553145,1.20873527228674,0.344238975817923,0.297057347404547,0.272727272727273,2.26805854518856,0.443812233285918,0.178595417471542,55.7217702511211,0.416666666666667,1.15318260302357,0.543385490753912,0.298648984850065,114.083912212725,0.390052356020942,1.72643448715742,868,154,0.154821090734352,134.384706757417,0.434331797235023,1.16605697254719,0.6875,0.201456310679612,2.87597087378641,1185,0.941747572815534,388,0.66747572815534,275,80,3.95,69.2,-1.457,0.162442396313364,0.110599078341014,0.0518433179723502,0.686635944700461,0.0380651661775369,0.48993288590604,0.898014187285265,0.313364055299539,0.41065392542502,104.861349892205,0.3125,2.0868627760352,0.474654377880184,0.0866818770642895,35.7129333504873,0.422330097087379,0.858237017667058,0.521889400921659,0.231482008592063,104.861349892205,0.448123620309051,1.42990264815873,130,99.5,49,71,98,3,113,130,114,126,35,100,2,38,81.5,23,83.5,91,117,91,126,110,39,90,3,110,77,97,15,109,48,80,84.5,7,30,58,63,94,21,93,85,56,61,94,14,40.5,25,30,41,21,26.5,8,11,112,84,101.5,34.5,70,48,107,78,26,97,6,78,112,73,89.5,81,31,40,39,66,14,108,54,112,14,78,13.8,2.738,36.5,22,41,"SEC",1,-4,5,0.5,0.0617,0.7083,0.866,0.1433,0.97,1,0.9126,0.9874,1,46,102,1,105,116,73,32,127,10,1,22,11,4,30.1778711484594,21.1122633895682,244.5,63.5,6.95,6,2.62,130.5,100.5,"http://a.espncdn.com/i/teamlogos/ncaa/500/96.png","#005DAA","#ffffff","Wildcats",NA,NA,NA,NA,NA,NA,NA,NA,NA,NA,NA,NA,NA,NA,NA,NA,0.539,0.539,0.692,61.5,50,14.5
"100",100,2023,"Kentucky","SEC",703,144,0.218993636006732,153.952526112733,0.396870554765292,1.45932787447857,0.666666666666667,0.221153846153846,2.84551282051282,888,1.2275641025641,383,2.15384615384615,672,68,4.45588235294118,70.9,1.313,0.196301564722617,0.113798008534851,0.0825035561877667,0.655761024182077,0.178014420912869,0.462039045553145,1.20873527228674,0.344238975817923,0.297057347404547,0.272727272727273,2.26805854518856,0.443812233285918,0.178595417471542,55.7217702511211,0.416666666666667,1.15318260302357,0.543385490753912,0.298648984850065,114.083912212725,0.390052356020942,1.72643448715742,868,154,0.154821090734352,134.384706757417,0.434331797235023,1.16605697254719,0.6875,0.201456310679612,2.87597087378641,1185,0.941747572815534,388,0.66747572815534,275,80,3.95,69.2,-1.457,0.162442396313364,0.110599078341014,0.0518433179723502,0.686635944700461,0.0380651661775369,0.48993288590604,0.898014187285265,0.313364055299539,0.41065392542502,104.861349892205,0.3125,2.0868627760352,0.474654377880184,0.0866818770642895,35.7129333504873,0.422330097087379,0.858237017667058,0.521889400921659,0.231482008592063,104.861349892205,0.448123620309051,1.42990264815873,130,99.5,49,71,98,3,113,130,114,126,35,100,2,38,81.5,23,83.5,91,117,91,126,110,39,90,3,110,77,97,15,109,48,80,84.5,7,30,58,63,94,21,93,85,56,61,94,14,40.5,25,30,41,21,26.5,8,11,112,84,101.5,34.5,70,48,107,78,26,97,6,78,112,73,89.5,81,31,40,39,66,14,108,54,112,14,78,13.8,2.738,36.5,22,41,"SEC",1,-4,5,0.5,0.0617,0.7083,0.866,0.1433,0.97,1,0.9126,0.9874,1,46,102,1,105,116,73,32,127,10,1,22,11,4,30.1778711484594,21.1122633895682,244.5,63.5,6.95,6,2.62,130.5,100.5,"http://a.espncdn.com/i/teamlogos/ncaa/500/96.png","#005DAA","#ffffff","Wildcats",NA,NA,NA,NA,NA,NA,NA,NA,NA,NA,NA,NA,NA,NA,NA,NA,0.539,0.539,0.692,61.5,50,14.5
"101",101,2023,"Liberty","Conference USA",952,166,0.364113167045043,346.635735026881,0.51890756302521,1.22189154109405,0.841463414634146,0.127725856697819,3.70965732087227,2382,1.40498442367601,902,1.65576323987539,1063,100,4.47,70,1.412,0.0819327731092437,0.0546218487394958,0.0273109243697479,0.762605042016807,0.326291602118524,0.571625344352617,1.02987113894773,0.237394957983193,0.485610760570055,0.349557522123894,2.23060631186266,0.67436974789916,0.313906489679337,201.527966374134,0.538940809968847,0.956650678882122,0.320378151260504,0.539483232622355,164.542385949818,0.485245901639344,1.84198166491381,899,161,0.166012876987624,149.245576411874,0.419354838709677,1.31531119203845,0.737704918032787,0.193633952254642,3.02175066312997,1139,1.16710875331565,440,1.07692307692308,406,83,3.81927710843373,72.5,-1.201,0.174638487208009,0.0912124582869855,0.0834260289210234,0.67964404894327,0.148561186911274,0.481178396072013,1.07326151663102,0.32035595105673,0.203037122253771,120.269769809993,0.288194444444444,2.17269196998765,0.419354838709677,0.157858806886514,59.512770196216,0.448275862068966,0.979220518691716,0.565072302558398,0.236751515374001,120.269769809993,0.409448818897638,1.58838486413267,10,16.5,6,4,4,101,3,11,2,2,5,1,19,1,4,22,51,50,2,2,4,2,4,3,82,2,18,21,21,4,3,1,3,92,131,6,26,12,11,112,106,66,71,69,92,77,38,58,28,96,62.5,53,36,121.5,70,33.5,105,52,100,8,66,91,84,87,66,24,96,52,109,4,87,77,95,63,130,60,60,71,75.5,3.9,3.488,48.5,48,6,"CUS",-2,-0.5,-1.5,0.72,1,0.3434,0.8202,0.8457,0.58,0.5634,0.6852,0.578,0.4407,78,56,84,65,1,123,44,70,88,95,65,85,107,28.5508735868448,32.433137807539,194.5,243.5,10.7,10.9,7.6,1.5,11.5,"http://a.espncdn.com/i/teamlogos/ncaa/500/2335.png","#071740","#a61f21","Flames",NA,NA,NA,NA,NA,NA,NA,NA,NA,NA,NA,NA,NA,NA,NA,NA,0.929,0.643,0.571,4,19,40.5
"102",102,2023,"Liberty","Conference USA",952,166,0.364113167045043,346.635735026881,0.51890756302521,1.22189154109405,0.841463414634146,0.127725856697819,3.70965732087227,2382,1.40498442367601,902,1.65576323987539,1063,100,4.47,70,1.412,0.0819327731092437,0.0546218487394958,0.0273109243697479,0.762605042016807,0.326291602118524,0.571625344352617,1.02987113894773,0.237394957983193,0.485610760570055,0.349557522123894,2.23060631186266,0.67436974789916,0.313906489679337,201.527966374134,0.538940809968847,0.956650678882122,0.320378151260504,0.539483232622355,164.542385949818,0.485245901639344,1.84198166491381,899,161,0.166012876987624,149.245576411874,0.419354838709677,1.31531119203845,0.737704918032787,0.193633952254642,3.02175066312997,1139,1.16710875331565,440,1.07692307692308,406,83,3.81927710843373,72.5,-1.201,0.174638487208009,0.0912124582869855,0.0834260289210234,0.67964404894327,0.148561186911274,0.481178396072013,1.07326151663102,0.32035595105673,0.203037122253771,120.269769809993,0.288194444444444,2.17269196998765,0.419354838709677,0.157858806886514,59.512770196216,0.448275862068966,0.979220518691716,0.565072302558398,0.236751515374001,120.269769809993,0.409448818897638,1.58838486413267,10,16.5,6,4,4,101,3,11,2,2,5,1,19,1,4,22,51,50,2,2,4,2,4,3,82,2,18,21,21,4,3,1,3,92,131,6,26,12,11,112,106,66,71,69,92,77,38,58,28,96,62.5,53,36,121.5,70,33.5,105,52,100,8,66,91,84,87,66,24,96,52,109,4,87,77,95,63,130,60,60,71,75.5,3.9,3.488,48.5,48,6,"CUS",-2,-0.5,-1.5,0.72,1,0.3434,0.8202,0.8457,0.58,0.5634,0.6852,0.578,0.4407,78,56,84,65,1,123,44,70,88,95,65,85,107,28.5508735868448,32.433137807539,194.5,243.5,10.7,10.9,7.6,1.5,11.5,"http://a.espncdn.com/i/teamlogos/ncaa/500/2335.png","#071740","#a61f21","Flames",NA,NA,NA,NA,NA,NA,NA,NA,NA,NA,NA,NA,NA,NA,NA,NA,0.929,0.643,0.571,4,19,40.5
"103",103,2023,"Louisiana","Sun Belt",819,151,0.228451948793881,187.102146062188,0.459096459096459,1.23353997874787,0.78,0.161731207289294,3.28314350797267,1441,1.250569476082,549,1.70842824601367,750,75,4.16,69.7,1.43,0.166056166056166,0.115995115995116,0.0500610500610501,0.703296703296703,0.224804682449408,0.534722222222222,1.06550147339513,0.296703296703297,0.237097320869669,0.279835390946502,1.99465556181617,0.536019536019536,0.178466316718786,78.3467130395472,0.469248291571754,1.02044948338304,0.452991452991453,0.337894881657035,125.35900109476,0.45822102425876,1.49175552018996,944,160,0.175396625293108,165.574414276693,0.447033898305085,1.14064897005575,0.864197530864197,0.110486891385768,3.3310861423221,1779,0.99625468164794,532,0.638576779026217,341,76,4.38157894736842,68.8,-1.472,0.155720338983051,0.0953389830508475,0.0603813559322034,0.740466101694915,0.147533495874249,0.493562231759657,0.9657688748576,0.259533898305085,0.254891839430993,92.5469900278291,0.314285714285714,1.92420264334617,0.565677966101695,0.176072119480557,94.0225118026174,0.471910112359551,0.858758128719785,0.426906779661017,0.229645136545482,92.5469900278291,0.421836228287841,1.55851068780083,75,63,43,49,29,95,30,60,32,44,28,32.5,17,22,61,42,46.5,42,74,94,26,29,22,13,61,29,95,92,90,45,49,48,32,56,95,39,57,31,103,130,101.5,71,85,106,7,130,132,116,134,39,114,5,20,102.5,119,108.5,29,94,91,77,132,90,102,19,132,46,54,91,31,125,94,110,116,15,10,53,78,55,69.5,-2.4,2.73,72.5,72,42,"SUN",2,-1.5,3.5,0.56,0.3819,0.6052,0.8229,0.1814,0.82,0.7964,0.8631,0.7804,0.7941,35,71,23,93,88,91,41,125,32,38,31,43,45,27.1507177033493,25.4328450047029,140.5,141.5,8.1,8,5.28,74.5,71.5,"http://a.espncdn.com/i/teamlogos/ncaa/500/309.png","#ce2842","#000000","Ragin' Cajuns",NA,NA,NA,NA,NA,NA,NA,NA,NA,NA,NA,NA,NA,NA,NA,NA,NA,NA,NA,NA,NA,NA
"104",104,2023,"Louisiana","Sun Belt",819,151,0.228451948793881,187.102146062188,0.459096459096459,1.23353997874787,0.78,0.161731207289294,3.28314350797267,1441,1.250569476082,549,1.70842824601367,750,75,4.16,69.7,1.43,0.166056166056166,0.115995115995116,0.0500610500610501,0.703296703296703,0.224804682449408,0.534722222222222,1.06550147339513,0.296703296703297,0.237097320869669,0.279835390946502,1.99465556181617,0.536019536019536,0.178466316718786,78.3467130395472,0.469248291571754,1.02044948338304,0.452991452991453,0.337894881657035,125.35900109476,0.45822102425876,1.49175552018996,944,160,0.175396625293108,165.574414276693,0.447033898305085,1.14064897005575,0.864197530864197,0.110486891385768,3.3310861423221,1779,0.99625468164794,532,0.638576779026217,341,76,4.38157894736842,68.8,-1.472,0.155720338983051,0.0953389830508475,0.0603813559322034,0.740466101694915,0.147533495874249,0.493562231759657,0.9657688748576,0.259533898305085,0.254891839430993,92.5469900278291,0.314285714285714,1.92420264334617,0.565677966101695,0.176072119480557,94.0225118026174,0.471910112359551,0.858758128719785,0.426906779661017,0.229645136545482,92.5469900278291,0.421836228287841,1.55851068780083,75,63,43,49,29,95,30,60,32,44,28,32.5,17,22,61,42,46.5,42,74,94,26,29,22,13,61,29,95,92,90,45,49,48,32,56,95,39,57,31,103,130,101.5,71,85,106,7,130,132,116,134,39,114,5,20,102.5,119,108.5,29,94,91,77,132,90,102,19,132,46,54,91,31,125,94,110,116,15,10,53,78,55,69.5,-2.4,2.73,72.5,72,42,"SUN",2,-1.5,3.5,0.56,0.3819,0.6052,0.8229,0.1814,0.82,0.7964,0.8631,0.7804,0.7941,35,71,23,93,88,91,41,125,32,38,31,43,45,27.1507177033493,25.4328450047029,140.5,141.5,8.1,8,5.28,74.5,71.5,"http://a.espncdn.com/i/teamlogos/ncaa/500/309.png","#ce2842","#000000","Ragin' Cajuns",NA,NA,NA,NA,NA,NA,NA,NA,NA,NA,NA,NA,NA,NA,NA,NA,NA,NA,NA,NA,NA,NA
"105",105,2023,"Louisiana Monroe","Sun Belt",750,147,0.0448965471930327,33.6724103947745,0.353333333333333,1.24112550559608,0.775,0.129287598944591,3.25725593667546,1235,1.01846965699208,386,1.27704485488127,484,61,2.60655737704918,69,1.427,0.189333333333333,0.116,0.0733333333333333,0.649333333333333,0.0385202752234707,0.439425051334702,0.99455787617295,0.350666666666667,0.056703560307773,0.193916349809886,2.27574261729315,0.505333333333333,0.118421312618446,44.8816774823909,0.406332453825858,0.898082561036498,0.485333333333333,-0.0124119345138404,-4.51794416303789,0.304945054945055,1.71705896021028,875,147,0.260274769425574,227.740423247378,0.467428571428571,1.25991223821893,0.724137931034483,0.187904967602592,3.14017278617711,1454,1.14470842332613,530,0.958963282937365,444,84,4.09523809523809,70,-1.426,0.152,0.106285714285714,0.0457142857142857,0.688,0.143914086411666,0.503322259136213,1.00923534271001,0.312,0.516864993507527,197.458221114546,0.388278388278388,1.97646977915479,0.529142857142857,0.122281815862977,56.6164807445583,0.455723542116631,0.876844478714103,0.459428571428571,0.491189604762553,197.458221114546,0.492537313432836,1.6681309112266,115.5,80,125,126,130,90,33.5,12,40,81,92,99,66,80,106.5,131,28.5,43,109,95,112,116,114,114,103,116,132,134,14,71,88,93,99,111,64,133,134,133,23,98.5,49,118,122,126,58,66.5,43,82,112,87,112.5,33,48,123.5,99,92.5,39,99,59,124,85,89,114,42,85,132,133,133,46,104,61,69,105,18,30,134,133,100,51,-23.4,1.484,124,133,122,"SUN",-5,-3,-2,0.59,0.4053,0.5938,0.7061,1,0.57,0.556,0.6395,0.5537,0.5,106,89,92,89,87,93,68,4,91,99,74,94,99,25.7802631578947,20.0055202551461,81.5,33.5,1.46,1.76,1.01,258.5,260.5,"http://a.espncdn.com/i/teamlogos/ncaa/500/2433.png","#231F20","#b18445","Warhawks",NA,NA,NA,NA,NA,NA,NA,NA,NA,NA,NA,NA,NA,NA,NA,NA,NA,NA,NA,NA,NA,NA
"106",106,2023,"Louisiana Monroe","Sun Belt",750,147,0.0448965471930327,33.6724103947745,0.353333333333333,1.24112550559608,0.775,0.129287598944591,3.25725593667546,1235,1.01846965699208,386,1.27704485488127,484,61,2.60655737704918,69,1.427,0.189333333333333,0.116,0.0733333333333333,0.649333333333333,0.0385202752234707,0.439425051334702,0.99455787617295,0.350666666666667,0.056703560307773,0.193916349809886,2.27574261729315,0.505333333333333,0.118421312618446,44.8816774823909,0.406332453825858,0.898082561036498,0.485333333333333,-0.0124119345138404,-4.51794416303789,0.304945054945055,1.71705896021028,875,147,0.260274769425574,227.740423247378,0.467428571428571,1.25991223821893,0.724137931034483,0.187904967602592,3.14017278617711,1454,1.14470842332613,530,0.958963282937365,444,84,4.09523809523809,70,-1.426,0.152,0.106285714285714,0.0457142857142857,0.688,0.143914086411666,0.503322259136213,1.00923534271001,0.312,0.516864993507527,197.458221114546,0.388278388278388,1.97646977915479,0.529142857142857,0.122281815862977,56.6164807445583,0.455723542116631,0.876844478714103,0.459428571428571,0.491189604762553,197.458221114546,0.492537313432836,1.6681309112266,115.5,80,125,126,130,90,33.5,12,40,81,92,99,66,80,106.5,131,28.5,43,109,95,112,116,114,114,103,116,132,134,14,71,88,93,99,111,64,133,134,133,23,98.5,49,118,122,126,58,66.5,43,82,112,87,112.5,33,48,123.5,99,92.5,39,99,59,124,85,89,114,42,85,132,133,133,46,104,61,69,105,18,30,134,133,100,51,-23.4,1.484,124,133,122,"SUN",-5,-3,-2,0.59,0.4053,0.5938,0.7061,1,0.57,0.556,0.6395,0.5537,0.5,106,89,92,89,87,93,68,4,91,99,74,94,99,25.7802631578947,20.0055202551461,81.5,33.5,1.46,1.76,1.01,258.5,260.5,"http://a.espncdn.com/i/teamlogos/ncaa/500/2433.png","#231F20","#b18445","Warhawks",NA,NA,NA,NA,NA,NA,NA,NA,NA,NA,NA,NA,NA,NA,NA,NA,NA,NA,NA,NA,NA,NA
"107",107,2023,"Louisiana Tech","Conference USA",787,145,0.125005965723799,98.3796950246298,0.407878017789072,1.2979366679316,0.741935483870968,0.203966005665722,2.6985835694051,953,0.915014164305949,323,1.19546742209632,422,68,3.91176470588235,70.7,1.354,0.179161372299873,0.118170266836086,0.0609911054637865,0.669631512071156,0.0922364994639433,0.489563567362429,1.0689660602234,0.330368487928844,0.191427153104352,0.242307692307692,2.23562582330806,0.44853875476493,0.0945456864783915,33.3746273268722,0.419263456090652,0.974575614245888,0.541296060991105,0.196026542892913,83.5073072723809,0.406103286384977,1.57456924565118,817,148,0.22790143807408,186.195474906523,0.419828641370869,1.39943527803441,0.813559322033898,0.163561076604555,3.2231884057971,1557,1.22360248447205,591,2.04140786749482,986,70,4.62857142857143,71.9,-1.264,0.15422276621787,0.0954712362301102,0.0587515299877601,0.678090575275398,0.180083494008596,0.476534296028881,1.13855407688784,0.321909424724602,0.328628209983883,68.161768370806,0.300380228136882,2.2712408109799,0.591187270501836,0.264812481051871,127.904428348054,0.467908902691511,1.15071815135528,0.402692778457772,0.207178627266888,68.161768370806,0.355623100303951,1.87986323213255,93.5,94,101,101,87,61,68,117,125,119,119,118,77,95,81.5,67,74,71,99,102,66,93,91,51,57,93,105,123,20,106,100,106,82,85,32,91,85,74,74,59,54.5,101,103,70,121,114,77,99,125,115,130,131,134,62.5,129,46,89,95,90,82,63,107,77,115,63,83,24,68,125,132,126,130,109,122,3,40,13,133,46.5,-16.7,2.37,130,120.5,73,"CUS",-8.5,-5.5,-3,0.4,0.3345,0.2906,0.5461,0.6004,0.5,0.4561,0.5359,0.4696,0.5476,120,121,106,119,94,129,100,96,110,116,95,111,91,26.6455223880597,24.6001075730591,117.5,121.5,4.91,3.8,2,236.5,190.5,"http://a.espncdn.com/i/teamlogos/ncaa/500/2348.png","#002d65","#d3313a","Bulldogs",NA,NA,NA,NA,NA,NA,NA,NA,NA,NA,NA,NA,NA,NA,NA,NA,0.25,0.25,0.546,119.5,131.5,43
"108",108,2023,"Louisiana Tech","Conference USA",787,145,0.125005965723799,98.3796950246298,0.407878017789072,1.2979366679316,0.741935483870968,0.203966005665722,2.6985835694051,953,0.915014164305949,323,1.19546742209632,422,68,3.91176470588235,70.7,1.354,0.179161372299873,0.118170266836086,0.0609911054637865,0.669631512071156,0.0922364994639433,0.489563567362429,1.0689660602234,0.330368487928844,0.191427153104352,0.242307692307692,2.23562582330806,0.44853875476493,0.0945456864783915,33.3746273268722,0.419263456090652,0.974575614245888,0.541296060991105,0.196026542892913,83.5073072723809,0.406103286384977,1.57456924565118,817,148,0.22790143807408,186.195474906523,0.419828641370869,1.39943527803441,0.813559322033898,0.163561076604555,3.2231884057971,1557,1.22360248447205,591,2.04140786749482,986,70,4.62857142857143,71.9,-1.264,0.15422276621787,0.0954712362301102,0.0587515299877601,0.678090575275398,0.180083494008596,0.476534296028881,1.13855407688784,0.321909424724602,0.328628209983883,68.161768370806,0.300380228136882,2.2712408109799,0.591187270501836,0.264812481051871,127.904428348054,0.467908902691511,1.15071815135528,0.402692778457772,0.207178627266888,68.161768370806,0.355623100303951,1.87986323213255,93.5,94,101,101,87,61,68,117,125,119,119,118,77,95,81.5,67,74,71,99,102,66,93,91,51,57,93,105,123,20,106,100,106,82,85,32,91,85,74,74,59,54.5,101,103,70,121,114,77,99,125,115,130,131,134,62.5,129,46,89,95,90,82,63,107,77,115,63,83,24,68,125,132,126,130,109,122,3,40,13,133,46.5,-16.7,2.37,130,120.5,73,"CUS",-8.5,-5.5,-3,0.4,0.3345,0.2906,0.5461,0.6004,0.5,0.4561,0.5359,0.4696,0.5476,120,121,106,119,94,129,100,96,110,116,95,111,91,26.6455223880597,24.6001075730591,117.5,121.5,4.91,3.8,2,236.5,190.5,"http://a.espncdn.com/i/teamlogos/ncaa/500/2348.png","#002d65","#d3313a","Bulldogs",NA,NA,NA,NA,NA,NA,NA,NA,NA,NA,NA,NA,NA,NA,NA,NA,0.25,0.25,0.546,119.5,131.5,43
"109",109,2023,"Louisville","ACC",862,159,0.218849400173408,188.648182949477,0.480278422273782,1.20178470615203,0.714285714285714,0.196969696969697,3.04047619047619,1405,1.12554112554113,520,1.61471861471861,746,78,4.03846153846154,69.4,1.456,0.163573085846868,0.102088167053364,0.0614849187935035,0.740139211136891,0.151653107200531,0.528213166144201,0.985504932718149,0.259860788863109,0.410238841765798,0.34375,2.14835981845356,0.535962877030162,0.175954704236114,81.2910733570845,0.495670995670996,0.927515152502433,0.459396751740139,0.301085674182975,119.229926976458,0.467171717171717,1.5412859374264,761,160,0.0747554887342095,56.8889269267335,0.352168199737188,1.4209785341896,0.65,0.242774566473988,2.39306358381503,828,0.979768786127168,339,1.07514450867052,372,58,3.89655172413793,70.3,-1.372,0.194480946123522,0.11957950065703,0.0749014454664915,0.626806833114323,-0.032289419983011,0.421383647798742,1.08471291916039,0.373193166885677,0.25454570513602,73.4832559037351,0.235915492957746,2.42977537927723,0.454664914586071,-0.0168379539896395,-5.82593208041526,0.352601156069364,0.968074853099788,0.540078843626807,0.178791376894733,73.4832559037351,0.355231143552311,1.79943229510027,45,35,50,48,11,109,87.5,106,85,52,54,44,23,23,50,53,38.5,31,69,66,69,6,52,16,111,6,38,28,34,46,52,43,14,101,87,57,59,22,87,25,101.5,13,12,10,125,23.5,4,3,3,33,13,51,29,12,77,79.5,58.5,21,28,27,5,7,15,94,5,45,28,4,133,16,10,11,8,54,121,26,12,125,85,11.3,2.864,23,31,32,"ACC",2,-2.5,4.5,0.62,0.0197,1,0.8352,0.8039,0.87,0.8611,0.8824,0.9152,0.8409,35,80,15,82,126,3,39,75,21,28,26,20,33,28.7566418703507,26.3224843628022,198.5,153.5,7.87,8.9,5.98,49.5,78.5,"http://a.espncdn.com/i/teamlogos/ncaa/500/97.png","#ad000a","#cccccc","Cardinals",NA,NA,NA,NA,NA,NA,NA,NA,NA,NA,NA,NA,NA,NA,NA,NA,0.714,0.429,0.539,26,90,53
"110",110,2023,"Louisville","ACC",862,159,0.218849400173408,188.648182949477,0.480278422273782,1.20178470615203,0.714285714285714,0.196969696969697,3.04047619047619,1405,1.12554112554113,520,1.61471861471861,746,78,4.03846153846154,69.4,1.456,0.163573085846868,0.102088167053364,0.0614849187935035,0.740139211136891,0.151653107200531,0.528213166144201,0.985504932718149,0.259860788863109,0.410238841765798,0.34375,2.14835981845356,0.535962877030162,0.175954704236114,81.2910733570845,0.495670995670996,0.927515152502433,0.459396751740139,0.301085674182975,119.229926976458,0.467171717171717,1.5412859374264,761,160,0.0747554887342095,56.8889269267335,0.352168199737188,1.4209785341896,0.65,0.242774566473988,2.39306358381503,828,0.979768786127168,339,1.07514450867052,372,58,3.89655172413793,70.3,-1.372,0.194480946123522,0.11957950065703,0.0749014454664915,0.626806833114323,-0.032289419983011,0.421383647798742,1.08471291916039,0.373193166885677,0.25454570513602,73.4832559037351,0.235915492957746,2.42977537927723,0.454664914586071,-0.0168379539896395,-5.82593208041526,0.352601156069364,0.968074853099788,0.540078843626807,0.178791376894733,73.4832559037351,0.355231143552311,1.79943229510027,45,35,50,48,11,109,87.5,106,85,52,54,44,23,23,50,53,38.5,31,69,66,69,6,52,16,111,6,38,28,34,46,52,43,14,101,87,57,59,22,87,25,101.5,13,12,10,125,23.5,4,3,3,33,13,51,29,12,77,79.5,58.5,21,28,27,5,7,15,94,5,45,28,4,133,16,10,11,8,54,121,26,12,125,85,11.3,2.864,23,31,32,"ACC",2,-2.5,4.5,0.62,0.0197,1,0.8352,0.8039,0.87,0.8611,0.8824,0.9152,0.8409,35,80,15,82,126,3,39,75,21,28,26,20,33,28.7566418703507,26.3224843628022,198.5,153.5,7.87,8.9,5.98,49.5,78.5,"http://a.espncdn.com/i/teamlogos/ncaa/500/97.png","#ad000a","#cccccc","Cardinals",NA,NA,NA,NA,NA,NA,NA,NA,NA,NA,NA,NA,NA,NA,NA,NA,0.714,0.429,0.539,26,90,53
"111",111,2023,"LSU","SEC",823,143,0.487740410324188,401.410357696807,0.558930741190765,1.35017560479521,0.704225352112676,0.112219451371571,3.74763092269327,1503,1.49875311720698,601,2.40399002493766,964,92,4.92391304347826,71.3,1.317,0.105710814094775,0.0558930741190765,0.0498177399756987,0.759416767922236,0.408832006435085,0.5952,1.16704056442488,0.240583232077764,0.736819968054943,0.444444444444444,2.12433736636071,0.487241798298906,0.406695036536596,163.084709651175,0.581047381546135,1.05345641309482,0.511543134872418,0.567209713174795,238.795289246589,0.539192399049881,1.65473759451411,877,147,0.27773881804323,243.576943423913,0.437856328392246,1.38388685548627,0.866666666666667,0.137209302325581,3.24162790697674,1394,1.22093023255814,525,1.23023255813953,529,74,4.37837837837838,73,-1.176,0.15963511972634,0.0980615735461802,0.0615735461801596,0.676168757126568,0.177057478549026,0.492411467116358,1.06067248665855,0.323831242873432,0.487964291001199,157.81214451487,0.323943661971831,2.40974115654818,0.490307867730901,0.226182395206003,97.2584299385814,0.446511627906977,1.06227334076691,0.50285062713797,0.357850667834172,157.81214451487,0.435374149659864,1.70550037020564,71,103,1,2,2,23,97,4,1,34,1,18.5,1,3,12.5,7,96.5,90,6,3,25,3,1,2,7,3,1,2,42,84,1,3,1,31,43,3,5,3,41,100.5,49,121,131,98,118,131.5,117,101,95,114,109.5,69,78,87.5,118,25,113,74,80,70,61,105,101,79,61,130,126,104,132,48,114,116,94,102,86,113,98,112,94,23.1,3.904,8,10,1,"SEC",3,0,3,0.76,0.4655,1,0.9276,0.319,0.81,0.7924,0.806,0.7544,0.9,22,47,34,53,83,3,18,115,39,42,40,49,24,26.7633769322235,35.9847857501457,127.5,261.5,9.28,9.76,6.08,23.5,43.5,"http://a.espncdn.com/i/teamlogos/ncaa/500/99.png","#22005c","#fdd023","Tigers",NA,NA,NA,NA,NA,NA,NA,NA,NA,NA,NA,NA,NA,NA,NA,NA,0.769,0.615,0.923,21,27.5,2
"112",112,2023,"LSU","SEC",823,143,0.487740410324188,401.410357696807,0.558930741190765,1.35017560479521,0.704225352112676,0.112219451371571,3.74763092269327,1503,1.49875311720698,601,2.40399002493766,964,92,4.92391304347826,71.3,1.317,0.105710814094775,0.0558930741190765,0.0498177399756987,0.759416767922236,0.408832006435085,0.5952,1.16704056442488,0.240583232077764,0.736819968054943,0.444444444444444,2.12433736636071,0.487241798298906,0.406695036536596,163.084709651175,0.581047381546135,1.05345641309482,0.511543134872418,0.567209713174795,238.795289246589,0.539192399049881,1.65473759451411,877,147,0.27773881804323,243.576943423913,0.437856328392246,1.38388685548627,0.866666666666667,0.137209302325581,3.24162790697674,1394,1.22093023255814,525,1.23023255813953,529,74,4.37837837837838,73,-1.176,0.15963511972634,0.0980615735461802,0.0615735461801596,0.676168757126568,0.177057478549026,0.492411467116358,1.06067248665855,0.323831242873432,0.487964291001199,157.81214451487,0.323943661971831,2.40974115654818,0.490307867730901,0.226182395206003,97.2584299385814,0.446511627906977,1.06227334076691,0.50285062713797,0.357850667834172,157.81214451487,0.435374149659864,1.70550037020564,71,103,1,2,2,23,97,4,1,34,1,18.5,1,3,12.5,7,96.5,90,6,3,25,3,1,2,7,3,1,2,42,84,1,3,1,31,43,3,5,3,41,100.5,49,121,131,98,118,131.5,117,101,95,114,109.5,69,78,87.5,118,25,113,74,80,70,61,105,101,79,61,130,126,104,132,48,114,116,94,102,86,113,98,112,94,23.1,3.904,8,10,1,"SEC",3,0,3,0.76,0.4655,1,0.9276,0.319,0.81,0.7924,0.806,0.7544,0.9,22,47,34,53,83,3,18,115,39,42,40,49,24,26.7633769322235,35.9847857501457,127.5,261.5,9.28,9.76,6.08,23.5,43.5,"http://a.espncdn.com/i/teamlogos/ncaa/500/99.png","#22005c","#fdd023","Tigers",NA,NA,NA,NA,NA,NA,NA,NA,NA,NA,NA,NA,NA,NA,NA,NA,0.769,0.615,0.923,21,27.5,2
"113",113,2023,"Marshall","Sun Belt",855,177,0.122182566563668,104.466094411936,0.388304093567251,1.27499544961331,0.75,0.203473945409429,2.72332506203474,1098,0.920595533498759,371,1.80893300248139,729,77,2.7012987012987,71.9,1.296,0.19766081871345,0.134502923976608,0.0631578947368421,0.663157894736842,0.0683786326921921,0.451499118165785,1.02999601301463,0.336842105263158,0.228109061373137,0.263888888888889,2.10025670973518,0.471345029239766,0.139348245816271,56.157343063957,0.384615384615385,1.14273204317134,0.509941520467836,0.179586286371153,78.2996208578228,0.405963302752294,1.39081933661052,881,176,0.128565532778858,113.266234378174,0.376844494892168,1.41677835130278,0.622222222222222,0.187793427230047,2.81431924882629,1199,0.992957746478873,423,1.84272300469484,785,87,3.14942528735632,67,-1.595,0.18161180476731,0.108967082860386,0.0726447219069239,0.65266742338252,0.0516360291144969,0.419130434782609,1.12753117627147,0.34733257661748,0.273122606657967,89.0187863004075,0.297385620915033,2.18280658407799,0.483541430192963,0.0953179900989334,40.6054637821456,0.366197183098592,1.18598607044511,0.505107832009081,0.20004221640541,89.0187863004075,0.395505617977528,1.62134423660843,51,4,105,95,107,76,59.5,114,122,103,116,105,13,26.5,53.5,129,108,98,120,127,81,100,102,100,81,100,98,103,49,96,73,79,119,9,45,99,89,75,127,105,128,38,46,23,124,14.5,44,23,43,38,53,123,125,129,18,129,12,34,51,32,28,36,14,108,28,53,48,63,112,42,45,48,20,126,92,34,46,88,61.5,-9.9,1.262,97.5,95.5,126,"SUN",-3,0,-3,0.76,0.855,0.8343,0.4887,1,0.5,0.6487,0.2264,0.451,0.7292,91,47,106,53,59,45,111,4,110,77,129,115,58,26.1526195899772,23.7498369024408,91.5,107.5,5.66,5.43,3.86,152.5,156.5,"http://a.espncdn.com/i/teamlogos/ncaa/500/276.png","#186329","#be854c","Thundering Herd",NA,NA,NA,NA,NA,NA,NA,NA,NA,NA,NA,NA,NA,NA,NA,NA,0.462,0.308,0.539,77,125,53
"114",114,2023,"Marshall","Sun Belt",855,177,0.122182566563668,104.466094411936,0.388304093567251,1.27499544961331,0.75,0.203473945409429,2.72332506203474,1098,0.920595533498759,371,1.80893300248139,729,77,2.7012987012987,71.9,1.296,0.19766081871345,0.134502923976608,0.0631578947368421,0.663157894736842,0.0683786326921921,0.451499118165785,1.02999601301463,0.336842105263158,0.228109061373137,0.263888888888889,2.10025670973518,0.471345029239766,0.139348245816271,56.157343063957,0.384615384615385,1.14273204317134,0.509941520467836,0.179586286371153,78.2996208578228,0.405963302752294,1.39081933661052,881,176,0.128565532778858,113.266234378174,0.376844494892168,1.41677835130278,0.622222222222222,0.187793427230047,2.81431924882629,1199,0.992957746478873,423,1.84272300469484,785,87,3.14942528735632,67,-1.595,0.18161180476731,0.108967082860386,0.0726447219069239,0.65266742338252,0.0516360291144969,0.419130434782609,1.12753117627147,0.34733257661748,0.273122606657967,89.0187863004075,0.297385620915033,2.18280658407799,0.483541430192963,0.0953179900989334,40.6054637821456,0.366197183098592,1.18598607044511,0.505107832009081,0.20004221640541,89.0187863004075,0.395505617977528,1.62134423660843,51,4,105,95,107,76,59.5,114,122,103,116,105,13,26.5,53.5,129,108,98,120,127,81,100,102,100,81,100,98,103,49,96,73,79,119,9,45,99,89,75,127,105,128,38,46,23,124,14.5,44,23,43,38,53,123,125,129,18,129,12,34,51,32,28,36,14,108,28,53,48,63,112,42,45,48,20,126,92,34,46,88,61.5,-9.9,1.262,97.5,95.5,126,"SUN",-3,0,-3,0.76,0.855,0.8343,0.4887,1,0.5,0.6487,0.2264,0.451,0.7292,91,47,106,53,59,45,111,4,110,77,129,115,58,26.1526195899772,23.7498369024408,91.5,107.5,5.66,5.43,3.86,152.5,156.5,"http://a.espncdn.com/i/teamlogos/ncaa/500/276.png","#186329","#be854c","Thundering Herd",NA,NA,NA,NA,NA,NA,NA,NA,NA,NA,NA,NA,NA,NA,NA,NA,0.462,0.308,0.539,77,125,53
"115",115,2023,"Maryland","Big Ten",839,152,0.220167470724001,184.720507937437,0.435041716328963,1.31692959647947,0.701754385964912,0.15625,3.04659090909091,1072,0.988636363636364,348,1.06534090909091,375,86,4.15116279069767,68.7,1.51,0.177592371871275,0.112038140643623,0.065554231227652,0.685339690107271,0.193806704737469,0.481739130434783,1.11726611291472,0.314660309892729,0.277582017853758,0.333333333333333,1.94541578906397,0.419547079856973,0.166260766449043,58.523789790063,0.426136363636364,1.0599722366631,0.573301549463647,0.29345348674428,141.151127123999,0.446985446985447,1.49620217309555,882,149,0.107842324344849,95.1169300721565,0.408163265306122,1.14351437530921,0.733333333333333,0.132723112128146,3.19199084668192,1395,0.908466819221968,397,0.489702517162471,214,69,3.6231884057971,71.3,-1.298,0.15702947845805,0.086734693877551,0.0702947845804989,0.708616780045351,0.0482970314735261,0.4576,0.972104651297871,0.291383219954649,0.252650915957987,72.9118978443177,0.287937743190661,1.80598979513683,0.49546485260771,0.132393528535317,57.8559719699336,0.439359267734554,0.845428334890615,0.489795918367347,0.168777541306291,72.9118978443177,0.388888888888889,1.48418413578761,59.5,58.5,47,51,51,44,98.5,52,82,108,100,114,95,107,27.5,43,20.5,22.5,95,87,90,62,33,55,20,62,86,40.5,105,121,57,75,74,30,12,61,46,41,102,106.5,61,26,31,53,9,74.5,119,92,96,18,31.5,2,4,55.5,54,59,80,91,110,42,119,31,49,23,119,43,27,49,12,55,68,71,85,9,76,22,35,30,74,5.2,2.252,53,46,81,"B1G",-3.5,-3.5,0,0.55,0.2615,0.7565,0.5935,0.7939,0.77,0.7253,0.7809,0.7175,0.875,96,93,62,96,97,62,94,76,50,57,50,58,31,25.6293706293706,26.55512457773,71.5,155.5,6.61,5.62,3.14,144.5,114.5,"http://a.espncdn.com/i/teamlogos/ncaa/500/120.png","#D5002B","#ffcd00","Terrapins",NA,NA,NA,NA,NA,NA,NA,NA,NA,NA,NA,NA,NA,NA,NA,NA,0.615,0.539,0.539,47,50,53
"116",116,2023,"Maryland","Big Ten",839,152,0.220167470724001,184.720507937437,0.435041716328963,1.31692959647947,0.701754385964912,0.15625,3.04659090909091,1072,0.988636363636364,348,1.06534090909091,375,86,4.15116279069767,68.7,1.51,0.177592371871275,0.112038140643623,0.065554231227652,0.685339690107271,0.193806704737469,0.481739130434783,1.11726611291472,0.314660309892729,0.277582017853758,0.333333333333333,1.94541578906397,0.419547079856973,0.166260766449043,58.523789790063,0.426136363636364,1.0599722366631,0.573301549463647,0.29345348674428,141.151127123999,0.446985446985447,1.49620217309555,882,149,0.107842324344849,95.1169300721565,0.408163265306122,1.14351437530921,0.733333333333333,0.132723112128146,3.19199084668192,1395,0.908466819221968,397,0.489702517162471,214,69,3.6231884057971,71.3,-1.298,0.15702947845805,0.086734693877551,0.0702947845804989,0.708616780045351,0.0482970314735261,0.4576,0.972104651297871,0.291383219954649,0.252650915957987,72.9118978443177,0.287937743190661,1.80598979513683,0.49546485260771,0.132393528535317,57.8559719699336,0.439359267734554,0.845428334890615,0.489795918367347,0.168777541306291,72.9118978443177,0.388888888888889,1.48418413578761,59.5,58.5,47,51,51,44,98.5,52,82,108,100,114,95,107,27.5,43,20.5,22.5,95,87,90,62,33,55,20,62,86,40.5,105,121,57,75,74,30,12,61,46,41,102,106.5,61,26,31,53,9,74.5,119,92,96,18,31.5,2,4,55.5,54,59,80,91,110,42,119,31,49,23,119,43,27,49,12,55,68,71,85,9,76,22,35,30,74,5.2,2.252,53,46,81,"B1G",-3.5,-3.5,0,0.55,0.2615,0.7565,0.5935,0.7939,0.77,0.7253,0.7809,0.7175,0.875,96,93,62,96,97,62,94,76,50,57,50,58,31,25.6293706293706,26.55512457773,71.5,155.5,6.61,5.62,3.14,144.5,114.5,"http://a.espncdn.com/i/teamlogos/ncaa/500/120.png","#D5002B","#ffcd00","Terrapins",NA,NA,NA,NA,NA,NA,NA,NA,NA,NA,NA,NA,NA,NA,NA,NA,0.615,0.539,0.539,47,50,53
"117",117,2023,"Memphis","American Athletic",893,163,0.286404323695209,255.759061059821,0.468085106382979,1.34676964675532,0.63768115942029,0.194513715710723,2.99675810473815,1202,1.09226932668329,438,1.14713216957606,460,89,4.57303370786517,66.9,1.62,0.138857782754759,0.0795072788353863,0.0593505039193729,0.726763717805151,0.17412141754321,0.49768875192604,1.11301060474764,0.273236282194849,0.585058447025731,0.389344262295082,2.14155038958145,0.449048152295633,0.156505356961207,62.7586481414441,0.466334164588529,1.01295765073494,0.544232922732363,0.424178723502409,206.150859622171,0.475308641975309,1.61699840543848,852,163,0.159435566527701,135.839102681601,0.421361502347418,1.36270842024304,0.62,0.198044009779951,2.99511002444988,1225,1.14669926650367,469,1.54278728606357,631,80,3.8625,70.1,-1.372,0.174882629107981,0.103286384976526,0.0715962441314554,0.694835680751174,0.150755571461439,0.481418918918919,1.15577979138305,0.305164319248826,0.179199247601651,90.1650754284034,0.284615384615385,2.15966327463626,0.480046948356808,0.164931361300024,67.4569267717099,0.440097799511002,1.05256512492453,0.51056338028169,0.207276035467594,90.1650754284034,0.411494252873563,1.67458435966948,29,24.5,22,19,19,26,122,104,96,87,66,83,81,85,20,16,8.5,11,19,19,62,10,45,40,24,10,6,7,38,105,66,70,36,60,28,21,12,18,58,84,110,59,62,73,111,13,28.5,50,56,88,83,111,105,112,73,88.5,58.5,50,67,36,99,98,85,118,99,16,50,42,104,37.5,91,89,87,96,98.5,41,65,102,72.5,6.1,2.464,56.5,43.5,66.5,"AAC",-2.5,-2,-0.5,0.64,0.6918,0.6279,0.6986,0.293,0.64,0.7289,0.586,0.7077,0.5,85,73,66,79,75,85,72,117,72,56,82,61,99,26.6912087912088,30.870781871039,119.5,231.5,9.59,8.52,5.68,56.5,29.5,"http://a.espncdn.com/i/teamlogos/ncaa/500/235.png","#002447","#231f20","Tigers",NA,NA,NA,NA,NA,NA,NA,NA,NA,NA,NA,NA,NA,NA,NA,NA,0.769,0.417,0.846,21,97.5,3
"118",118,2023,"Memphis","American Athletic",893,163,0.286404323695209,255.759061059821,0.468085106382979,1.34676964675532,0.63768115942029,0.194513715710723,2.99675810473815,1202,1.09226932668329,438,1.14713216957606,460,89,4.57303370786517,66.9,1.62,0.138857782754759,0.0795072788353863,0.0593505039193729,0.726763717805151,0.17412141754321,0.49768875192604,1.11301060474764,0.273236282194849,0.585058447025731,0.389344262295082,2.14155038958145,0.449048152295633,0.156505356961207,62.7586481414441,0.466334164588529,1.01295765073494,0.544232922732363,0.424178723502409,206.150859622171,0.475308641975309,1.61699840543848,852,163,0.159435566527701,135.839102681601,0.421361502347418,1.36270842024304,0.62,0.198044009779951,2.99511002444988,1225,1.14669926650367,469,1.54278728606357,631,80,3.8625,70.1,-1.372,0.174882629107981,0.103286384976526,0.0715962441314554,0.694835680751174,0.150755571461439,0.481418918918919,1.15577979138305,0.305164319248826,0.179199247601651,90.1650754284034,0.284615384615385,2.15966327463626,0.480046948356808,0.164931361300024,67.4569267717099,0.440097799511002,1.05256512492453,0.51056338028169,0.207276035467594,90.1650754284034,0.411494252873563,1.67458435966948,29,24.5,22,19,19,26,122,104,96,87,66,83,81,85,20,16,8.5,11,19,19,62,10,45,40,24,10,6,7,38,105,66,70,36,60,28,21,12,18,58,84,110,59,62,73,111,13,28.5,50,56,88,83,111,105,112,73,88.5,58.5,50,67,36,99,98,85,118,99,16,50,42,104,37.5,91,89,87,96,98.5,41,65,102,72.5,6.1,2.464,56.5,43.5,66.5,"AAC",-2.5,-2,-0.5,0.64,0.6918,0.6279,0.6986,0.293,0.64,0.7289,0.586,0.7077,0.5,85,73,66,79,75,85,72,117,72,56,82,61,99,26.6912087912088,30.870781871039,119.5,231.5,9.59,8.52,5.68,56.5,29.5,"http://a.espncdn.com/i/teamlogos/ncaa/500/235.png","#002447","#231f20","Tigers",NA,NA,NA,NA,NA,NA,NA,NA,NA,NA,NA,NA,NA,NA,NA,NA,0.769,0.417,0.846,21,97.5,3
"119",119,2023,"Miami","ACC",863,155,0.270392776149847,233.348965817318,0.434530706836616,1.34547482141497,0.833333333333333,0.15421686746988,3.33710843373494,1385,1.15180722891566,478,1.2578313253012,522,82,3.98780487804878,70.7,1.347,0.147161066048667,0.0811123986095017,0.0660486674391657,0.699884125144844,0.217175608367691,0.480132450331126,1.15450866978582,0.300115874855156,0.394497677078119,0.328185328185328,1.99700639756148,0.480880648899189,0.188950230983732,78.4143458582489,0.428915662650602,1.03597546919024,0.507531865585168,0.401428608423658,175.825730489562,0.449771689497717,1.62512398230837,786,153,0.135723671962878,106.678806162822,0.385496183206107,1.3119744635305,0.693877551020408,0.240437158469945,2.63715846994536,965,1.01639344262295,372,0.972677595628415,356,60,4.53333333333333,72.5,-1.207,0.178117048346056,0.122137404580153,0.0559796437659033,0.661577608142494,0.0491274845282307,0.436538461538462,1.02508015155952,0.338422391857506,0.305009451910309,90.9207102342356,0.285714285714286,2.1688824742859,0.465648854961832,0.0561204322849344,20.540078216286,0.382513661202186,0.992074420984652,0.529262086513995,0.218559399601528,90.9207102342356,0.391826923076923,1.58673523626926,43,46.5,31,32,52,27,8.5,48,23,57.5,50,61,69,71,39,55,74,74.5,38,24,92,40,24,59,9,40,44,50,88,91,43,47,69,46,48,24,20,37,54,38,83,43,40,34,90,49,5,11,11,47,24,37,25,18.5,127,33.5,102,44,19,93,43,32,28,57,43,70,52,44.5,106,22,23,22,32,71,116,47,40,69,86.5,15.5,1.734,20,19,109,"ACC",6.5,1.5,5,0.92,1,0.7616,1,1,1,1,1,1,1,4,24,1,10,1,60,1,4,1,1,1,1,4,28.1792237442922,27.0728845063612,184.5,165.5,9.51,9.53,6.03,30.5,35.5,"http://a.espncdn.com/i/teamlogos/ncaa/500/2390.png","#004325","#f0f0f0","Hurricanes",NA,NA,NA,NA,NA,NA,NA,NA,NA,NA,NA,NA,NA,NA,NA,NA,NA,NA,NA,NA,NA,NA
"120",120,2023,"Miami","ACC",863,155,0.270392776149847,233.348965817318,0.434530706836616,1.34547482141497,0.833333333333333,0.15421686746988,3.33710843373494,1385,1.15180722891566,478,1.2578313253012,522,82,3.98780487804878,70.7,1.347,0.147161066048667,0.0811123986095017,0.0660486674391657,0.699884125144844,0.217175608367691,0.480132450331126,1.15450866978582,0.300115874855156,0.394497677078119,0.328185328185328,1.99700639756148,0.480880648899189,0.188950230983732,78.4143458582489,0.428915662650602,1.03597546919024,0.507531865585168,0.401428608423658,175.825730489562,0.449771689497717,1.62512398230837,786,153,0.135723671962878,106.678806162822,0.385496183206107,1.3119744635305,0.693877551020408,0.240437158469945,2.63715846994536,965,1.01639344262295,372,0.972677595628415,356,60,4.53333333333333,72.5,-1.207,0.178117048346056,0.122137404580153,0.0559796437659033,0.661577608142494,0.0491274845282307,0.436538461538462,1.02508015155952,0.338422391857506,0.305009451910309,90.9207102342356,0.285714285714286,2.1688824742859,0.465648854961832,0.0561204322849344,20.540078216286,0.382513661202186,0.992074420984652,0.529262086513995,0.218559399601528,90.9207102342356,0.391826923076923,1.58673523626926,43,46.5,31,32,52,27,8.5,48,23,57.5,50,61,69,71,39,55,74,74.5,38,24,92,40,24,59,9,40,44,50,88,91,43,47,69,46,48,24,20,37,54,38,83,43,40,34,90,49,5,11,11,47,24,37,25,18.5,127,33.5,102,44,19,93,43,32,28,57,43,70,52,44.5,106,22,23,22,32,71,116,47,40,69,86.5,15.5,1.734,20,19,109,"ACC",6.5,1.5,5,0.92,1,0.7616,1,1,1,1,1,1,1,4,24,1,10,1,60,1,4,1,1,1,1,4,28.1792237442922,27.0728845063612,184.5,165.5,9.51,9.53,6.03,30.5,35.5,"http://a.espncdn.com/i/teamlogos/ncaa/500/2390.png","#004325","#f0f0f0","Hurricanes",NA,NA,NA,NA,NA,NA,NA,NA,NA,NA,NA,NA,NA,NA,NA,NA,NA,NA,NA,NA,NA,NA
"121",121,2023,"Miami (OH)","Mid-American",784,164,0.167301193739986,131.164135892149,0.373724489795918,1.33860188364385,0.770833333333333,0.168085106382979,3.01148936170213,1415,1.01914893617021,479,1.45957446808511,686,80,3.9875,64.6,1.785,0.177295918367347,0.105867346938776,0.0714285714285714,0.655612244897959,0.141609061170157,0.437743190661479,1.17600655788773,0.344387755102041,0.216211401669214,0.251851851851852,1.87660112327807,0.599489795918367,0.0979215847875291,46.0231448501387,0.368085106382979,1.03887990376215,0.391581632653061,0.305661143991536,93.8379712054016,0.390879478827362,1.77070107130663,916,163,0.099597777235538,91.2315639477528,0.402838427947598,1.10634287525161,0.711864406779661,0.140127388535032,3.12314225053079,1471,0.970276008492569,457,0.764331210191083,360,66,3.06060606060606,74.2,-1.085,0.174672489082969,0.0993449781659389,0.0753275109170306,0.699781659388646,0.0838169186777473,0.471138845553822,0.956404558715112,0.300218340611354,0.136381523910243,83.9974413682807,0.243636363636364,1.78218424232657,0.514192139737991,0.0574129035438977,27.0414775691758,0.403397027600849,0.89145057926271,0.475982532751092,0.192654682037341,83.9974413682807,0.410550458715596,1.33444084306106,95.5,21,80,82,117,30,40,71,90,49,91,60,40,35,42,56,2,2,94,77,107,111,58,115,6,111,100,118,120,12,95,90,128,42,123,54,78,91,16,120,110,23,26,48,3,58,112,80,115,30,76,17,26,44,14,7.5,128,51,75,23,107,50,67,15,107,4,40,9,9,82,24,32,41,22,52,31,61,3,70.5,-4,2.726,67,79.5,43,"MAC",2.5,2,0.5,0.85,1,0.6202,0.9069,1,0.7,0.7318,0.6754,0.72,0.6522,29,19,57,29,1,86,22,4,62,54,68,57,70,NA,NA,NA,NA,7.9,8.59,6.76,55,75,"http://a.espncdn.com/i/teamlogos/ncaa/500/193.png","#a4000c","#f0f0f0","RedHawks",NA,NA,NA,NA,NA,NA,NA,NA,NA,NA,NA,NA,NA,NA,NA,NA,0.786,0.786,0.357,15,3,121.5
"122",122,2023,"Michigan","Big Ten",917,164,0.289624002498952,265.585210291539,0.474372955288986,1.2104723048424,0.764705882352941,0.13780260707635,3.14562383612663,1689,0.951582867783985,511,1.13966480446927,612,97,4.74226804123711,67.4,1.614,0.103598691384951,0.0621592148309706,0.0414394765539804,0.725190839694656,0.238175096695593,0.524812030075188,1.00808788131299,0.274809160305344,0.425391948368927,0.341269841269841,2.03177653521176,0.585605234460196,0.175048847645454,94.0012311856088,0.439478584729981,0.93100115441528,0.410032715376227,0.49862866040036,187.484376310535,0.529255319148936,1.541905427962,852,170,0.000767946401681586,0.654290334232712,0.342723004694836,1.17137815144475,0.659090909090909,0.198044009779951,2.65330073349633,1085,0.87041564792176,356,0.65281173594132,267,49,2.6530612244898,75.6,-0.97,0.200704225352113,0.122065727699531,0.0786384976525822,0.646713615023474,-0.0299820944489264,0.395644283121597,1.01539055729839,0.353286384976526,0.0570578882910005,23.9887831282792,0.245847176079734,1.63090917203809,0.480046948356808,-0.0353211696029107,-14.4463583675905,0.356968215158924,0.880214084618415,0.51056338028169,0.0551466278811016,23.9887831282792,0.335632183908046,1.46254221827108,22,21,18,14,16,105,46,24,66,9,114,47,86,50,6,11,14.5,12,5,5,8,11,17,18,97,11,34,32,71,16,53,34,58,100,118,10,16,5,86,84,123.5,2,2,6,15,29.5,28.5,12,23,11,18,7,10,4,3,1,134,11,20,13,24,8,6,48,24,2,6,11,1,37.5,6,4,10,19,98.5,7,5,27,94.5,25,2.884,7,7,31,"B1G",-4.5,-3.5,-1,0.65,1,0.6932,0.2261,0.3876,0.72,0.7695,0.718,0.7425,0.6087,102,93,73,76,1,75,131,112,57,46,63,52,80,31.3993506493506,24.9114643536475,260.5,131.5,9.89,9.57,7.07,27.5,19.5,"http://a.espncdn.com/i/teamlogos/ncaa/500/130.png","#00274c","#ffcb05","Wolverines",NA,NA,NA,NA,NA,NA,NA,NA,NA,NA,NA,NA,NA,NA,NA,NA,1,0.643,0.5,1,19,71
"123",123,2023,"Michigan","Big Ten",917,164,0.289624002498952,265.585210291539,0.474372955288986,1.2104723048424,0.764705882352941,0.13780260707635,3.14562383612663,1689,0.951582867783985,511,1.13966480446927,612,97,4.74226804123711,67.4,1.614,0.103598691384951,0.0621592148309706,0.0414394765539804,0.725190839694656,0.238175096695593,0.524812030075188,1.00808788131299,0.274809160305344,0.425391948368927,0.341269841269841,2.03177653521176,0.585605234460196,0.175048847645454,94.0012311856088,0.439478584729981,0.93100115441528,0.410032715376227,0.49862866040036,187.484376310535,0.529255319148936,1.541905427962,852,170,0.000767946401681586,0.654290334232712,0.342723004694836,1.17137815144475,0.659090909090909,0.198044009779951,2.65330073349633,1085,0.87041564792176,356,0.65281173594132,267,49,2.6530612244898,75.6,-0.97,0.200704225352113,0.122065727699531,0.0786384976525822,0.646713615023474,-0.0299820944489264,0.395644283121597,1.01539055729839,0.353286384976526,0.0570578882910005,23.9887831282792,0.245847176079734,1.63090917203809,0.480046948356808,-0.0353211696029107,-14.4463583675905,0.356968215158924,0.880214084618415,0.51056338028169,0.0551466278811016,23.9887831282792,0.335632183908046,1.46254221827108,22,21,18,14,16,105,46,24,66,9,114,47,86,50,6,11,14.5,12,5,5,8,11,17,18,97,11,34,32,71,16,53,34,58,100,118,10,16,5,86,84,123.5,2,2,6,15,29.5,28.5,12,23,11,18,7,10,4,3,1,134,11,20,13,24,8,6,48,24,2,6,11,1,37.5,6,4,10,19,98.5,7,5,27,94.5,25,2.884,7,7,31,"B1G",-4.5,-3.5,-1,0.65,1,0.6932,0.2261,0.3876,0.72,0.7695,0.718,0.7425,0.6087,102,93,73,76,1,75,131,112,57,46,63,52,80,31.3993506493506,24.9114643536475,260.5,131.5,9.89,9.57,7.07,27.5,19.5,"http://a.espncdn.com/i/teamlogos/ncaa/500/130.png","#00274c","#ffcb05","Wolverines",NA,NA,NA,NA,NA,NA,NA,NA,NA,NA,NA,NA,NA,NA,NA,NA,1,0.643,0.5,1,19,71
"124",124,2023,"Michigan State","Big Ten",737,149,0.0148578170566215,10.95021117073,0.367706919945726,1.18826816777567,0.74,0.207602339181287,2.69415204678363,921,0.894736842105263,306,0.660818713450292,226,58,2.96551724137931,72.4,1.206,0.194029850746269,0.123473541383989,0.0705563093622795,0.644504748982361,-0.057269028564529,0.433684210526316,0.937362311695408,0.355495251017639,0.145622136407944,0.248091603053435,1.98344672704543,0.4640434192673,-0.0700048301434083,-23.9416519090457,0.368421052631579,0.851231045493618,0.521031207598372,0.178333043909213,68.4798888611378,0.377604166666667,1.48114180506904,790,144,0.188946041162629,149.267372518477,0.435443037974684,1.18609024627045,0.826086956521739,0.15211970074813,3.20199501246883,1284,1.03491271820449,415,1.14713216957606,460,80,3.8875,71.2,-1.332,0.160759493670886,0.0987341772151899,0.0620253164556962,0.7,0.12843587247889,0.491862567811935,0.971867007504978,0.3,0.330136434758019,117.956720905262,0.30379746835443,1.99537803716225,0.507594936708861,0.141014029984129,56.5466260236359,0.438902743142145,0.898818467002801,0.482278481012658,0.309597692664729,117.956720905262,0.440944881889764,1.48704163407466,121,72,133,133,121,114,70,120,126,123,125,127,131,132,116.5,126,115,119,113,119,105,123,133,117,126,123,118,121,94,98,134,134,127,125,39,101,98,103,107,41,38.5,79,72,95,19,119,97,96,68,53,43,61,57,112,76,62,71.5,71,77,66,109,77,100,22,109,85,89,77,53,70,72,68,84,23,60,97,107,31,67.5,-2.4,2.004,78,72,94,"B1G",-1.5,-4.5,3,0.45,0.1295,0.5919,0.5397,1,0.81,0.8309,0.7772,0.9077,0.7429,74,109,34,113,106,95,101,4,39,34,52,22,53,27.0427236315087,18.0021513722511,137.5,13.5,4.58,3.91,2.4,224.5,208.5,"http://a.espncdn.com/i/teamlogos/ncaa/500/127.png","#18453B","#ffffff","Spartans",NA,NA,NA,NA,NA,NA,NA,NA,NA,NA,NA,NA,NA,NA,NA,NA,0.333,0.455,0.417,104,88,108
"125",125,2023,"Michigan State","Big Ten",737,149,0.0148578170566215,10.95021117073,0.367706919945726,1.18826816777567,0.74,0.207602339181287,2.69415204678363,921,0.894736842105263,306,0.660818713450292,226,58,2.96551724137931,72.4,1.206,0.194029850746269,0.123473541383989,0.0705563093622795,0.644504748982361,-0.057269028564529,0.433684210526316,0.937362311695408,0.355495251017639,0.145622136407944,0.248091603053435,1.98344672704543,0.4640434192673,-0.0700048301434083,-23.9416519090457,0.368421052631579,0.851231045493618,0.521031207598372,0.178333043909213,68.4798888611378,0.377604166666667,1.48114180506904,790,144,0.188946041162629,149.267372518477,0.435443037974684,1.18609024627045,0.826086956521739,0.15211970074813,3.20199501246883,1284,1.03491271820449,415,1.14713216957606,460,80,3.8875,71.2,-1.332,0.160759493670886,0.0987341772151899,0.0620253164556962,0.7,0.12843587247889,0.491862567811935,0.971867007504978,0.3,0.330136434758019,117.956720905262,0.30379746835443,1.99537803716225,0.507594936708861,0.141014029984129,56.5466260236359,0.438902743142145,0.898818467002801,0.482278481012658,0.309597692664729,117.956720905262,0.440944881889764,1.48704163407466,121,72,133,133,121,114,70,120,126,123,125,127,131,132,116.5,126,115,119,113,119,105,123,133,117,126,123,118,121,94,98,134,134,127,125,39,101,98,103,107,41,38.5,79,72,95,19,119,97,96,68,53,43,61,57,112,76,62,71.5,71,77,66,109,77,100,22,109,85,89,77,53,70,72,68,84,23,60,97,107,31,67.5,-2.4,2.004,78,72,94,"B1G",-1.5,-4.5,3,0.45,0.1295,0.5919,0.5397,1,0.81,0.8309,0.7772,0.9077,0.7429,74,109,34,113,106,95,101,4,39,34,52,22,53,27.0427236315087,18.0021513722511,137.5,13.5,4.58,3.91,2.4,224.5,208.5,"http://a.espncdn.com/i/teamlogos/ncaa/500/127.png","#18453B","#ffffff","Spartans",NA,NA,NA,NA,NA,NA,NA,NA,NA,NA,NA,NA,NA,NA,NA,NA,0.333,0.455,0.417,104,88,108
"126",126,2023,"Middle Tennessee","Conference USA",816,154,0.138228674832612,112.794598663411,0.397058823529412,1.34836415229692,0.804878048780488,0.177464788732394,3.05830985915493,1086,1.07323943661972,381,1.14084507042254,405,64,3.203125,71.2,1.285,0.17156862745098,0.112745098039216,0.0588235294117647,0.665441176470588,0.0814025370578269,0.465930018416206,1.07914951562028,0.334558823529412,0.251256487329711,0.26007326007326,2.30767828017284,0.435049019607843,0.0953968038798597,33.8658653773502,0.411267605633803,1.03744071890066,0.552696078431373,0.244533676469812,110.284688087885,0.394678492239468,1.60339123811633,851,152,0.17032758049275,144.94877099933,0.428907168037603,1.19891202931302,0.724137931034483,0.192592592592593,2.98172839506173,1208,1.04938271604938,425,1.11851851851852,453,67,4.13432835820895,72.2,-1.274,0.170387779083431,0.099882491186839,0.0705052878965922,0.699177438307873,0.092690888673467,0.477310924369748,0.934046887357076,0.300822561692127,0.350772235307098,137.106435646332,0.31640625,2.12757499617091,0.475910693301998,0.066015375827794,26.7362272102566,0.444444444444444,0.85107104621305,0.514688601645123,0.313028391886604,137.106435646332,0.422374429223744,1.53735190476165,77.5,49.5,93,93,97,24,17,83,79,105,74,101,84,102,96,116,93,102,85,90,59,98,97,80,45,98,92,105,9,114,98,105,90,44,20,78,65,85,60,82,79,69,67,86,24,66.5,39,45,47,56,56,56,53,48,101,40.5,86,57,72,39,106,56,79,11,106,94,112,97,95,33,29,30,92,12,100,100,81,48,53,-13.4,3.182,120.5,114,19,"CUS",-6,-2,-4,0.74,0.9997,0.6911,0.4291,1,0.44,0.4427,0.3317,0.4419,0.625,109,73,116,59,40,77,120,4,117,118,121,118,77,24.9963503649635,25.6491879369122,53.5,143.5,4.85,NA,NA,264,196.5,"http://a.espncdn.com/i/teamlogos/ncaa/500/2393.png","#0079C2","#c3c5c8","Blue Raiders",NA,NA,NA,NA,NA,NA,NA,NA,NA,NA,NA,NA,NA,NA,NA,NA,0.333,0.333,0.455,104,119,97
"127",127,2023,"Middle Tennessee","Conference USA",816,154,0.138228674832612,112.794598663411,0.397058823529412,1.34836415229692,0.804878048780488,0.177464788732394,3.05830985915493,1086,1.07323943661972,381,1.14084507042254,405,64,3.203125,71.2,1.285,0.17156862745098,0.112745098039216,0.0588235294117647,0.665441176470588,0.0814025370578269,0.465930018416206,1.07914951562028,0.334558823529412,0.251256487329711,0.26007326007326,2.30767828017284,0.435049019607843,0.0953968038798597,33.8658653773502,0.411267605633803,1.03744071890066,0.552696078431373,0.244533676469812,110.284688087885,0.394678492239468,1.60339123811633,851,152,0.17032758049275,144.94877099933,0.428907168037603,1.19891202931302,0.724137931034483,0.192592592592593,2.98172839506173,1208,1.04938271604938,425,1.11851851851852,453,67,4.13432835820895,72.2,-1.274,0.170387779083431,0.099882491186839,0.0705052878965922,0.699177438307873,0.092690888673467,0.477310924369748,0.934046887357076,0.300822561692127,0.350772235307098,137.106435646332,0.31640625,2.12757499617091,0.475910693301998,0.066015375827794,26.7362272102566,0.444444444444444,0.85107104621305,0.514688601645123,0.313028391886604,137.106435646332,0.422374429223744,1.53735190476165,77.5,49.5,93,93,97,24,17,83,79,105,74,101,84,102,96,116,93,102,85,90,59,98,97,80,45,98,92,105,9,114,98,105,90,44,20,78,65,85,60,82,79,69,67,86,24,66.5,39,45,47,56,56,56,53,48,101,40.5,86,57,72,39,106,56,79,11,106,94,112,97,95,33,29,30,92,12,100,100,81,48,53,-13.4,3.182,120.5,114,19,"CUS",-6,-2,-4,0.74,0.9997,0.6911,0.4291,1,0.44,0.4427,0.3317,0.4419,0.625,109,73,116,59,40,77,120,4,117,118,121,118,77,24.9963503649635,25.6491879369122,53.5,143.5,4.85,NA,NA,265,196.5,"http://a.espncdn.com/i/teamlogos/ncaa/500/2393.png","#0079C2","#c3c5c8","Blue Raiders",NA,NA,NA,NA,NA,NA,NA,NA,NA,NA,NA,NA,NA,NA,NA,NA,0.333,0.333,0.455,104,119,97
"128",128,2023,"Minnesota","Big Ten",809,147,0.0863407785172467,69.8496898204525,0.405438813349815,1.10953213480945,0.761194029850746,0.142259414225941,3.16317991631799,1512,0.972803347280335,465,0.751046025104602,359,68,3.85294117647059,70.8,1.343,0.132262051915946,0.0754017305315204,0.0568603213844252,0.707045735475896,0.0619390822022575,0.463286713286713,0.910577182179592,0.292954264524104,0.145234324053845,0.265822784810127,1.94640614190329,0.590852904820766,0.109791807219509,52.4804838509251,0.445606694560669,0.831078648474075,0.402966625463535,0.100464698749043,32.7514917921882,0.352760736196319,1.62527641819584,806,150,0.222952447322745,179.699672542133,0.429280397022333,1.28302507651204,0.784313725490196,0.153846153846154,3.09846153846154,1208,1.03846153846154,405,1.42564102564103,556,60,4.66666666666667,72.7,-1.18,0.126550868486352,0.075682382133995,0.0508684863523573,0.703473945409429,0.141610937807314,0.479717813051146,1.05095765247475,0.296526054590571,0.415925819269396,122.76278260084,0.309623430962343,2.13602966216263,0.483870967741935,0.18963094711035,73.9560693730365,0.443589743589744,0.989195690984554,0.504962779156328,0.301628458478722,122.76278260084,0.425061425061425,1.57685446203953,81.5,80,117,115,91,130,51,32,59,33,106,70,123,109,81.5,75,78.5,79,17,14,48,23,105,84,131,23,119,101,104,14,92,83,49,128,120,120,121,119,52,52.5,68.5,99,96,87,71,107,92.5,75,47,54,37.5,95,84,18.5,130,28.5,112,127,128,111,115,86,83,73,115,115,101,85,98,43,101,97,91,67,91,94,82,63,71.5,4.2,2.436,61,47,69.5,"B1G",2.5,-2,4.5,0.65,0.8712,0.3072,0.7138,1,0.86,0.9874,0.7404,0.8683,0.8077,29,73,15,76,56,126,66,4,24,14,60,27,42,30.4308445532436,17.3279995154843,250.5,9.5,5.14,4.49,2.85,197.5,171.5,"http://a.espncdn.com/i/teamlogos/ncaa/500/135.png","#7F011B","#FFCC33","Golden Gophers",NA,NA,NA,NA,NA,NA,NA,NA,NA,NA,NA,NA,NA,NA,NA,NA,0.462,0.308,0.462,77,125,88.5
"129",129,2023,"Minnesota","Big Ten",809,147,0.0863407785172467,69.8496898204525,0.405438813349815,1.10953213480945,0.761194029850746,0.142259414225941,3.16317991631799,1512,0.972803347280335,465,0.751046025104602,359,68,3.85294117647059,70.8,1.343,0.132262051915946,0.0754017305315204,0.0568603213844252,0.707045735475896,0.0619390822022575,0.463286713286713,0.910577182179592,0.292954264524104,0.145234324053845,0.265822784810127,1.94640614190329,0.590852904820766,0.109791807219509,52.4804838509251,0.445606694560669,0.831078648474075,0.402966625463535,0.100464698749043,32.7514917921882,0.352760736196319,1.62527641819584,806,150,0.222952447322745,179.699672542133,0.429280397022333,1.28302507651204,0.784313725490196,0.153846153846154,3.09846153846154,1208,1.03846153846154,405,1.42564102564103,556,60,4.66666666666667,72.7,-1.18,0.126550868486352,0.075682382133995,0.0508684863523573,0.703473945409429,0.141610937807314,0.479717813051146,1.05095765247475,0.296526054590571,0.415925819269396,122.76278260084,0.309623430962343,2.13602966216263,0.483870967741935,0.18963094711035,73.9560693730365,0.443589743589744,0.989195690984554,0.504962779156328,0.301628458478722,122.76278260084,0.425061425061425,1.57685446203953,81.5,80,117,115,91,130,51,32,59,33,106,70,123,109,81.5,75,78.5,79,17,14,48,23,105,84,131,23,119,101,104,14,92,83,49,128,120,120,121,119,52,52.5,68.5,99,96,87,71,107,92.5,75,47,54,37.5,95,84,18.5,130,28.5,112,127,128,111,115,86,83,73,115,115,101,85,98,43,101,97,91,67,91,94,82,63,71.5,4.2,2.436,61,47,69.5,"B1G",2.5,-2,4.5,0.65,0.8712,0.3072,0.7138,1,0.86,0.9874,0.7404,0.8683,0.8077,29,73,15,76,56,126,66,4,24,14,60,27,42,30.4308445532436,17.3279995154843,250.5,9.5,5.14,4.49,2.85,197.5,171.5,"http://a.espncdn.com/i/teamlogos/ncaa/500/135.png","#7F011B","#FFCC33","Golden Gophers",NA,NA,NA,NA,NA,NA,NA,NA,NA,NA,NA,NA,NA,NA,NA,NA,0.462,0.308,0.462,77,125,88.5
"130",130,2023,"Mississippi State","SEC",739,142,0.0898071676217958,66.3674968725071,0.359945872801083,1.31543308392358,0.615384615384615,0.20911528150134,2.97774798927614,1111,1.08847184986595,406,1.57640750670241,588,59,3.47457627118644,70.1,1.417,0.163734776725304,0.105548037889039,0.0581867388362652,0.637347767253045,0.0447799932001005,0.418259023354565,1.07488012948832,0.362652232746955,0.168940746549477,0.257462686567164,2.00222920020975,0.504736129905277,0.0853375854779355,31.83091938327,0.383378016085791,1.03982636068712,0.488497970230041,0.124906743839861,45.0913345261899,0.340720221606648,1.6358539084993,783,139,0.163896819006713,128.331209282257,0.420178799489144,1.22260676256258,0.745098039215686,0.188095238095238,2.98,1252,1.07857142857143,453,0.969047619047619,407,58,4.32758620689655,70.9,-1.335,0.157088122605364,0.10727969348659,0.0498084291187739,0.701149425287356,0.0708818642286963,0.475409836065574,0.99166837786068,0.298850574712644,0.382124212908985,101.784275484704,0.290598290598291,2.10900262149194,0.53639846743295,0.095116270656992,39.9488336759367,0.421428571428571,0.916395277405009,0.455938697318008,0.285110015363317,101.784275484704,0.425770308123249,1.5791819788316,118,108,116,116,125,45,127,121,98,101,68,92,26,56,113,95,54.5,47.5,70,76,55,129,112,128,53,129,114,110,86,73,107,107,120,41,61,115,115,122,48,35.5,20,64,58,71,35,83.5,42,44,62,64,73,34,37.5,12,116,69,69,89.5,55,113,113,44,74,31,113,103,69,54,90,109,44,45,61,31,27,86,84,65,77,1.1,2.64,42.5,55,50,"SEC",-2,2.5,-4.5,0.97,1,1,0.874,1,0.39,0.4022,0.4356,0.4158,0.2381,78,12,122,2,1,3,29,4,121,122,115,123,130,27.6194926568758,20.3531322641657,160.5,41.5,4.19,5.58,1.92,146.5,214.5,"http://a.espncdn.com/i/teamlogos/ncaa/500/344.png","#762123","#FFFFFF","Bulldogs",NA,NA,NA,NA,NA,NA,NA,NA,NA,NA,NA,NA,NA,NA,NA,NA,0.417,0.273,0.546,89.5,128,43
"131",131,2023,"Mississippi State","SEC",739,142,0.0898071676217958,66.3674968725071,0.359945872801083,1.31543308392358,0.615384615384615,0.20911528150134,2.97774798927614,1111,1.08847184986595,406,1.57640750670241,588,59,3.47457627118644,70.1,1.417,0.163734776725304,0.105548037889039,0.0581867388362652,0.637347767253045,0.0447799932001005,0.418259023354565,1.07488012948832,0.362652232746955,0.168940746549477,0.257462686567164,2.00222920020975,0.504736129905277,0.0853375854779355,31.83091938327,0.383378016085791,1.03982636068712,0.488497970230041,0.124906743839861,45.0913345261899,0.340720221606648,1.6358539084993,783,139,0.163896819006713,128.331209282257,0.420178799489144,1.22260676256258,0.745098039215686,0.188095238095238,2.98,1252,1.07857142857143,453,0.969047619047619,407,58,4.32758620689655,70.9,-1.335,0.157088122605364,0.10727969348659,0.0498084291187739,0.701149425287356,0.0708818642286963,0.475409836065574,0.99166837786068,0.298850574712644,0.382124212908985,101.784275484704,0.290598290598291,2.10900262149194,0.53639846743295,0.095116270656992,39.9488336759367,0.421428571428571,0.916395277405009,0.455938697318008,0.285110015363317,101.784275484704,0.425770308123249,1.5791819788316,118,108,116,116,125,45,127,121,98,101,68,92,26,56,113,95,54.5,47.5,70,76,55,129,112,128,53,129,114,110,86,73,107,107,120,41,61,115,115,122,48,35.5,20,64,58,71,35,83.5,42,44,62,64,73,34,37.5,12,116,69,69,89.5,55,113,113,44,74,31,113,103,69,54,90,109,44,45,61,31,27,86,84,65,77,1.1,2.64,42.5,55,50,"SEC",-2,2.5,-4.5,0.97,1,1,0.874,1,0.39,0.4022,0.4356,0.4158,0.2381,78,12,122,2,1,3,29,4,121,122,115,123,130,27.6194926568758,20.3531322641657,160.5,41.5,4.19,5.58,1.92,146.5,214.5,"http://a.espncdn.com/i/teamlogos/ncaa/500/344.png","#762123","#FFFFFF","Bulldogs",NA,NA,NA,NA,NA,NA,NA,NA,NA,NA,NA,NA,NA,NA,NA,NA,0.417,0.273,0.546,89.5,128,43
"132",132,2023,"Missouri","SEC",860,152,0.282850177450734,243.251152607632,0.458139534883721,1.29510781135709,0.738461538461539,0.210300429184549,3.02725321888412,1411,1.1587982832618,540,1.3519313304721,630,79,4.50632911392405,71.4,1.31,0.143023255813953,0.0976744186046512,0.0453488372093023,0.696511627906977,0.209607349710476,0.500834724540901,1.06165858236415,0.303488372093023,0.450943870233934,0.360153256704981,2.0401585421856,0.541860465116279,0.172014737691346,80.1588677641674,0.446351931330472,0.970460463215593,0.453488372093023,0.439740425032171,171.498765762546,0.476923076923077,1.65815430820349,816,148,0.134122212020759,109.443725008939,0.370098039215686,1.33544499226627,0.722222222222222,0.223684210526316,2.76157894736842,1049,1.18157894736842,449,1.22894736842105,467,61,3.9344262295082,73.6,-1.128,0.202205882352941,0.137254901960784,0.0649509803921569,0.643382352941177,0.105324026816145,0.43047619047619,1.15970029255791,0.356617647058824,0.18607770079197,96.0565845066774,0.261168384879725,1.85805423087269,0.465686274509804,0.0575410003930459,21.8655801493574,0.357894736842105,1.05001266602915,0.526960784313726,0.223387405829482,96.0565845066774,0.386046511627907,1.56929316315932,48.5,58.5,24,29,31,66,71,122,87,50,47,36.5,59,47,46,18,99,95,30,55,15,45,26,34,65,45,26,17,68,39,54,45,48,86,94,20,23,16,39,58,54.5,41,42,17,101,63.5,12,17,18,102,68,68,62,22.5,81,13.5,121,10,8,57,15,62,22,121,15,17,59,22,16,23,25,25,11,95,113,51,30,60,88.5,22.2,2.478,13.5,11,62,"SEC",-0.5,1,-1.5,0.8,1,0.8891,0.5302,0.4307,0.58,0.5616,0.5787,0.5265,0.6571,65,31,84,40,1,37,102,106,88,97,84,106,69,27.1510297482838,28.680360355633,142.5,205.5,9.9,9.29,5.29,39.5,17.5,"http://a.espncdn.com/i/teamlogos/ncaa/500/142.png","#000000","#F1B82D","Tigers",NA,NA,NA,NA,NA,NA,NA,NA,NA,NA,NA,NA,NA,NA,NA,NA,0.846,0.692,0.615,10.5,9.5,29.5
"133",133,2023,"Missouri","SEC",860,152,0.282850177450734,243.251152607632,0.458139534883721,1.29510781135709,0.738461538461539,0.210300429184549,3.02725321888412,1411,1.1587982832618,540,1.3519313304721,630,79,4.50632911392405,71.4,1.31,0.143023255813953,0.0976744186046512,0.0453488372093023,0.696511627906977,0.209607349710476,0.500834724540901,1.06165858236415,0.303488372093023,0.450943870233934,0.360153256704981,2.0401585421856,0.541860465116279,0.172014737691346,80.1588677641674,0.446351931330472,0.970460463215593,0.453488372093023,0.439740425032171,171.498765762546,0.476923076923077,1.65815430820349,816,148,0.134122212020759,109.443725008939,0.370098039215686,1.33544499226627,0.722222222222222,0.223684210526316,2.76157894736842,1049,1.18157894736842,449,1.22894736842105,467,61,3.9344262295082,73.6,-1.128,0.202205882352941,0.137254901960784,0.0649509803921569,0.643382352941177,0.105324026816145,0.43047619047619,1.15970029255791,0.356617647058824,0.18607770079197,96.0565845066774,0.261168384879725,1.85805423087269,0.465686274509804,0.0575410003930459,21.8655801493574,0.357894736842105,1.05001266602915,0.526960784313726,0.223387405829482,96.0565845066774,0.386046511627907,1.56929316315932,48.5,58.5,24,29,31,66,71,122,87,50,47,36.5,59,47,46,18,99,95,30,55,15,45,26,34,65,45,26,17,68,39,54,45,48,86,94,20,23,16,39,58,54.5,41,42,17,101,63.5,12,17,18,102,68,68,62,22.5,81,13.5,121,10,8,57,15,62,22,121,15,17,59,22,16,23,25,25,11,95,113,51,30,60,88.5,22.2,2.478,13.5,11,62,"SEC",-0.5,1,-1.5,0.8,1,0.8891,0.5302,0.4307,0.58,0.5616,0.5787,0.5265,0.6571,65,31,84,40,1,37,102,106,88,97,84,106,69,27.1510297482838,28.680360355633,142.5,205.5,9.9,9.29,5.29,39.5,17.5,"http://a.espncdn.com/i/teamlogos/ncaa/500/142.png","#000000","#F1B82D","Tigers",NA,NA,NA,NA,NA,NA,NA,NA,NA,NA,NA,NA,NA,NA,NA,NA,0.846,0.692,0.615,10.5,9.5,29.5
"134",134,2023,"Navy","American Athletic",738,152,0.0417360420007479,30.801198996552,0.363143631436314,1.18908993897551,0.75,0.183397683397683,2.78474903474903,1443,0.911196911196911,472,1.36872586872587,709,60,2.38333333333333,67.6,1.584,0.140921409214092,0.116531165311653,0.024390243902439,0.678861788617886,0.0624510993930783,0.441117764471058,1.01405337735369,0.321138211382114,-0.00205401603114032,0.19831223628692,2.01213419681428,0.70189701897019,0.0781482997468629,40.480819268875,0.391891891891892,1.02026068666508,0.295392953929539,-0.0167269615156107,-3.64647761040312,0.298165137614679,1.71635668080656,750,143,0.126290622527415,94.7179668955612,0.397333333333333,1.25836403661638,0.673469387755102,0.202631578947368,2.79473684210526,1062,0.942105263157895,358,0.757894736842105,288,68,2.83823529411765,70.3,-1.395,0.166666666666667,0.110666666666667,0.056,0.692,0.0418723360208972,0.452793834296724,1.00256397874105,0.308,0.315957681821279,108.395683888864,0.272727272727273,2.21253885567518,0.506666666666667,7.14874304710061e-05,0.0271652235789823,0.363157894736842,0.848119776370939,0.484,0.298610699418357,108.395683888864,0.440771349862259,1.61219971107808,119.5,58.5,127,127,123,112,59.5,93,118,43,121,65,56,31,110.5,134,16,15,24,96,3,76,104,112,93,76,134,133,82,3,111,98,112,57,132,134,132,134,24,19.5,34,35,30,41,55,33.5,23,21,22,22,20,16,14,50.5,7,79.5,49,60.5,47,91.5,96,29,43,37,96,78,77,31,116,66,14,14,18,10,67,93,106,85,58.5,-13.3,2.612,109.5,113,52,"AAC",-3.5,-2.5,-1,0.62,0.1953,0.8433,0.7504,1,0.62,0.6031,0.5639,0.5755,0.7907,96,80,73,82,100,44,59,4,78,85,89,87,47,29.7965194109772,18.2069435609103,234.5,17.5,4.77,4.63,2.81,190.5,198.5,"http://a.espncdn.com/i/teamlogos/ncaa/500/2426.png","#131630","#b6a77c","Midshipmen",NA,NA,NA,NA,NA,NA,NA,NA,NA,NA,NA,NA,NA,NA,NA,NA,0.417,0.333,0.364,89.5,119,120
"135",135,2023,"Navy","American Athletic",738,152,0.0417360420007479,30.801198996552,0.363143631436314,1.18908993897551,0.75,0.183397683397683,2.78474903474903,1443,0.911196911196911,472,1.36872586872587,709,60,2.38333333333333,67.6,1.584,0.140921409214092,0.116531165311653,0.024390243902439,0.678861788617886,0.0624510993930783,0.441117764471058,1.01405337735369,0.321138211382114,-0.00205401603114032,0.19831223628692,2.01213419681428,0.70189701897019,0.0781482997468629,40.480819268875,0.391891891891892,1.02026068666508,0.295392953929539,-0.0167269615156107,-3.64647761040312,0.298165137614679,1.71635668080656,750,143,0.126290622527415,94.7179668955612,0.397333333333333,1.25836403661638,0.673469387755102,0.202631578947368,2.79473684210526,1062,0.942105263157895,358,0.757894736842105,288,68,2.83823529411765,70.3,-1.395,0.166666666666667,0.110666666666667,0.056,0.692,0.0418723360208972,0.452793834296724,1.00256397874105,0.308,0.315957681821279,108.395683888864,0.272727272727273,2.21253885567518,0.506666666666667,7.14874304710061e-05,0.0271652235789823,0.363157894736842,0.848119776370939,0.484,0.298610699418357,108.395683888864,0.440771349862259,1.61219971107808,119.5,58.5,127,127,123,112,59.5,93,118,43,121,65,56,31,110.5,134,16,15,24,96,3,76,104,112,93,76,134,133,82,3,111,98,112,57,132,134,132,134,24,19.5,34,35,30,41,55,33.5,23,21,22,22,20,16,14,50.5,7,79.5,49,60.5,47,91.5,96,29,43,37,96,78,77,31,116,66,14,14,18,10,67,93,106,85,58.5,-13.3,2.612,109.5,113,52,"AAC",-3.5,-2.5,-1,0.62,0.1953,0.8433,0.7504,1,0.62,0.6031,0.5639,0.5755,0.7907,96,80,73,82,100,44,59,4,78,85,89,87,47,29.7965194109772,18.2069435609103,234.5,17.5,4.77,4.63,2.81,190.5,198.5,"http://a.espncdn.com/i/teamlogos/ncaa/500/2426.png","#131630","#b6a77c","Midshipmen",NA,NA,NA,NA,NA,NA,NA,NA,NA,NA,NA,NA,NA,NA,NA,NA,0.417,0.333,0.364,89.5,119,120
"136",136,2023,"NC State","ACC",780,152,0.158771523132429,123.841788043295,0.402564102564103,1.22204386135866,0.814814814814815,0.158024691358025,3.16123456790123,1280,1.15308641975309,467,1.02469135802469,415,62,4.11290322580645,70,1.419,0.185897435897436,0.121794871794872,0.0641025641025641,0.664102564102564,0.0818969435541541,0.461389961389961,0.986321649672662,0.335897435897436,0.310760195733752,0.286259541984733,1.97321197593138,0.519230769230769,0.131723732040703,53.3481114764845,0.417283950617284,0.898027784561709,0.474358974358974,0.210278374958837,77.8029987347698,0.391891891891892,1.59969018534959,744,152,0.0949748827218581,70.6613127450624,0.388440860215054,1.29340921953715,0.658536585365854,0.203030303030303,2.88030303030303,951,1.12424242424242,371,1.46666666666667,484,57,3.7719298245614,71.6,-1.3,0.19758064516129,0.119623655913978,0.0779569892473118,0.643817204301075,0.0206452761749428,0.438413361169102,1.07443397162997,0.356182795698925,0.229329152668924,55.8456508245607,0.29811320754717,1.8754953215689,0.443548387096774,0.118028457385665,38.9493909372695,0.390909090909091,1.06311014605559,0.541666666666667,0.138574815941838,55.8456508245607,0.397022332506204,1.47908784753166,98,58.5,85,85,94,100,14.5,53,60,74,49,67,101,98.5,101.5,47,51,45,107,113,84,99,96,91,109,99,74,86,97,58,81,82,83,112,78,87,90,87,61,16,79,21,19,37,80,27.5,22,33,9,82,23,101,67,10,65,55,79,15,26,14,18,20,32,88,18,35,16,65,19,9,56,42,35,103,123,13,48,28,76,12.1,3.106,46,29,21,"ACC",-6,-4,-2,0.5,0,0.8295,0.7702,0.2538,0.57,0.5889,0.5054,0.514,0.6585,109,102,92,105,128,47,53,120,91,90,103,108,68,29.5297549591599,22.3826813760458,224.5,83.5,9.13,7.84,4.57,84.5,45.5,"http://a.espncdn.com/i/teamlogos/ncaa/500/152.png","#EF1216","#231f20","Wolfpack",NA,NA,NA,NA,NA,NA,NA,NA,NA,NA,NA,NA,NA,NA,NA,NA,0.692,0.539,0.308,33,50,129.5
"137",137,2023,"NC State","ACC",780,152,0.158771523132429,123.841788043295,0.402564102564103,1.22204386135866,0.814814814814815,0.158024691358025,3.16123456790123,1280,1.15308641975309,467,1.02469135802469,415,62,4.11290322580645,70,1.419,0.185897435897436,0.121794871794872,0.0641025641025641,0.664102564102564,0.0818969435541541,0.461389961389961,0.986321649672662,0.335897435897436,0.310760195733752,0.286259541984733,1.97321197593138,0.519230769230769,0.131723732040703,53.3481114764845,0.417283950617284,0.898027784561709,0.474358974358974,0.210278374958837,77.8029987347698,0.391891891891892,1.59969018534959,744,152,0.0949748827218581,70.6613127450624,0.388440860215054,1.29340921953715,0.658536585365854,0.203030303030303,2.88030303030303,951,1.12424242424242,371,1.46666666666667,484,57,3.7719298245614,71.6,-1.3,0.19758064516129,0.119623655913978,0.0779569892473118,0.643817204301075,0.0206452761749428,0.438413361169102,1.07443397162997,0.356182795698925,0.229329152668924,55.8456508245607,0.29811320754717,1.8754953215689,0.443548387096774,0.118028457385665,38.9493909372695,0.390909090909091,1.06311014605559,0.541666666666667,0.138574815941838,55.8456508245607,0.397022332506204,1.47908784753166,98,58.5,85,85,94,100,14.5,53,60,74,49,67,101,98.5,101.5,47,51,45,107,113,84,99,96,91,109,99,74,86,97,58,81,82,83,112,78,87,90,87,61,16,79,21,19,37,80,27.5,22,33,9,82,23,101,67,10,65,55,79,15,26,14,18,20,32,88,18,35,16,65,19,9,56,42,35,103,123,13,48,28,76,12.1,3.106,46,29,21,"ACC",-6,-4,-2,0.5,0,0.8295,0.7702,0.2538,0.57,0.5889,0.5054,0.514,0.6585,109,102,92,105,128,47,53,120,91,90,103,108,68,29.5297549591599,22.3826813760458,224.5,83.5,9.13,7.84,4.57,84.5,45.5,"http://a.espncdn.com/i/teamlogos/ncaa/500/152.png","#EF1216","#231f20","Wolfpack",NA,NA,NA,NA,NA,NA,NA,NA,NA,NA,NA,NA,NA,NA,NA,NA,0.692,0.539,0.308,33,50,129.5
"138",138,2023,"Nebraska","Big Ten",713,141,0.13216451258335,94.2332974719285,0.380084151472651,1.31304709857831,0.74468085106383,0.131336405529954,3.30529953917051,1435,1.19124423963134,517,1.55990783410138,677,46,3.32608695652174,71,1.343,0.217391304347826,0.144460028050491,0.0729312762973352,0.660589060308555,0.0546841785992383,0.445859872611465,1.02148827389072,0.339410939691445,0.282963013849947,0.252066115702479,2.3167741999618,0.608695652173913,0.142715934980191,61.938715781403,0.421658986175115,1.02594717200533,0.373071528751753,0.210100807764414,55.886814865334,0.330827067669173,1.91008444588348,764,143,0.0914200666224511,69.8449308995526,0.378272251308901,1.15933567990537,0.75,0.114114114114114,3.17987987987988,1059,0.81981981981982,273,0.624624624624625,208,64,3.09375,69,-1.477,0.195026178010471,0.119109947643979,0.0759162303664921,0.660994764397906,0.00194162542948854,0.437623762376238,0.877240148849669,0.339005235602094,0.265885753118382,78.9370958244902,0.262548262548263,2.07614615583639,0.43586387434555,0.0311139266584361,10.3609375772592,0.369369369369369,0.750240028956145,0.554973821989529,0.186172395812477,78.9370958244902,0.391509433962264,1.46246077066895,129,112.5,96,108,111,48,64.5,14,27,46,42,45.5,29,37,133,104,88,79,131,130,111,102,107,106,86,102,84,116,6,9,71,71,80,51,128,88,107,128,6,28,34,19,18,26,10,87,130,89,21,7,5,4,2.5,35,16,106,27,18,29,20,41,15,30,3,41,50,33,23,74,8,18,17,22,2,127,29,38,26,70.5,7.4,1.486,67,41.5,121,"B1G",1,0.5,0.5,0.88,0.6515,0.9921,1,0.9437,0.71,0.6502,0.7577,0.7336,0.7442,46,37,57,20,77,23,1,54,59,75,57,54,51,30.1014884979702,19.3586695205363,242.5,27.5,7.08,4.98,2.55,175.5,94.5,"http://a.espncdn.com/i/teamlogos/ncaa/500/158.png","#F20017","#f5f1e7","Cornhuskers",NA,NA,NA,NA,NA,NA,NA,NA,NA,NA,NA,NA,NA,NA,NA,NA,0.417,0.364,0.417,89.5,112.5,108
"139",139,2023,"Nebraska","Big Ten",713,141,0.13216451258335,94.2332974719285,0.380084151472651,1.31304709857831,0.74468085106383,0.131336405529954,3.30529953917051,1435,1.19124423963134,517,1.55990783410138,677,46,3.32608695652174,71,1.343,0.217391304347826,0.144460028050491,0.0729312762973352,0.660589060308555,0.0546841785992383,0.445859872611465,1.02148827389072,0.339410939691445,0.282963013849947,0.252066115702479,2.3167741999618,0.608695652173913,0.142715934980191,61.938715781403,0.421658986175115,1.02594717200533,0.373071528751753,0.210100807764414,55.886814865334,0.330827067669173,1.91008444588348,764,143,0.0914200666224511,69.8449308995526,0.378272251308901,1.15933567990537,0.75,0.114114114114114,3.17987987987988,1059,0.81981981981982,273,0.624624624624625,208,64,3.09375,69,-1.477,0.195026178010471,0.119109947643979,0.0759162303664921,0.660994764397906,0.00194162542948854,0.437623762376238,0.877240148849669,0.339005235602094,0.265885753118382,78.9370958244902,0.262548262548263,2.07614615583639,0.43586387434555,0.0311139266584361,10.3609375772592,0.369369369369369,0.750240028956145,0.554973821989529,0.186172395812477,78.9370958244902,0.391509433962264,1.46246077066895,129,112.5,96,108,111,48,64.5,14,27,46,42,45.5,29,37,133,104,88,79,131,130,111,102,107,106,86,102,84,116,6,9,71,71,80,51,128,88,107,128,6,28,34,19,18,26,10,87,130,89,21,7,5,4,2.5,35,16,106,27,18,29,20,41,15,30,3,41,50,33,23,74,8,18,17,22,2,127,29,38,26,70.5,7.4,1.486,67,41.5,121,"B1G",1,0.5,0.5,0.88,0.6515,0.9921,1,0.9437,0.71,0.6502,0.7577,0.7336,0.7442,46,37,57,20,77,23,1,54,59,75,57,54,51,30.1014884979702,19.3586695205363,242.5,27.5,7.08,4.98,2.55,175.5,94.5,"http://a.espncdn.com/i/teamlogos/ncaa/500/158.png","#F20017","#f5f1e7","Cornhuskers",NA,NA,NA,NA,NA,NA,NA,NA,NA,NA,NA,NA,NA,NA,NA,NA,0.417,0.364,0.417,89.5,112.5,108
"140",140,2023,"Nevada","Mountain West",719,132,0.0296628632976774,21.3275987110301,0.354659248956885,1.26763650508532,0.547619047619048,0.212765957446809,2.6438829787234,994,1.09042553191489,410,0.914893617021277,344,54,2.53703703703704,73.2,1.181,0.219749652294854,0.1557719054242,0.0639777468706537,0.648122392211405,-0.0317919230079196,0.390557939914163,1.034568357158,0.351877607788595,0.142856264160951,0.288537549407115,1.84871051772604,0.522948539638387,0.0481362955489198,18.0992471263938,0.38031914893617,1.01064786568941,0.468706536856745,0.0502063676714681,16.9195459052848,0.332344213649852,1.59575592859975,709,136,0.251615291624723,178.395241761928,0.469675599435825,1.33480412048958,0.680851063829787,0.150684931506849,3.30465753424658,1206,1.25753424657534,459,1.76438356164384,644,65,3.83076923076923,69.3,-1.471,0.143864598025388,0.0902679830747532,0.0535966149506347,0.693935119887165,0.219840869712096,0.542682926829268,1.14955823238784,0.306064880112835,0.323656838081002,114.596251267134,0.304147465437788,2.08420794053753,0.514809590973202,0.202182109594729,73.7964700020762,0.473972602739726,1.05907372566208,0.47672778561354,0.339042163512231,114.596251267134,0.473372781065089,1.63293760989681,128,130,129,131,129,79,133,124,128,115,67,88,112,113,128,133,121,122,132,134,83,117,129,133,76,117,120,84,122,54,119,119,126,64,81,129,129,127,63,7,13,113,95,127,100,37,98,112,45,122,77.5,121,107,40,71,98.5,30,116,103,105,98,121,133,117,98,81,85,79,79,83,104,96,119,99,53,108,129,89,60,-16.7,2.062,104,120.5,91,"MW",0.5,0,0.5,0.76,1,0.4829,0.728,1,0.71,0.6939,0.7748,0.7409,0.6,55,47,57,53,1,107,64,4,59,62,53,53,82,27.7144670050761,18.0710656961256,164.5,15.5,2.9,4.25,2.15,204.5,250.5,"http://a.espncdn.com/i/teamlogos/ncaa/500/2440.png","#153E5F","#8e9295","Wolf Pack",NA,NA,NA,NA,NA,NA,NA,NA,NA,NA,NA,NA,NA,NA,NA,NA,0.167,0.5,0.5,130,63.5,71
"141",141,2023,"Nevada","Mountain West",719,132,0.0296628632976774,21.3275987110301,0.354659248956885,1.26763650508532,0.547619047619048,0.212765957446809,2.6438829787234,994,1.09042553191489,410,0.914893617021277,344,54,2.53703703703704,73.2,1.181,0.219749652294854,0.1557719054242,0.0639777468706537,0.648122392211405,-0.0317919230079196,0.390557939914163,1.034568357158,0.351877607788595,0.142856264160951,0.288537549407115,1.84871051772604,0.522948539638387,0.0481362955489198,18.0992471263938,0.38031914893617,1.01064786568941,0.468706536856745,0.0502063676714681,16.9195459052848,0.332344213649852,1.59575592859975,709,136,0.251615291624723,178.395241761928,0.469675599435825,1.33480412048958,0.680851063829787,0.150684931506849,3.30465753424658,1206,1.25753424657534,459,1.76438356164384,644,65,3.83076923076923,69.3,-1.471,0.143864598025388,0.0902679830747532,0.0535966149506347,0.693935119887165,0.219840869712096,0.542682926829268,1.14955823238784,0.306064880112835,0.323656838081002,114.596251267134,0.304147465437788,2.08420794053753,0.514809590973202,0.202182109594729,73.7964700020762,0.473972602739726,1.05907372566208,0.47672778561354,0.339042163512231,114.596251267134,0.473372781065089,1.63293760989681,128,130,129,131,129,79,133,124,128,115,67,88,112,113,128,133,121,122,132,134,83,117,129,133,76,117,120,84,122,54,119,119,126,64,81,129,129,127,63,7,13,113,95,127,100,37,98,112,45,122,77.5,121,107,40,71,98.5,30,116,103,105,98,121,133,117,98,81,85,79,79,83,104,96,119,99,53,108,129,89,60,-16.7,2.062,104,120.5,91,"MW",0.5,0,0.5,0.76,1,0.4829,0.728,1,0.71,0.6939,0.7748,0.7409,0.6,55,47,57,53,1,107,64,4,59,62,53,53,82,27.7144670050761,18.0710656961256,164.5,15.5,2.9,4.25,2.15,204.5,250.5,"http://a.espncdn.com/i/teamlogos/ncaa/500/2440.png","#153E5F","#8e9295","Wolf Pack",NA,NA,NA,NA,NA,NA,NA,NA,NA,NA,NA,NA,NA,NA,NA,NA,0.167,0.5,0.5,130,63.5,71
"142",142,2023,"New Mexico","Mountain West",683,122,0.291017480268148,198.764939023145,0.468521229868228,1.28752820667597,0.787234042553192,0.155988857938719,3.26713091922006,1173,1.34818941504178,484,1.37604456824513,494,57,4.10526315789474,75.5,1.023,0.206442166910688,0.120058565153734,0.0863836017569546,0.680819912152269,0.255679678798111,0.537634408602151,1.07965413467334,0.319180087847731,0.366393983403776,0.321100917431193,2.02993560668537,0.525622254758419,0.23012415516908,82.6145717056998,0.481894150417827,1.00386221309365,0.465592972181552,0.411385535032445,130.820600140317,0.462264150943396,1.62136641681028,637,120,0.290711914549472,185.183489568014,0.470957613814757,1.28514663603602,0.617021276595745,0.165191740412979,3.35427728613569,1137,1.21828908554572,413,1.3598820058997,461,69,4.23188405797101,68.6,-1.521,0.167974882260597,0.0957613814756672,0.0722135007849294,0.753532182103611,0.248194276423914,0.502083333333333,1.1383590731827,0.246467817896389,0.420702145761369,124.632791314705,0.375796178343949,1.8847365114199,0.532182103610675,0.199630175943891,67.674629644979,0.480825958702065,0.900334906166762,0.464678178963893,0.421056727414545,124.632791314705,0.462837837837838,1.74298832923812,133,133,16,43,18,70,24,51,36,91,9,58,55,78,119.5,49,134,134,126,106,130,72,13,11,44,72,53,52,74,53,25,42,20,69,82,22,55,26,55,2,2,124,102,129,73,11,74,119,27,113,40,87,58,55.5,110,113,21,58,88,33,134,127,110,114,134,116,104,131,21,105,103,90,123,24,32,125,124,119,54.5,-20.6,0.856,118,129,130,"MW",-2.5,-6,3.5,0.34,0.2051,0.4368,0.4237,0.2014,0.82,0.9039,0.869,0.961,0.4667,85,128,23,127,99,112,123,123,32,21,30,13,102,29.5435056746532,25.3019527374827,228.5,137.5,1.68,2.43,1.57,254.5,258.5,"http://a.espncdn.com/i/teamlogos/ncaa/500/167.png","#000000","#231f20","Lobos",NA,NA,NA,NA,NA,NA,NA,NA,NA,NA,NA,NA,NA,NA,NA,NA,0.333,0.5,0.75,104,63.5,8.5
"143",143,2023,"New Mexico","Mountain West",683,122,0.291017480268148,198.764939023145,0.468521229868228,1.28752820667597,0.787234042553192,0.155988857938719,3.26713091922006,1173,1.34818941504178,484,1.37604456824513,494,57,4.10526315789474,75.5,1.023,0.206442166910688,0.120058565153734,0.0863836017569546,0.680819912152269,0.255679678798111,0.537634408602151,1.07965413467334,0.319180087847731,0.366393983403776,0.321100917431193,2.02993560668537,0.525622254758419,0.23012415516908,82.6145717056998,0.481894150417827,1.00386221309365,0.465592972181552,0.411385535032445,130.820600140317,0.462264150943396,1.62136641681028,637,120,0.290711914549472,185.183489568014,0.470957613814757,1.28514663603602,0.617021276595745,0.165191740412979,3.35427728613569,1137,1.21828908554572,413,1.3598820058997,461,69,4.23188405797101,68.6,-1.521,0.167974882260597,0.0957613814756672,0.0722135007849294,0.753532182103611,0.248194276423914,0.502083333333333,1.1383590731827,0.246467817896389,0.420702145761369,124.632791314705,0.375796178343949,1.8847365114199,0.532182103610675,0.199630175943891,67.674629644979,0.480825958702065,0.900334906166762,0.464678178963893,0.421056727414545,124.632791314705,0.462837837837838,1.74298832923812,133,133,16,43,18,70,24,51,36,91,9,58,55,78,119.5,49,134,134,126,106,130,72,13,11,44,72,53,52,74,53,25,42,20,69,82,22,55,26,55,2,2,124,102,129,73,11,74,119,27,113,40,87,58,55.5,110,113,21,58,88,33,134,127,110,114,134,116,104,131,21,105,103,90,123,24,32,125,124,119,54.5,-20.6,0.856,118,129,130,"MW",-2.5,-6,3.5,0.34,0.2051,0.4368,0.4237,0.2014,0.82,0.9039,0.869,0.961,0.4667,85,128,23,127,99,112,123,123,32,21,30,13,102,29.5435056746532,25.3019527374827,228.5,137.5,1.68,2.43,1.57,254.5,258.5,"http://a.espncdn.com/i/teamlogos/ncaa/500/167.png","#000000","#231f20","Lobos",NA,NA,NA,NA,NA,NA,NA,NA,NA,NA,NA,NA,NA,NA,NA,NA,0.333,0.5,0.75,104,63.5,8.5
"144",144,2023,"New Mexico State","Conference USA",907,161,0.287989406567662,261.206391756869,0.478500551267916,1.25159103807911,0.818181818181818,0.150602409638554,3.60361445783133,1795,1.48393574297189,739,1.67670682730924,835,84,3.97619047619048,71.8,1.267,0.141124586549063,0.0837927232635061,0.0573318632855568,0.717750826901874,0.227338192319691,0.533026113671275,1.04055783614357,0.282249173098126,0.442223549049806,0.33984375,2.09329817683354,0.549062844542448,0.280101125707315,139.490360602243,0.526104417670683,0.94780105223343,0.446527012127894,0.33460734733228,135.515975669573,0.424691358024691,1.7143409002394,949,158,0.208013246914373,197.40457132174,0.43940990516333,1.24346797094998,0.738461538461539,0.161147902869757,3.14657836644592,1425,1.16114790286976,526,1.26048565121413,571,88,3.72727272727273,72.3,-1.223,0.15595363540569,0.0990516332982086,0.0569020021074816,0.700737618545838,0.141945705674776,0.502255639097744,0.991888151404844,0.299262381454162,0.362713651577512,119.605554189447,0.292253521126761,2.25584941345691,0.477344573234984,0.188262063908128,85.2827149503821,0.445916114790287,1.01656746043549,0.519494204425711,0.242607614988737,119.605554189447,0.436105476673428,1.45664891571242,25.5,29,21,16,12,88,12.5,44,4,5,2,2,18,9,34,58,105,108,25,32,49,13,20,15,74,13,29,33,52,30,8,5,4,96,100,41,52,59,27,131,97.5,92,111,101,48,78,80,84,105,95,111,73,90,131,62,38.5,96.5,93,76,87,112,87,111,32,112,99,95,57,124,35,99,102,93,81,106,63,100,23,53,-15.5,2.962,120.5,116,26,"CUS",-10,-5,-5,0.43,0,0.5453,0.7605,0.6342,0.36,0.3148,0.4489,0.3686,0.2979,125,115,127,114,128,102,54,92,125,127,113,124,126,30.6448801742919,25.3235064106451,258.5,139.5,4.7,4.7,3.33,185.5,200.5,"http://a.espncdn.com/i/teamlogos/ncaa/500/166.png","#891216","#000000","Aggies",NA,NA,NA,NA,NA,NA,NA,NA,NA,NA,NA,NA,NA,NA,NA,NA,NA,NA,NA,NA,NA,NA
"145",145,2023,"New Mexico State","Conference USA",907,161,0.287989406567662,261.206391756869,0.478500551267916,1.25159103807911,0.818181818181818,0.150602409638554,3.60361445783133,1795,1.48393574297189,739,1.67670682730924,835,84,3.97619047619048,71.8,1.267,0.141124586549063,0.0837927232635061,0.0573318632855568,0.717750826901874,0.227338192319691,0.533026113671275,1.04055783614357,0.282249173098126,0.442223549049806,0.33984375,2.09329817683354,0.549062844542448,0.280101125707315,139.490360602243,0.526104417670683,0.94780105223343,0.446527012127894,0.33460734733228,135.515975669573,0.424691358024691,1.7143409002394,949,158,0.208013246914373,197.40457132174,0.43940990516333,1.24346797094998,0.738461538461539,0.161147902869757,3.14657836644592,1425,1.16114790286976,526,1.26048565121413,571,88,3.72727272727273,72.3,-1.223,0.15595363540569,0.0990516332982086,0.0569020021074816,0.700737618545838,0.141945705674776,0.502255639097744,0.991888151404844,0.299262381454162,0.362713651577512,119.605554189447,0.292253521126761,2.25584941345691,0.477344573234984,0.188262063908128,85.2827149503821,0.445916114790287,1.01656746043549,0.519494204425711,0.242607614988737,119.605554189447,0.436105476673428,1.45664891571242,25.5,29,21,16,12,88,12.5,44,4,5,2,2,18,9,34,58,105,108,25,32,49,13,20,15,74,13,29,33,52,30,8,5,4,96,100,41,52,59,27,131,97.5,92,111,101,48,78,80,84,105,95,111,73,90,131,62,38.5,96.5,93,76,87,112,87,111,32,112,99,95,57,124,35,99,102,93,81,106,63,100,23,53,-15.5,2.962,120.5,116,26,"CUS",-10,-5,-5,0.43,0,0.5453,0.7605,0.6342,0.36,0.3148,0.4489,0.3686,0.2979,125,115,127,114,128,102,54,92,125,127,113,124,126,30.6448801742919,25.3235064106451,258.5,139.5,4.7,4.7,3.33,185.5,200.5,"http://a.espncdn.com/i/teamlogos/ncaa/500/166.png","#891216","#000000","Aggies",NA,NA,NA,NA,NA,NA,NA,NA,NA,NA,NA,NA,NA,NA,NA,NA,NA,NA,NA,NA,NA,NA
"146",146,2023,"North Carolina","ACC",921,156,0.289325835735609,266.469094712496,0.469055374592834,1.28447452240264,0.72463768115942,0.144827586206897,3.35908045977011,1461,1.24137931034483,540,1.44137931034483,627,84,4.13095238095238,68.9,1.454,0.140065146579805,0.0922909880564604,0.0477741585233442,0.700325732899023,0.268052847399132,0.533333333333333,1.05076721240007,0.299674267100977,0.33903988456542,0.318840579710145,2.1980576433218,0.472312703583062,0.269382513745076,117.181393479108,0.498850574712644,1.02213424330597,0.523344191096634,0.328793832804362,158.478627411702,0.446058091286307,1.54925517618859,902,158,0.194300902837519,175.259414359442,0.415742793791574,1.29710648083866,0.740740740740741,0.127472527472527,3.27934065934066,1492,1.12307692307692,511,1.19120879120879,542,83,3.40963855421687,67.6,-1.545,0.157427937915743,0.098669623059867,0.0587583148558758,0.658536585365854,0.104241783535045,0.454545454545455,1.06483682069283,0.341463414634146,0.367986347206575,120.274516809857,0.340909090909091,1.89437132121363,0.504434589800443,0.180728267982103,82.231361931857,0.424175824175824,1.02071024573411,0.48669623059867,0.273973842391475,120.274516809857,0.414578587699317,1.59020798290008,21,43.5,20,13,17,73,81,39,18,41,32,36.5,46,48,34,45,26,32,23,46,20,37,10,14,69,37,60,58,27,95,10,17,12,53,38,43,33,42,84,113.5,97.5,83,93,65,83,80.5,121,107,118,81,107,65,81,121.5,35,120.5,17,87,78,81,38,60,46.5,84,38,100,97,120,23,62,96,98,68,84,74,82,70,74,78,7.9,2.5,36.5,39.5,60,"ACC",-1,1.5,-2.5,0.83,1,1.001,0.4089,0.8503,0.53,0.5016,0.5417,0.5374,0.575,68,24,102,35,1,2,124,69,102,110,93,103,87,23.2954070981211,35.4464604416199,21.5,259.5,8.32,8.83,5.42,51.5,61.5,"http://a.espncdn.com/i/teamlogos/ncaa/500/153.png","#99bfe5","#13294b","Tar Heels",NA,NA,NA,NA,NA,NA,NA,NA,NA,NA,NA,NA,NA,NA,NA,NA,0.615,0.462,0.5,47,78.5,71
"147",147,2023,"North Carolina","ACC",921,156,0.289325835735609,266.469094712496,0.469055374592834,1.28447452240264,0.72463768115942,0.144827586206897,3.35908045977011,1461,1.24137931034483,540,1.44137931034483,627,84,4.13095238095238,68.9,1.454,0.140065146579805,0.0922909880564604,0.0477741585233442,0.700325732899023,0.268052847399132,0.533333333333333,1.05076721240007,0.299674267100977,0.33903988456542,0.318840579710145,2.1980576433218,0.472312703583062,0.269382513745076,117.181393479108,0.498850574712644,1.02213424330597,0.523344191096634,0.328793832804362,158.478627411702,0.446058091286307,1.54925517618859,902,158,0.194300902837519,175.259414359442,0.415742793791574,1.29710648083866,0.740740740740741,0.127472527472527,3.27934065934066,1492,1.12307692307692,511,1.19120879120879,542,83,3.40963855421687,67.6,-1.545,0.157427937915743,0.098669623059867,0.0587583148558758,0.658536585365854,0.104241783535045,0.454545454545455,1.06483682069283,0.341463414634146,0.367986347206575,120.274516809857,0.340909090909091,1.89437132121363,0.504434589800443,0.180728267982103,82.231361931857,0.424175824175824,1.02071024573411,0.48669623059867,0.273973842391475,120.274516809857,0.414578587699317,1.59020798290008,21,43.5,20,13,17,73,81,39,18,41,32,36.5,46,48,34,45,26,32,23,46,20,37,10,14,69,37,60,58,27,95,10,17,12,53,38,43,33,42,84,113.5,97.5,83,93,65,83,80.5,121,107,118,81,107,65,81,121.5,35,120.5,17,87,78,81,38,60,46.5,84,38,100,97,120,23,62,96,98,68,84,74,82,70,74,78,7.9,2.5,36.5,39.5,60,"ACC",-1,1.5,-2.5,0.83,1,1.001,0.4089,0.8503,0.53,0.5016,0.5417,0.5374,0.575,68,24,102,35,1,2,124,69,102,110,93,103,87,23.2954070981211,35.4464604416199,21.5,259.5,8.32,8.83,5.42,51.5,61.5,"http://a.espncdn.com/i/teamlogos/ncaa/500/153.png","#99bfe5","#13294b","Tar Heels",NA,NA,NA,NA,NA,NA,NA,NA,NA,NA,NA,NA,NA,NA,NA,NA,0.615,0.462,0.5,47,78.5,71
"148",148,2023,"Northern Illinois","Mid-American",817,150,0.214289739537152,175.074717201853,0.424724602203182,1.25726779956518,0.767857142857143,0.162162162162162,3.23018018018018,1434,1.17792792792793,523,1.92342342342342,854,63,3.3968253968254,72.2,1.26,0.16156670746634,0.100367197062424,0.0611995104039168,0.694002447980416,0.181068693841912,0.497354497354497,1.03153114122116,0.305997552019584,0.289635071173954,0.26,2.23661760961156,0.543451652386781,0.219184336369382,97.3178453480054,0.454954954954955,1.07949952504989,0.447980416156671,0.246485328391944,90.2136301914514,0.396174863387978,1.50491739578649,805,150,0.127881317882928,102.944460895757,0.4,1.14099691750914,0.833333333333333,0.121281464530892,3.29450800915332,1440,1.02288329519451,447,1.07093821510297,468,62,3.40322580645161,70.2,-1.42,0.139130434782609,0.0881987577639751,0.0509316770186335,0.670807453416149,0.0673334820014448,0.474074074074074,0.892464919371745,0.329192546583851,0.251261813641421,55.0016619736493,0.249056603773585,2.10499981937539,0.542857142857143,0.138616438997207,60.5753838417794,0.437070938215103,0.942782309011143,0.44472049689441,0.153635927300696,55.0016619736493,0.365921787709497,1.42999684287644,76,67.5,54,58,60,84,42.5,61,48,47,45,42.5,8,6,98.5,102,112,110,62,62,68,48,37,41,80,48,80,106,19,38,29,30,45,21,99,76,81,83,98,51,68.5,37,36,44,8,121,126,110,108,49,65,49,63,26.5,33,83.5,41,118,107,110,53,41,71,5,53,42,15,13,88,116,70,78,79,40,19,18,17,15,60,-10.6,1.072,104,99,128,"MAC",-3,-3.5,0.5,0.56,0.0606,0.7688,0.8018,0.9551,0.7,0.6996,0.5764,0.6407,0.9643,91,93,57,93,117,56,48,51,62,60,85,74,19,29.5594237695078,22.6650609882125,230.5,89.5,6.48,6.15,4.35,126.5,120.5,"http://a.espncdn.com/i/teamlogos/ncaa/500/2459.png","#F1122C","#cc0000","Huskies",NA,NA,NA,NA,NA,NA,NA,NA,NA,NA,NA,NA,NA,NA,NA,NA,0.539,0.462,0.462,61.5,78.5,88.5
"149",149,2023,"Northern Illinois","Mid-American",817,150,0.214289739537152,175.074717201853,0.424724602203182,1.25726779956518,0.767857142857143,0.162162162162162,3.23018018018018,1434,1.17792792792793,523,1.92342342342342,854,63,3.3968253968254,72.2,1.26,0.16156670746634,0.100367197062424,0.0611995104039168,0.694002447980416,0.181068693841912,0.497354497354497,1.03153114122116,0.305997552019584,0.289635071173954,0.26,2.23661760961156,0.543451652386781,0.219184336369382,97.3178453480054,0.454954954954955,1.07949952504989,0.447980416156671,0.246485328391944,90.2136301914514,0.396174863387978,1.50491739578649,805,150,0.127881317882928,102.944460895757,0.4,1.14099691750914,0.833333333333333,0.121281464530892,3.29450800915332,1440,1.02288329519451,447,1.07093821510297,468,62,3.40322580645161,70.2,-1.42,0.139130434782609,0.0881987577639751,0.0509316770186335,0.670807453416149,0.0673334820014448,0.474074074074074,0.892464919371745,0.329192546583851,0.251261813641421,55.0016619736493,0.249056603773585,2.10499981937539,0.542857142857143,0.138616438997207,60.5753838417794,0.437070938215103,0.942782309011143,0.44472049689441,0.153635927300696,55.0016619736493,0.365921787709497,1.42999684287644,76,67.5,54,58,60,84,42.5,61,48,47,45,42.5,8,6,98.5,102,112,110,62,62,68,48,37,41,80,48,80,106,19,38,29,30,45,21,99,76,81,83,98,51,68.5,37,36,44,8,121,126,110,108,49,65,49,63,26.5,33,83.5,41,118,107,110,53,41,71,5,53,42,15,13,88,116,70,78,79,40,19,18,17,15,60,-10.6,1.072,104,99,128,"MAC",-3,-3.5,0.5,0.56,0.0606,0.7688,0.8018,0.9551,0.7,0.6996,0.5764,0.6407,0.9643,91,93,57,93,117,56,48,51,62,60,85,74,19,29.5594237695078,22.6650609882125,230.5,89.5,6.48,6.15,4.35,126.5,120.5,"http://a.espncdn.com/i/teamlogos/ncaa/500/2459.png","#F1122C","#cc0000","Huskies",NA,NA,NA,NA,NA,NA,NA,NA,NA,NA,NA,NA,NA,NA,NA,NA,0.539,0.462,0.462,61.5,78.5,88.5
"150",150,2023,"North Texas","American Athletic",883,154,0.275452135233281,243.224235410987,0.447338618346546,1.44569721641108,0.782608695652174,0.160804020100503,3.38869346733668,1349,1.37437185929648,547,2.05276381909548,817,79,4.41772151898734,72.4,1.212,0.168742921857305,0.101925254813137,0.0668176670441676,0.672706681766704,0.172437829789146,0.496632996632997,1.15471324735009,0.327293318233296,0.487183960263788,0.346020761245675,2.30409992514101,0.450736126840317,0.304399162075335,121.150866505983,0.464824120603015,1.21425121079087,0.539071347678369,0.286638384899382,136.439871212106,0.441176470588235,1.64959012612412,839,152,0.326522781586459,273.952613751039,0.481525625744934,1.29233098406297,0.741935483870968,0.141732283464567,3.46751968503937,1762,1.20866141732283,614,1.85433070866142,942,82,4.76829268292683,70.5,-1.334,0.112038140643623,0.065554231227652,0.0464839094159714,0.747318235995232,0.303210781242498,0.534290271132376,1.13438160339891,0.252681764004768,0.395469122226381,118.638271905921,0.325471698113208,2.05918667279431,0.605482717520858,0.342693029870244,174.088059174084,0.509842519685039,1.12894514191454,0.382598331346841,0.369589632105674,118.638271905921,0.451713395638629,1.58417190210741,33,49.5,28,30,41,4,25.5,59,13,64,7,35,4,13,46,28,115,118,81,64,93,87,46,42,8,87,15,25,10,103,5,12,38,3,33,65,50,46,43,75,79,133,134,131,79,82,108,128,133,112,133,126,133,119.5,131,74.5,70,132,133,121,133,134,130,113,133,104,91,105,69,134,133,134,129,120,1,117,117,68,57.5,-11.3,2.858,111,105.5,33,"AAC",-4.5,-3.5,-1,0.55,0.4926,0.6927,0.475,0.3928,0.61,0.697,0.4514,0.573,0.7568,102,93,73,96,82,76,113,111,80,61,111,88,50,23.0779363336992,34.609425455293,13.5,257.5,5,4.8,3.31,178.5,187.5,"http://a.espncdn.com/i/teamlogos/ncaa/500/249.png","#00853D","#000000","Mean Green",NA,NA,NA,NA,NA,NA,NA,NA,NA,NA,NA,NA,NA,NA,NA,NA,0.417,0.667,0.5,89.5,14.5,71
"151",151,2023,"North Texas","American Athletic",883,154,0.275452135233281,243.224235410987,0.447338618346546,1.44569721641108,0.782608695652174,0.160804020100503,3.38869346733668,1349,1.37437185929648,547,2.05276381909548,817,79,4.41772151898734,72.4,1.212,0.168742921857305,0.101925254813137,0.0668176670441676,0.672706681766704,0.172437829789146,0.496632996632997,1.15471324735009,0.327293318233296,0.487183960263788,0.346020761245675,2.30409992514101,0.450736126840317,0.304399162075335,121.150866505983,0.464824120603015,1.21425121079087,0.539071347678369,0.286638384899382,136.439871212106,0.441176470588235,1.64959012612412,839,152,0.326522781586459,273.952613751039,0.481525625744934,1.29233098406297,0.741935483870968,0.141732283464567,3.46751968503937,1762,1.20866141732283,614,1.85433070866142,942,82,4.76829268292683,70.5,-1.334,0.112038140643623,0.065554231227652,0.0464839094159714,0.747318235995232,0.303210781242498,0.534290271132376,1.13438160339891,0.252681764004768,0.395469122226381,118.638271905921,0.325471698113208,2.05918667279431,0.605482717520858,0.342693029870244,174.088059174084,0.509842519685039,1.12894514191454,0.382598331346841,0.369589632105674,118.638271905921,0.451713395638629,1.58417190210741,33,49.5,28,30,41,4,25.5,59,13,64,7,35,4,13,46,28,115,118,81,64,93,87,46,42,8,87,15,25,10,103,5,12,38,3,33,65,50,46,43,75,79,133,134,131,79,82,108,128,133,112,133,126,133,119.5,131,74.5,70,132,133,121,133,134,130,113,133,104,91,105,69,134,133,134,129,120,1,117,117,68,57.5,-11.3,2.858,111,105.5,33,"AAC",-4.5,-3.5,-1,0.55,0.4926,0.6927,0.475,0.3928,0.61,0.697,0.4514,0.573,0.7568,102,93,73,96,82,76,113,111,80,61,111,88,50,23.0779363336992,34.609425455293,13.5,257.5,5,4.8,3.31,178.5,187.5,"http://a.espncdn.com/i/teamlogos/ncaa/500/249.png","#00853D","#000000","Mean Green",NA,NA,NA,NA,NA,NA,NA,NA,NA,NA,NA,NA,NA,NA,NA,NA,0.417,0.667,0.5,89.5,14.5,71
"152",152,2023,"Northwestern","Big Ten",838,160,0.0911848390455528,76.4128951201732,0.391408114558473,1.15898299090775,0.690909090909091,0.215880893300248,2.66451612903226,1074,0.90818858560794,366,0.679900744416873,274,63,4.11111111111111,70.3,1.349,0.168257756563246,0.116945107398568,0.0513126491646778,0.658711217183771,-0.0376802619206111,0.445652173913043,0.817071698027256,0.341288782816229,0.339903495455771,0.286713286713287,2.18471686954924,0.48090692124105,0.0577960751072006,23.2918182682019,0.401985111662531,0.823288566789138,0.511933174224344,0.151081044263603,64.8137679890857,0.386946386946387,1.48658839275845,854,150,0.132437775075627,113.101859914586,0.428571428571429,1.13325044852081,0.691358024691358,0.157782515991471,3.10788912579957,1458,0.980810234541578,460,1.14498933901919,537,71,3.64788732394366,69.5,-1.456,0.151053864168618,0.0971896955503513,0.053864168618267,0.714285714285714,0.0729951363639614,0.473770491803279,0.954564026878211,0.285714285714286,0.281044371854791,81.9862456965664,0.315573770491803,1.80390468040019,0.549180327868853,0.0915434759871087,42.933890237954,0.430703624733475,0.919049557162649,0.440281030444965,0.218048525788741,81.9862456965664,0.436170212765957,1.39708325373026,61,32,115,114,106,122,103,128,127,107,122,108,129,126,98.5,48,58.5,73,79,99,30,107,131,108,134,107,59,85,29,90,117,115,105,130,42,107,101,97,106,86.5,68.5,39,45,83.5,6,46,84,77,114,34,79.5,60,79,69.5,56.5,96.5,36,101,82,103,124,45,70,14,124,57,38,94,11,120,42,51,74,32,16,46,102,6,75,-2.8,2.132,51,75,85,"B1G",-1,-3,2,0.58,0.3102,0.6865,0.7447,0.768,0.76,0.6749,0.928,0.7119,0.6667,68,89,45,92,96,78,62,77,53,67,20,60,66,26.3541912632822,20.8944312714474,107.5,55.5,4.04,5.57,3.12,148.5,221.5,"http://a.espncdn.com/i/teamlogos/ncaa/500/77.png","#372286","#d6cac1","Wildcats",NA,NA,NA,NA,NA,NA,NA,NA,NA,NA,NA,NA,NA,NA,NA,NA,0.615,0.692,0.462,47,9.5,88.5
"153",153,2023,"Northwestern","Big Ten",838,160,0.0911848390455528,76.4128951201732,0.391408114558473,1.15898299090775,0.690909090909091,0.215880893300248,2.66451612903226,1074,0.90818858560794,366,0.679900744416873,274,63,4.11111111111111,70.3,1.349,0.168257756563246,0.116945107398568,0.0513126491646778,0.658711217183771,-0.0376802619206111,0.445652173913043,0.817071698027256,0.341288782816229,0.339903495455771,0.286713286713287,2.18471686954924,0.48090692124105,0.0577960751072006,23.2918182682019,0.401985111662531,0.823288566789138,0.511933174224344,0.151081044263603,64.8137679890857,0.386946386946387,1.48658839275845,854,150,0.132437775075627,113.101859914586,0.428571428571429,1.13325044852081,0.691358024691358,0.157782515991471,3.10788912579957,1458,0.980810234541578,460,1.14498933901919,537,71,3.64788732394366,69.5,-1.456,0.151053864168618,0.0971896955503513,0.053864168618267,0.714285714285714,0.0729951363639614,0.473770491803279,0.954564026878211,0.285714285714286,0.281044371854791,81.9862456965664,0.315573770491803,1.80390468040019,0.549180327868853,0.0915434759871087,42.933890237954,0.430703624733475,0.919049557162649,0.440281030444965,0.218048525788741,81.9862456965664,0.436170212765957,1.39708325373026,61,32,115,114,106,122,103,128,127,107,122,108,129,126,98.5,48,58.5,73,79,99,30,107,131,108,134,107,59,85,29,90,117,115,105,130,42,107,101,97,106,86.5,68.5,39,45,83.5,6,46,84,77,114,34,79.5,60,79,69.5,56.5,96.5,36,101,82,103,124,45,70,14,124,57,38,94,11,120,42,51,74,32,16,46,102,6,75,-2.8,2.132,51,75,85,"B1G",-1,-3,2,0.58,0.3102,0.6865,0.7447,0.768,0.76,0.6749,0.928,0.7119,0.6667,68,89,45,92,96,78,62,77,53,67,20,60,66,26.3541912632822,20.8944312714474,107.5,55.5,4.04,5.57,3.12,148.5,221.5,"http://a.espncdn.com/i/teamlogos/ncaa/500/77.png","#372286","#d6cac1","Wildcats",NA,NA,NA,NA,NA,NA,NA,NA,NA,NA,NA,NA,NA,NA,NA,NA,0.615,0.692,0.462,47,9.5,88.5
"154",154,2023,"Notre Dame","FBS Independents",802,151,0.351053702708647,281.545069572335,0.49501246882793,1.32832341092125,0.711864406779661,0.150684931506849,3.33287671232877,1460,1.27625570776256,559,1.63013698630137,714,84,4.86904761904762,70.3,1.404,0.124688279301746,0.0798004987531172,0.0448877805486284,0.738154613466334,0.278346510458773,0.538851351351351,1.13481451439879,0.261845386533666,0.55601873990829,0.371428571428571,2.11972518003235,0.546134663341646,0.214314994244712,93.8699674791838,0.506849315068493,0.952682156506518,0.451371571072319,0.539529672769517,195.309741542565,0.483425414364641,1.80485117366451,799,155,0.00385953151703834,3.08376568211364,0.340425531914894,1.278603471509,0.722222222222222,0.209476309226933,2.72394014962594,1092,0.890274314214464,357,1.00997506234414,405,60,2.96666666666667,69.1,-1.414,0.192740926157697,0.117647058823529,0.0750938673341677,0.645807259073842,-0.0828744714206667,0.391472868217054,1.04680886368952,0.354192740926158,0.162003508604868,11.4868371838689,0.247349823321555,1.94749648264522,0.501877346683354,0.0302286227586569,12.1216777262214,0.356608478802993,1.03070107752565,0.485607008760951,0.0296052504738889,11.4868371838689,0.332474226804124,1.55341000127349,85.5,63,7,9,8,35,91.5,45,24,42,21,28,22,29,34,8,58.5,55.5,10,20,14,7,9,8,16,7,8,13,43,34,32,35,9,95,97,5,14,13,12,48,86.5,3,3,4,68,63.5,19,15,24,13,19,42,34.5,18.5,12,104.5,43,23,32,26,21,2,4,71,21,13,3,12,39,60,17,18,9,89,70,3,3,52,89,23.4,3.242,12,9,15,"IND",-2.5,0,-2.5,0.77,0.5037,1,0.7365,1,0.54,0.5335,0.4942,0.5394,0.617,85,47,102,50,81,3,63,4,101,103,105,100,79,29.5420792079208,28.5542012423349,226.5,201.5,10.75,10.13,0,15.5,9.5,"http://a.espncdn.com/i/teamlogos/ncaa/500/87.png","#00122b","#ae9142","Fighting Irish",NA,NA,NA,NA,NA,NA,NA,NA,NA,NA,NA,NA,NA,NA,NA,NA,0.769,0.75,0.692,21,5,14.5
"155",155,2023,"Notre Dame","FBS Independents",802,151,0.351053702708647,281.545069572335,0.49501246882793,1.32832341092125,0.711864406779661,0.150684931506849,3.33287671232877,1460,1.27625570776256,559,1.63013698630137,714,84,4.86904761904762,70.3,1.404,0.124688279301746,0.0798004987531172,0.0448877805486284,0.738154613466334,0.278346510458773,0.538851351351351,1.13481451439879,0.261845386533666,0.55601873990829,0.371428571428571,2.11972518003235,0.546134663341646,0.214314994244712,93.8699674791838,0.506849315068493,0.952682156506518,0.451371571072319,0.539529672769517,195.309741542565,0.483425414364641,1.80485117366451,799,155,0.00385953151703834,3.08376568211364,0.340425531914894,1.278603471509,0.722222222222222,0.209476309226933,2.72394014962594,1092,0.890274314214464,357,1.00997506234414,405,60,2.96666666666667,69.1,-1.414,0.192740926157697,0.117647058823529,0.0750938673341677,0.645807259073842,-0.0828744714206667,0.391472868217054,1.04680886368952,0.354192740926158,0.162003508604868,11.4868371838689,0.247349823321555,1.94749648264522,0.501877346683354,0.0302286227586569,12.1216777262214,0.356608478802993,1.03070107752565,0.485607008760951,0.0296052504738889,11.4868371838689,0.332474226804124,1.55341000127349,85.5,63,7,9,8,35,91.5,45,24,42,21,28,22,29,34,8,58.5,55.5,10,20,14,7,9,8,16,7,8,13,43,34,32,35,9,95,97,5,14,13,12,48,86.5,3,3,4,68,63.5,19,15,24,13,19,42,34.5,18.5,12,104.5,43,23,32,26,21,2,4,71,21,13,3,12,39,60,17,18,9,89,70,3,3,52,89,23.4,3.242,12,9,15,"IND",-2.5,0,-2.5,0.77,0.5037,1,0.7365,1,0.54,0.5335,0.4942,0.5394,0.617,85,47,102,50,81,3,63,4,101,103,105,100,79,29.5420792079208,28.5542012423349,226.5,201.5,10.75,10.13,0,15.5,9.5,"http://a.espncdn.com/i/teamlogos/ncaa/500/87.png","#00122b","#ae9142","Fighting Irish",NA,NA,NA,NA,NA,NA,NA,NA,NA,NA,NA,NA,NA,NA,NA,NA,0.769,0.75,0.692,21,5,14.5
"156",156,2023,"Ohio","Mid-American",860,137,0.17423668782608,149.843551530428,0.45,1.11204606299362,0.712328767123288,0.174946004319654,3.01144708423326,1394,0.958963282937365,444,0.747300215982721,346,79,3.60759493670886,68.8,1.448,0.148837209302326,0.086046511627907,0.0627906976744186,0.703488372093023,0.115990883712995,0.494214876033058,0.940058930220505,0.296511627906977,0.312427713270848,0.345098039215686,1.69641143457498,0.538372093023256,0.0951999505704357,44.0775771141117,0.436285097192225,0.811744875757064,0.452325581395349,0.316075518946147,122.953376870051,0.475578406169666,1.43994249446271,731,142,0.0344997613528217,25.2193255489127,0.354309165526676,1.29514117727172,0.695652173913043,0.221884498480243,2.59544072948328,854,0.893617021276596,294,1.41337386018237,465,56,2.44642857142857,70.1,-1.389,0.205198358413133,0.150478796169631,0.0547195622435021,0.638850889192886,-0.0636604350748269,0.417558886509636,1.08962603037866,0.361149110807114,0.208139199730518,54.5529184329487,0.242424242424242,1.92132014046155,0.450068399452804,-0.0357088552744521,-11.7482133852948,0.358662613981763,1.0606538667834,0.534883720930233,0.13952153051905,54.5529184329487,0.360613810741688,1.49137878463075,48.5,119,74,73,37,129,89,76,91,56,111,81,124,111.5,46,92,23,35,44,34,79,27,71,45,125,27,71,27,133,43,99,94,65,132,96,49,58,17,123,12,29.5,8,7,12,81,53,14,8,5,15,7,94,60,8.5,1,88.5,52,8,4,98,11,4,12,98,11,27,14,7,29,14,5,6,13,101,118,14,15,34,56.5,-12,2.9,114,107,29,"MAC",-12,-7,-5,0.25,0.0701,0.1598,0.5237,0.431,0.32,0.3486,0.2488,0.3101,0.4242,133,133,127,132,114,132,104,105,128,125,128,127,110,30.0218894009217,22.3953549465742,240.5,85.5,6.21,6.25,4.67,122.5,132.5,"http://a.espncdn.com/i/teamlogos/ncaa/500/195.png","#295A29","#e4bb85","Bobcats",NA,NA,NA,NA,NA,NA,NA,NA,NA,NA,NA,NA,NA,NA,NA,NA,0.769,0.539,0.333,21,50,125.5
"157",157,2023,"Ohio","Mid-American",860,137,0.17423668782608,149.843551530428,0.45,1.11204606299362,0.712328767123288,0.174946004319654,3.01144708423326,1394,0.958963282937365,444,0.747300215982721,346,79,3.60759493670886,68.8,1.448,0.148837209302326,0.086046511627907,0.0627906976744186,0.703488372093023,0.115990883712995,0.494214876033058,0.940058930220505,0.296511627906977,0.312427713270848,0.345098039215686,1.69641143457498,0.538372093023256,0.0951999505704357,44.0775771141117,0.436285097192225,0.811744875757064,0.452325581395349,0.316075518946147,122.953376870051,0.475578406169666,1.43994249446271,731,142,0.0344997613528217,25.2193255489127,0.354309165526676,1.29514117727172,0.695652173913043,0.221884498480243,2.59544072948328,854,0.893617021276596,294,1.41337386018237,465,56,2.44642857142857,70.1,-1.389,0.205198358413133,0.150478796169631,0.0547195622435021,0.638850889192886,-0.0636604350748269,0.417558886509636,1.08962603037866,0.361149110807114,0.208139199730518,54.5529184329487,0.242424242424242,1.92132014046155,0.450068399452804,-0.0357088552744521,-11.7482133852948,0.358662613981763,1.0606538667834,0.534883720930233,0.13952153051905,54.5529184329487,0.360613810741688,1.49137878463075,48.5,119,74,73,37,129,89,76,91,56,111,81,124,111.5,46,92,23,35,44,34,79,27,71,45,125,27,71,27,133,43,99,94,65,132,96,49,58,17,123,12,29.5,8,7,12,81,53,14,8,5,15,7,94,60,8.5,1,88.5,52,8,4,98,11,4,12,98,11,27,14,7,29,14,5,6,13,101,118,14,15,34,56.5,-12,2.9,114,107,29,"MAC",-12,-7,-5,0.25,0.0701,0.1598,0.5237,0.431,0.32,0.3486,0.2488,0.3101,0.4242,133,133,127,132,114,132,104,105,128,125,128,127,110,30.0218894009217,22.3953549465742,240.5,85.5,6.21,6.25,4.67,122.5,132.5,"http://a.espncdn.com/i/teamlogos/ncaa/500/195.png","#295A29","#e4bb85","Bobcats",NA,NA,NA,NA,NA,NA,NA,NA,NA,NA,NA,NA,NA,NA,NA,NA,0.769,0.539,0.333,21,50,125.5
"158",158,2023,"Ohio State","Big Ten",825,144,0.298531948005685,246.288857104691,0.459393939393939,1.25528157847747,0.78,0.143203883495146,3.19538834951456,1317,0.990291262135922,408,1.10194174757282,454,78,4.20512820512821,71.2,1.355,0.153939393939394,0.0860606060606061,0.0678787878787879,0.717575757575758,0.264056352760217,0.515202702702703,1.09515844167893,0.282424242424242,0.386126593436231,0.317596566523605,1.91524856122819,0.499393939393939,0.13835196301389,57.0010087617225,0.439320388349515,0.825712386956388,0.494545454545455,0.49999774683248,203.999080707652,0.485294117647059,1.64796856668613,821,150,0.00828018401863078,6.79803107929587,0.35809987819732,1.12050206323194,0.603448275862069,0.154394299287411,3.0021377672209,1264,0.866983372921615,365,0.741092636579572,312,52,2.69230769230769,74.2,-1.113,0.164433617539586,0.0986601705237515,0.0657734470158343,0.679658952496955,-0.028619365388416,0.408602150537634,0.931609809283194,0.320341047503045,0.0865689618480304,-3.37679407956356,0.250950570342205,1.77303894050941,0.51278928136419,0.0390387122038844,16.4352978378353,0.358669833729216,0.956551865707297,0.483556638246041,-0.00850577853794348,-3.37679407956356,0.360201511335013,1.29362429977894,69.5,99.5,13,23,28,85,30,36,55,67,99,90,92,86,50,36.5,93,70,50,35,100,15,11,28,36,15,47,60,114,78,75,78,59,129,57,9,13,11,44,61,68.5,4,4,14,5,8,91,51,64,10,21,14,16,6,4,7.5,125,68,79,53,67,9,8,10,67,3,1,16,8,78,21,20,14,48,66,1,14,1,99,30.8,2.984,2,2,24,"B1G",1,-2.5,3.5,0.62,0.0938,0.7902,0.9701,1,0.83,0.7947,0.8908,0.7903,0.7941,46,80,23,82,108,55,15,4,31,39,25,42,45,27.61853188929,28.0181990385554,158.5,189.5,10.76,10.67,7.95,7.5,7.5,"http://a.espncdn.com/i/teamlogos/ncaa/500/194.png","#DE3121","#666666","Buckeyes",NA,NA,NA,NA,NA,NA,NA,NA,NA,NA,NA,NA,NA,NA,NA,NA,NA,NA,NA,NA,NA,NA
"159",159,2023,"Ohio State","Big Ten",825,144,0.298531948005685,246.288857104691,0.459393939393939,1.25528157847747,0.78,0.143203883495146,3.19538834951456,1317,0.990291262135922,408,1.10194174757282,454,78,4.20512820512821,71.2,1.355,0.153939393939394,0.0860606060606061,0.0678787878787879,0.717575757575758,0.264056352760217,0.515202702702703,1.09515844167893,0.282424242424242,0.386126593436231,0.317596566523605,1.91524856122819,0.499393939393939,0.13835196301389,57.0010087617225,0.439320388349515,0.825712386956388,0.494545454545455,0.49999774683248,203.999080707652,0.485294117647059,1.64796856668613,821,150,0.00828018401863078,6.79803107929587,0.35809987819732,1.12050206323194,0.603448275862069,0.154394299287411,3.0021377672209,1264,0.866983372921615,365,0.741092636579572,312,52,2.69230769230769,74.2,-1.113,0.164433617539586,0.0986601705237515,0.0657734470158343,0.679658952496955,-0.028619365388416,0.408602150537634,0.931609809283194,0.320341047503045,0.0865689618480304,-3.37679407956356,0.250950570342205,1.77303894050941,0.51278928136419,0.0390387122038844,16.4352978378353,0.358669833729216,0.956551865707297,0.483556638246041,-0.00850577853794348,-3.37679407956356,0.360201511335013,1.29362429977894,69.5,99.5,13,23,28,85,30,36,55,67,99,90,92,86,50,36.5,93,70,50,35,100,15,11,28,36,15,47,60,114,78,75,78,59,129,57,9,13,11,44,61,68.5,4,4,14,5,8,91,51,64,10,21,14,16,6,4,7.5,125,68,79,53,67,9,8,10,67,3,1,16,8,78,21,20,14,48,66,1,14,1,99,30.8,2.984,2,2,24,"B1G",1,-2.5,3.5,0.62,0.0938,0.7902,0.9701,1,0.83,0.7947,0.8908,0.7903,0.7941,46,80,23,82,108,55,15,4,31,39,25,42,45,27.61853188929,28.0181990385554,158.5,189.5,10.76,10.67,7.95,7.5,7.5,"http://a.espncdn.com/i/teamlogos/ncaa/500/194.png","#DE3121","#666666","Buckeyes",NA,NA,NA,NA,NA,NA,NA,NA,NA,NA,NA,NA,NA,NA,NA,NA,NA,NA,NA,NA,NA,NA
"160",160,2023,"Oklahoma","SEC",934,157,0.342990592172926,320.353213089513,0.495717344753747,1.31217089233241,0.842857142857143,0.185416666666667,3.06958333333333,1473,1.15,552,1.33958333333333,643,93,4.55913978494624,70.8,1.344,0.139186295503212,0.0835117773019272,0.0556745182012848,0.710920770877944,0.289240233163414,0.545180722891566,1.08185069404456,0.289079229122056,0.475176660255579,0.374074074074074,2.13767496936413,0.513918629550321,0.167632114645544,80.463415029861,0.472916666666667,0.967179768153193,0.482869379014989,0.549224508140407,247.700253171324,0.523281596452328,1.64400557533531,909,161,0.0873508891738295,79.401958259011,0.37953795379538,1.40588209289108,0.535714285714286,0.265882352941176,2.60047058823529,1105,1.08470588235294,461,1.20235294117647,511,74,3.36486486486486,72.1,-1.221,0.187018701870187,0.116611661166117,0.0704070407040704,0.641364136413641,-0.0279434393186574,0.425385934819897,1.07933460445341,0.358635863586359,0.293536758839841,81.2286089231885,0.297546012269939,2.24076639322657,0.467546754675468,0.0323941676997819,13.7675212724073,0.381176470588235,1.04044554133585,0.524752475247525,0.17029058474463,81.2286089231885,0.383647798742138,1.72938330246457,16.5,40.5,8,6,7,50,2,97,77,40,51,30,60,45,9,17,78.5,77,22,29,43,20,6,7,41,20,21,12,40,62,56,44,30,88,66,4,3,6,45,116,106,18,21,30,122,1,1,10,25,65,81,66,74,87.5,29,42.5,99,27,34,41,14,10,17.5,92,14,64,36,64,121,25,19,19,30,93,111,23,29,116,89.5,19.8,3.25,11,13,13,"SEC",1.5,-3.5,5,0.54,0.1322,0.8868,0.6319,0.5057,0.9,0.8755,0.9104,0.9161,0.9091,39,93,1,100,105,39,88,101,18,24,23,19,23,23.2741273100616,37.1198246781929,17.5,265.5,7.68,7.91,4.05,80.5,82.5,"http://a.espncdn.com/i/teamlogos/ncaa/500/201.png","#7b0000","#cccccc","Sooners",NA,NA,NA,NA,NA,NA,NA,NA,NA,NA,NA,NA,NA,NA,NA,NA,0.769,0.615,0.615,21,27.5,29.5
"161",161,2023,"Oklahoma","SEC",934,157,0.342990592172926,320.353213089513,0.495717344753747,1.31217089233241,0.842857142857143,0.185416666666667,3.06958333333333,1473,1.15,552,1.33958333333333,643,93,4.55913978494624,70.8,1.344,0.139186295503212,0.0835117773019272,0.0556745182012848,0.710920770877944,0.289240233163414,0.545180722891566,1.08185069404456,0.289079229122056,0.475176660255579,0.374074074074074,2.13767496936413,0.513918629550321,0.167632114645544,80.463415029861,0.472916666666667,0.967179768153193,0.482869379014989,0.549224508140407,247.700253171324,0.523281596452328,1.64400557533531,909,161,0.0873508891738295,79.401958259011,0.37953795379538,1.40588209289108,0.535714285714286,0.265882352941176,2.60047058823529,1105,1.08470588235294,461,1.20235294117647,511,74,3.36486486486486,72.1,-1.221,0.187018701870187,0.116611661166117,0.0704070407040704,0.641364136413641,-0.0279434393186574,0.425385934819897,1.07933460445341,0.358635863586359,0.293536758839841,81.2286089231885,0.297546012269939,2.24076639322657,0.467546754675468,0.0323941676997819,13.7675212724073,0.381176470588235,1.04044554133585,0.524752475247525,0.17029058474463,81.2286089231885,0.383647798742138,1.72938330246457,16.5,40.5,8,6,7,50,2,97,77,40,51,30,60,45,9,17,78.5,77,22,29,43,20,6,7,41,20,21,12,40,62,56,44,30,88,66,4,3,6,45,116,106,18,21,30,122,1,1,10,25,65,81,66,74,87.5,29,42.5,99,27,34,41,14,10,17.5,92,14,64,36,64,121,25,19,19,30,93,111,23,29,116,89.5,19.8,3.25,11,13,13,"SEC",1.5,-3.5,5,0.54,0.1322,0.8868,0.6319,0.5057,0.9,0.8755,0.9104,0.9161,0.9091,39,93,1,100,105,39,88,101,18,24,23,19,23,23.2741273100616,37.1198246781929,17.5,265.5,7.68,7.91,4.05,80.5,82.5,"http://a.espncdn.com/i/teamlogos/ncaa/500/201.png","#7b0000","#cccccc","Sooners",NA,NA,NA,NA,NA,NA,NA,NA,NA,NA,NA,NA,NA,NA,NA,NA,0.769,0.615,0.615,21,27.5,29.5
"162",162,2023,"Oklahoma State","Big 12",1002,183,0.183131449066734,183.497711964867,0.432135728542914,1.30490195744759,0.661764705882353,0.197183098591549,2.87746478873239,1226,1.03286384976526,440,1.83098591549296,780,92,3.92391304347826,69.8,1.422,0.143712574850299,0.0708582834331337,0.0728542914171657,0.682634730538922,0.118965487781163,0.473684210526316,1.10814851067519,0.317365269461078,0.321148799756452,0.342767295597484,1.88974706528482,0.425149700598802,0.137973822266261,58.776848285427,0.427230046948357,1.07521658527537,0.564870259481038,0.259495425331009,146.874410737351,0.443462897526502,1.47144672930156,937,181,0.257734050028374,241.496804876586,0.402347918890075,1.50442403181285,0.709090909090909,0.1995841995842,2.98378378378378,1435,1.18087318087318,568,1.53638253638254,739,74,4.21621621621622,74.6,-1.063,0.15795090715048,0.110992529348986,0.0469583778014941,0.635005336179296,0.224955342068399,0.465546218487395,1.25329238190204,0.364994663820704,0.314761334344704,178.530505352293,0.292397660818713,2.20005870206577,0.513340448239061,0.14671770447669,70.5712158532877,0.395010395010395,1.15366355574223,0.48239060832444,0.394978994142241,178.530505352293,0.413716814159292,1.86081168129636,2,1,70,53,53,57,115,107,111,83,88,82,12,19,12.5,63,48,44,31,10,110,67,69,69,30,67,66,31,118,119,76,74,71,24,15,74,38,44,111,128,133.5,117,129,46,130,57,26,47,106,101,124,109,119,87.5,108,3,130,84,45,120,8,123,59,131,8,76,130,58,115,80,78,95,36,123,61,121,68,131,86,14,2.828,21,20,35,"B12",6.5,3.5,3,0.91,1,0.7446,0.9888,1,0.81,0.89,0.6609,0.8058,0.8857,4,5,34,12,1,64,12,4,39,22,72,37,28,24.4926398429833,29.2168581506417,37.5,209.5,8.62,9.21,6.73,44.5,53.5,"http://a.espncdn.com/i/teamlogos/ncaa/500/197.png","#FF6500","#000000","Cowboys",NA,NA,NA,NA,NA,NA,NA,NA,NA,NA,NA,NA,NA,NA,NA,NA,0.714,0.571,0.5,26,40.5,71
"163",163,2023,"Oklahoma State","Big 12",1002,183,0.183131449066734,183.497711964867,0.432135728542914,1.30490195744759,0.661764705882353,0.197183098591549,2.87746478873239,1226,1.03286384976526,440,1.83098591549296,780,92,3.92391304347826,69.8,1.422,0.143712574850299,0.0708582834331337,0.0728542914171657,0.682634730538922,0.118965487781163,0.473684210526316,1.10814851067519,0.317365269461078,0.321148799756452,0.342767295597484,1.88974706528482,0.425149700598802,0.137973822266261,58.776848285427,0.427230046948357,1.07521658527537,0.564870259481038,0.259495425331009,146.874410737351,0.443462897526502,1.47144672930156,937,181,0.257734050028374,241.496804876586,0.402347918890075,1.50442403181285,0.709090909090909,0.1995841995842,2.98378378378378,1435,1.18087318087318,568,1.53638253638254,739,74,4.21621621621622,74.6,-1.063,0.15795090715048,0.110992529348986,0.0469583778014941,0.635005336179296,0.224955342068399,0.465546218487395,1.25329238190204,0.364994663820704,0.314761334344704,178.530505352293,0.292397660818713,2.20005870206577,0.513340448239061,0.14671770447669,70.5712158532877,0.395010395010395,1.15366355574223,0.48239060832444,0.394978994142241,178.530505352293,0.413716814159292,1.86081168129636,2,1,70,53,53,57,115,107,111,83,88,82,12,19,12.5,63,48,44,31,10,110,67,69,69,30,67,66,31,118,119,76,74,71,24,15,74,38,44,111,128,133.5,117,129,46,130,57,26,47,106,101,124,109,119,87.5,108,3,130,84,45,120,8,123,59,131,8,76,130,58,115,80,78,95,36,123,61,121,68,131,86,14,2.828,21,20,35,"B12",6.5,3.5,3,0.91,1,0.7446,0.9888,1,0.81,0.89,0.6609,0.8058,0.8857,4,5,34,12,1,64,12,4,39,22,72,37,28,24.4926398429833,29.2168581506417,37.5,209.5,8.62,9.21,6.73,44.5,53.5,"http://a.espncdn.com/i/teamlogos/ncaa/500/197.png","#FF6500","#000000","Cowboys",NA,NA,NA,NA,NA,NA,NA,NA,NA,NA,NA,NA,NA,NA,NA,NA,0.714,0.571,0.5,26,40.5,71
"164",164,2023,"Old Dominion","Sun Belt",827,166,0.117595602236352,97.2515630494633,0.379685610640871,1.4099680857745,0.619047619047619,0.198044009779951,3.02151589242054,1236,1.19070904645477,487,2.06356968215159,844,69,3.14492753623188,70.9,1.342,0.199516324062878,0.147521160822249,0.0519951632406288,0.64328899637243,0.0226476990990653,0.422932330827068,1.09150106114534,0.35671100362757,0.288823685182239,0.301694915254237,2.21508135028642,0.494558645707376,0.156061706616,63.8292380059438,0.400977995110024,1.18927564550632,0.494558645707376,0.137072694630947,56.0627321040574,0.366748166259169,1.65125848713439,960,165,0.117698196036887,112.990268195411,0.4375,1.11491754457087,0.694444444444444,0.184890656063618,2.82703777335984,1422,0.874751491053678,440,0.74155069582505,373,87,3.49425287356322,68.9,-1.514,0.166666666666667,0.105208333333333,0.0614583333333333,0.720833333333333,0.0675952912359822,0.489884393063584,0.884467562055526,0.279166666666667,0.247068383060118,134.638333394659,0.302238805970149,2.07939339732028,0.523958333333333,-0.015207363540085,-7.64930386066276,0.41948310139165,0.72343407778384,0.469791666666667,0.298532890010331,134.638333394659,0.463414634146341,1.51014726462859,67,16.5,109,105,112,8,125,109,89,80,43,55.5,3,8,75.5,118,83.5,81.5,121,132,32,124,118,125,37,124,82,71,25,80,67,68,107,4,56,111,106,109,42,132,114,29,44,97,4,51,48,25,104,12,62.5,15,30,129,45,107,23,60.5,62,71,128,42,96,4,128,40,110,73,77,96,11,10,56,1,42,92,125,41,62.5,-13.1,1.668,94,111,113,"SUN",0,2,-2,0.84,1,0.7124,0.8114,0.7564,0.56,0.4853,0.8025,0.5646,0.25,59,19,92,31,1,71,46,80,97,113,42,92,128,23.1832335329341,24.1771181184071,15.5,113.5,3.48,4.49,3.29,197.5,240.5,"http://a.espncdn.com/i/teamlogos/ncaa/500/295.png","#00507d","#a1d2f1","Monarchs",NA,NA,NA,NA,NA,NA,NA,NA,NA,NA,NA,NA,NA,NA,NA,NA,0.462,0.539,0.462,77,50,88.5
"165",165,2023,"Old Dominion","Sun Belt",827,166,0.117595602236352,97.2515630494633,0.379685610640871,1.4099680857745,0.619047619047619,0.198044009779951,3.02151589242054,1236,1.19070904645477,487,2.06356968215159,844,69,3.14492753623188,70.9,1.342,0.199516324062878,0.147521160822249,0.0519951632406288,0.64328899637243,0.0226476990990653,0.422932330827068,1.09150106114534,0.35671100362757,0.288823685182239,0.301694915254237,2.21508135028642,0.494558645707376,0.156061706616,63.8292380059438,0.400977995110024,1.18927564550632,0.494558645707376,0.137072694630947,56.0627321040574,0.366748166259169,1.65125848713439,960,165,0.117698196036887,112.990268195411,0.4375,1.11491754457087,0.694444444444444,0.184890656063618,2.82703777335984,1422,0.874751491053678,440,0.74155069582505,373,87,3.49425287356322,68.9,-1.514,0.166666666666667,0.105208333333333,0.0614583333333333,0.720833333333333,0.0675952912359822,0.489884393063584,0.884467562055526,0.279166666666667,0.247068383060118,134.638333394659,0.302238805970149,2.07939339732028,0.523958333333333,-0.015207363540085,-7.64930386066276,0.41948310139165,0.72343407778384,0.469791666666667,0.298532890010331,134.638333394659,0.463414634146341,1.51014726462859,67,16.5,109,105,112,8,125,109,89,80,43,55.5,3,8,75.5,118,83.5,81.5,121,132,32,124,118,125,37,124,82,71,25,80,67,68,107,4,56,111,106,109,42,132,114,29,44,97,4,51,48,25,104,12,62.5,15,30,129,45,107,23,60.5,62,71,128,42,96,4,128,40,110,73,77,96,11,10,56,1,42,92,125,41,62.5,-13.1,1.668,94,111,113,"SUN",0,2,-2,0.84,1,0.7124,0.8114,0.7564,0.56,0.4853,0.8025,0.5646,0.25,59,19,92,31,1,71,46,80,97,113,42,92,128,23.1832335329341,24.1771181184071,15.5,113.5,3.48,4.49,3.29,197.5,240.5,"http://a.espncdn.com/i/teamlogos/ncaa/500/295.png","#00507d","#a1d2f1","Monarchs",NA,NA,NA,NA,NA,NA,NA,NA,NA,NA,NA,NA,NA,NA,NA,NA,0.462,0.539,0.462,77,50,88.5
"166",166,2023,"Ole Miss","SEC",864,145,0.289375586510721,250.020506745263,0.449074074074074,1.37440763509549,0.733333333333333,0.213675213675214,2.90769230769231,1361,1.25,585,0.912393162393162,427,79,4.72151898734177,70.9,1.307,0.167824074074074,0.116898148148148,0.0509259259259259,0.68287037037037,0.201925315842997,0.5,1.11288139885269,0.31712962962963,0.47768091386093,0.339416058394161,2.20398010489791,0.541666666666667,0.154164687141492,72.1490735822181,0.442307692307692,1.02200310974024,0.453703703703704,0.482207233770129,189.025235637891,0.461734693877551,1.7774338049769,811,144,0.14642881955968,118.7537726629,0.414303329223181,1.2530391447105,0.836363636363636,0.144578313253012,3.20674698795181,1331,1.15903614457831,481,1.23132530120482,511,64,3.640625,73.1,-1.154,0.19482120838471,0.11960542540074,0.0752157829839704,0.680641183723798,0.149096303347846,0.48731884057971,1.07700676852103,0.319358816276202,0.14074368036637,79.1512826534878,0.258687258687259,1.95979599836675,0.511713933415536,0.139850621362657,58.0380078655027,0.440963855421687,0.962651050388962,0.477188655980271,0.204525278174387,79.1512826534878,0.395348837209302,1.60036608105588,42,94,19,20,40,14,76.5,125,105,63,29.5,22,113,94,46,12,83.5,96,76,98,29,66,29,36.5,25,66,19,34,26,40,68,59,55,54,93,13,15,28,15,55.5,38.5,52,50,64,51,122,105,97,83,93,88,70,74,35,55,22,119,19,27,25,71,94,91,91,71,5,34,21,41,75,71,72,88,49,54,38,45,79,91,24.7,2.424,9.5,8,71,"SEC",0.5,2.5,-2,0.87,0.9248,0.7422,1,0.7506,0.57,0.5315,0.7371,0.5884,0.3488,55,12,92,25,51,66,1,81,91,104,61,84,119,23.2852529601722,33.5073406401579,19.5,253.5,9.82,9.26,5.26,41.5,21.5,"http://a.espncdn.com/i/teamlogos/ncaa/500/145.png","#001148","#CE1126","Rebels",NA,NA,NA,NA,NA,NA,NA,NA,NA,NA,NA,NA,NA,NA,NA,NA,0.846,0.636,0.462,10.5,22,88.5
"167",167,2023,"Ole Miss","SEC",864,145,0.289375586510721,250.020506745263,0.449074074074074,1.37440763509549,0.733333333333333,0.213675213675214,2.90769230769231,1361,1.25,585,0.912393162393162,427,79,4.72151898734177,70.9,1.307,0.167824074074074,0.116898148148148,0.0509259259259259,0.68287037037037,0.201925315842997,0.5,1.11288139885269,0.31712962962963,0.47768091386093,0.339416058394161,2.20398010489791,0.541666666666667,0.154164687141492,72.1490735822181,0.442307692307692,1.02200310974024,0.453703703703704,0.482207233770129,189.025235637891,0.461734693877551,1.7774338049769,811,144,0.14642881955968,118.7537726629,0.414303329223181,1.2530391447105,0.836363636363636,0.144578313253012,3.20674698795181,1331,1.15903614457831,481,1.23132530120482,511,64,3.640625,73.1,-1.154,0.19482120838471,0.11960542540074,0.0752157829839704,0.680641183723798,0.149096303347846,0.48731884057971,1.07700676852103,0.319358816276202,0.14074368036637,79.1512826534878,0.258687258687259,1.95979599836675,0.511713933415536,0.139850621362657,58.0380078655027,0.440963855421687,0.962651050388962,0.477188655980271,0.204525278174387,79.1512826534878,0.395348837209302,1.60036608105588,42,94,19,20,40,14,76.5,125,105,63,29.5,22,113,94,46,12,83.5,96,76,98,29,66,29,36.5,25,66,19,34,26,40,68,59,55,54,93,13,15,28,15,55.5,38.5,52,50,64,51,122,105,97,83,93,88,70,74,35,55,22,119,19,27,25,71,94,91,91,71,5,34,21,41,75,71,72,88,49,54,38,45,79,91,24.7,2.424,9.5,8,71,"SEC",0.5,2.5,-2,0.87,0.9248,0.7422,1,0.7506,0.57,0.5315,0.7371,0.5884,0.3488,55,12,92,25,51,66,1,81,91,104,61,84,119,23.2852529601722,33.5073406401579,19.5,253.5,9.82,9.26,5.26,41.5,21.5,"http://a.espncdn.com/i/teamlogos/ncaa/500/145.png","#001148","#CE1126","Rebels",NA,NA,NA,NA,NA,NA,NA,NA,NA,NA,NA,NA,NA,NA,NA,NA,0.846,0.636,0.462,10.5,22,88.5
"168",168,2023,"Oregon","Big Ten",944,150,0.470023359612316,443.702051474027,0.563559322033898,1.26781457546919,0.8,0.146853146853147,3.5960372960373,1543,1.45454545454545,624,1.52913752913753,656,98,5.1530612244898,70.7,1.369,0.0889830508474576,0.0561440677966102,0.0328389830508475,0.753177966101695,0.392106674482188,0.607594936708861,1.08320374822237,0.246822033898305,0.707786291490091,0.429184549356223,2.06533334917544,0.454449152542373,0.32445068633046,139.189344435767,0.55011655011655,1.02017912700673,0.543432203389831,0.593802123281966,304.620489243649,0.576998050682261,1.46525364924332,887,153,0.0757488869726063,67.1892627447018,0.382187147688839,1.23399567877994,0.62962962962963,0.169398907103825,3.12677595628415,1144,0.950819672131147,348,0.866120218579235,317,69,3.28985507246377,74.3,-1.057,0.172491544532131,0.0935738444193912,0.0789177001127396,0.67869222096956,0.0147028093703086,0.435215946843854,1.03927232733247,0.32130777903044,0.204695338609741,44.6561380699165,0.270175438596491,1.89656084864015,0.412626832018038,0.106487741658327,38.9745134469477,0.404371584699454,0.964352880772034,0.579481397970688,0.0868796460504212,44.6561380699165,0.3715953307393,1.44293355367611,13,67.5,2,1,1,78,18,41,5,31,4,14.5,36,39.5,5,1,74,65,3,4,5,4,2,1,40,4,2,3,58,102,2,7,2,58,29,2,1,1,114,108,83,14,17,32,42,17.5,69,81,29,24,14,25,17,55.5,21,6,132,53,95,12,64,19,26,67,64,26,10,28,24,3,50,43,43,50,132,9,21,20,97.5,29,2.508,3,3,58,"B1G",1,-2.5,3.5,0.71,0.3476,1,0.7491,0.9615,0.93,1,0.6848,0.9299,1.2653,46,80,23,69,92,3,61,50,12,1,66,16,2,27.4185068349106,36.1360867411079,148.5,263.5,10.8,10.78,7.78,3.5,2.5,"http://a.espncdn.com/i/teamlogos/ncaa/500/2483.png","#044520","#fee123","Ducks",NA,NA,NA,NA,NA,NA,NA,NA,NA,NA,NA,NA,NA,NA,NA,NA,0.857,0.769,0.357,7,4,121.5
"169",169,2023,"Oregon","Big Ten",944,150,0.470023359612316,443.702051474027,0.563559322033898,1.26781457546919,0.8,0.146853146853147,3.5960372960373,1543,1.45454545454545,624,1.52913752913753,656,98,5.1530612244898,70.7,1.369,0.0889830508474576,0.0561440677966102,0.0328389830508475,0.753177966101695,0.392106674482188,0.607594936708861,1.08320374822237,0.246822033898305,0.707786291490091,0.429184549356223,2.06533334917544,0.454449152542373,0.32445068633046,139.189344435767,0.55011655011655,1.02017912700673,0.543432203389831,0.593802123281966,304.620489243649,0.576998050682261,1.46525364924332,887,153,0.0757488869726063,67.1892627447018,0.382187147688839,1.23399567877994,0.62962962962963,0.169398907103825,3.12677595628415,1144,0.950819672131147,348,0.866120218579235,317,69,3.28985507246377,74.3,-1.057,0.172491544532131,0.0935738444193912,0.0789177001127396,0.67869222096956,0.0147028093703086,0.435215946843854,1.03927232733247,0.32130777903044,0.204695338609741,44.6561380699165,0.270175438596491,1.89656084864015,0.412626832018038,0.106487741658327,38.9745134469477,0.404371584699454,0.964352880772034,0.579481397970688,0.0868796460504212,44.6561380699165,0.3715953307393,1.44293355367611,13,67.5,2,1,1,78,18,41,5,31,4,14.5,36,39.5,5,1,74,65,3,4,5,4,2,1,40,4,2,3,58,102,2,7,2,58,29,2,1,1,114,108,83,14,17,32,42,17.5,69,81,29,24,14,25,17,55.5,21,6,132,53,95,12,64,19,26,67,64,26,10,28,24,3,50,43,43,50,132,9,21,20,97.5,29,2.508,3,3,58,"B1G",1,-2.5,3.5,0.71,0.3476,1,0.7491,0.9615,0.93,1,0.6848,0.9299,1.2653,46,80,23,69,92,3,61,50,12,1,66,16,2,27.4185068349106,36.1360867411079,148.5,263.5,10.8,10.78,7.78,3.5,2.5,"http://a.espncdn.com/i/teamlogos/ncaa/500/2483.png","#044520","#fee123","Ducks",NA,NA,NA,NA,NA,NA,NA,NA,NA,NA,NA,NA,NA,NA,NA,NA,0.857,0.769,0.357,7,4,121.5
"170",170,2023,"Oregon State","Pac-12",816,142,0.305707403723375,249.457241438274,0.48406862745098,1.28309135662141,0.773584905660377,0.186157517899761,3.26634844868735,1369,1.31026252983294,549,1.39618138424821,585,77,4.77922077922078,70.5,1.392,0.154411764705882,0.0968137254901961,0.0575980392156863,0.6875,0.212286813866387,0.538324420677362,1.00991538626736,0.3125,0.511232701408748,0.364705882352941,2.17017891626574,0.513480392156863,0.231545836995053,97.017705700927,0.522673031026253,0.959633445467993,0.479166666666667,0.406006134453322,158.748398571249,0.450127877237852,1.68557591652253,827,143,0.137090304399836,113.373681738665,0.424425634824667,1.25914553906613,0.830188679245283,0.17983651226158,2.88010899182561,1057,1.0408719346049,382,0.956403269754768,351,73,3.42465753424658,69.7,-1.408,0.189842805320435,0.1136638452237,0.0761789600967352,0.672309552599758,0.049569949226361,0.467625899280576,1.00049151639384,0.327690447400242,0.316652361508516,109.901872094026,0.335793357933579,1.99815703241552,0.443772672309553,0.0813155937157206,29.8428228936694,0.449591280653951,0.874760922114494,0.544135429262394,0.244226382431169,109.901872094026,0.413333333333333,1.60013189281355,77.5,108,12,21,10,74,36,100,37,62,14,32.5,51,58,53.5,10,63,58,51,53,51,58,25,10,95,58,12,15,30,64,24,31,5,90,72,23,32,35,32,64,34,46,47,76,57,120,59,32,20,55,25,31,23,79.5,37,94.5,45,24,38,17,55,33,60,36,55,79,78,114,55,10,35,33,96,17,125,65,67,77,73,3.2,3.542,54.5,50,5,"MW",-10.5,-5.5,-5,0.37,0.0597,0.3736,0.7808,0.2393,0.2,0.22,0.1033,0.1407,0.4,128,121,127,125,118,116,50,121,131,132,132,132,114,29.04,27.0867688205128,208.5,167.5,8.13,7.61,0,94.5,68.5,"http://a.espncdn.com/i/teamlogos/ncaa/500/204.png","#c34500","#000000","Beavers",NA,NA,NA,NA,NA,NA,NA,NA,NA,NA,NA,NA,NA,NA,NA,NA,0.615,0.462,0.539,47,78.5,53
"171",171,2023,"Oregon State","Pac-12",816,142,0.305707403723375,249.457241438274,0.48406862745098,1.28309135662141,0.773584905660377,0.186157517899761,3.26634844868735,1369,1.31026252983294,549,1.39618138424821,585,77,4.77922077922078,70.5,1.392,0.154411764705882,0.0968137254901961,0.0575980392156863,0.6875,0.212286813866387,0.538324420677362,1.00991538626736,0.3125,0.511232701408748,0.364705882352941,2.17017891626574,0.513480392156863,0.231545836995053,97.017705700927,0.522673031026253,0.959633445467993,0.479166666666667,0.406006134453322,158.748398571249,0.450127877237852,1.68557591652253,827,143,0.137090304399836,113.373681738665,0.424425634824667,1.25914553906613,0.830188679245283,0.17983651226158,2.88010899182561,1057,1.0408719346049,382,0.956403269754768,351,73,3.42465753424658,69.7,-1.408,0.189842805320435,0.1136638452237,0.0761789600967352,0.672309552599758,0.049569949226361,0.467625899280576,1.00049151639384,0.327690447400242,0.316652361508516,109.901872094026,0.335793357933579,1.99815703241552,0.443772672309553,0.0813155937157206,29.8428228936694,0.449591280653951,0.874760922114494,0.544135429262394,0.244226382431169,109.901872094026,0.413333333333333,1.60013189281355,77.5,108,12,21,10,74,36,100,37,62,14,32.5,51,58,53.5,10,63,58,51,53,51,58,25,10,95,58,12,15,30,64,24,31,5,90,72,23,32,35,32,64,34,46,47,76,57,120,59,32,20,55,25,31,23,79.5,37,94.5,45,24,38,17,55,33,60,36,55,79,78,114,55,10,35,33,96,17,125,65,67,77,73,3.2,3.542,54.5,50,5,"MW",-10.5,-5.5,-5,0.37,0.0597,0.3736,0.7808,0.2393,0.2,0.22,0.1033,0.1407,0.4,128,121,127,125,118,116,50,121,131,132,132,132,114,29.04,27.0867688205128,208.5,167.5,8.13,7.61,0,94.5,68.5,"http://a.espncdn.com/i/teamlogos/ncaa/500/204.png","#c34500","#000000","Beavers",NA,NA,NA,NA,NA,NA,NA,NA,NA,NA,NA,NA,NA,NA,NA,NA,0.615,0.462,0.539,47,78.5,53
"172",172,2023,"Penn State","Big Ten",851,144,0.249687012597655,212.483647720604,0.461809635722679,1.12811267871444,0.758064516129032,0.10239651416122,3.44030501089325,1579,1.0718954248366,492,1.01307189542484,465,80,4.9625,66.6,1.65,0.119858989424207,0.072855464159812,0.0470035252643948,0.72737955346651,0.218488406574188,0.515347334410339,0.983939796051622,0.27262044653349,0.332928120910268,0.318965517241379,1.74961469992309,0.539365452408931,0.213266247162933,97.889207447786,0.492374727668845,0.883484546683755,0.459459459459459,0.292506405294713,114.370004470233,0.427109974424552,1.45916631846855,694,147,-0.0186209225012359,-12.9229202158577,0.315561959654179,1.33029263771834,0.7,0.259475218658892,2.21224489795918,759,0.749271137026239,257,0.702623906705539,241,44,3.09090909090909,72.6,-1.183,0.250720461095101,0.190201729106628,0.0605187319884726,0.612391930835735,-0.15093379212213,0.357647058823529,1.00044707548916,0.387608069164265,0.190423574111701,36.7787085806588,0.24907063197026,2.07859898785023,0.494236311239193,-0.0553276481388801,-18.9773833116359,0.306122448979592,0.965198739291471,0.489913544668588,0.108172672296055,36.7787085806588,0.335294117647059,1.66656333363783,52.5,99.5,39,38,25,128,54,2,10,24,75,52,103,84,42,5,5,7,9,12,16,9,23,27,113,9,61,57,127,42,34,29,16,118,86,62,62,58,116,5,49,1,1,1,99,54.5,2,1,2,5,2,12,7,2,15,30,110.5,1,1,76,2,1,2,35,2,18,8,14,76,53,2,2,3,51,77,11,4,97,96.5,26.1,3.408,5,6,7,"B1G",4.5,0.5,4,0.79,1,0.6464,0.6954,0.8797,0.85,0.8793,0.8059,0.8671,0.8276,16,37,18,42,1,82,73,65,26,23,41,28,39,27.3394396551724,28.2632674331493,144.5,197.5,10.8,10.76,7.93,5.5,2.5,"http://a.espncdn.com/i/teamlogos/ncaa/500/213.png","#00265D","#002e5c","Nittany Lions",NA,NA,NA,NA,NA,NA,NA,NA,NA,NA,NA,NA,NA,NA,NA,NA,NA,NA,NA,NA,NA,NA
"173",173,2023,"Penn State","Big Ten",851,144,0.249687012597655,212.483647720604,0.461809635722679,1.12811267871444,0.758064516129032,0.10239651416122,3.44030501089325,1579,1.0718954248366,492,1.01307189542484,465,80,4.9625,66.6,1.65,0.119858989424207,0.072855464159812,0.0470035252643948,0.72737955346651,0.218488406574188,0.515347334410339,0.983939796051622,0.27262044653349,0.332928120910268,0.318965517241379,1.74961469992309,0.539365452408931,0.213266247162933,97.889207447786,0.492374727668845,0.883484546683755,0.459459459459459,0.292506405294713,114.370004470233,0.427109974424552,1.45916631846855,694,147,-0.0186209225012359,-12.9229202158577,0.315561959654179,1.33029263771834,0.7,0.259475218658892,2.21224489795918,759,0.749271137026239,257,0.702623906705539,241,44,3.09090909090909,72.6,-1.183,0.250720461095101,0.190201729106628,0.0605187319884726,0.612391930835735,-0.15093379212213,0.357647058823529,1.00044707548916,0.387608069164265,0.190423574111701,36.7787085806588,0.24907063197026,2.07859898785023,0.494236311239193,-0.0553276481388801,-18.9773833116359,0.306122448979592,0.965198739291471,0.489913544668588,0.108172672296055,36.7787085806588,0.335294117647059,1.66656333363783,52.5,99.5,39,38,25,128,54,2,10,24,75,52,103,84,42,5,5,7,9,12,16,9,23,27,113,9,61,57,127,42,34,29,16,118,86,62,62,58,116,5,49,1,1,1,99,54.5,2,1,2,5,2,12,7,2,15,30,110.5,1,1,76,2,1,2,35,2,18,8,14,76,53,2,2,3,51,77,11,4,97,96.5,26.1,3.408,5,6,7,"B1G",4.5,0.5,4,0.79,1,0.6464,0.6954,0.8797,0.85,0.8793,0.8059,0.8671,0.8276,16,37,18,42,1,82,73,65,26,23,41,28,39,27.3394396551724,28.2632674331493,144.5,197.5,10.8,10.76,7.93,5.5,2.5,"http://a.espncdn.com/i/teamlogos/ncaa/500/213.png","#00265D","#002e5c","Nittany Lions",NA,NA,NA,NA,NA,NA,NA,NA,NA,NA,NA,NA,NA,NA,NA,NA,NA,NA,NA,NA,NA,NA
"174",174,2023,"Pittsburgh","ACC",702,145,0.0939451438493406,65.9494909822371,0.378917378917379,1.30892760560031,0.761904761904762,0.185185185185185,2.89969135802469,940,0.895061728395062,290,0.873456790123457,283,54,3.46296296296296,73.3,1.205,0.193732193732194,0.112535612535613,0.0811965811965812,0.65954415954416,0.0486001314396384,0.444924406047516,1.04107766189138,0.34045584045584,0.181789247387802,0.251046025104602,2.22854574566766,0.461538461538462,0.0350874019532144,11.3683182328415,0.41358024691358,0.868765235783768,0.528490028490028,0.192742516215942,71.5074735161145,0.355795148247978,1.75575910223226,793,144,0.123940067876688,98.2844738262137,0.394703656998739,1.32263232773572,0.622641509433962,0.213186813186813,2.90901098901099,1324,0.956043956043956,435,0.997802197802198,454,74,3.40540540540541,69.2,-1.457,0.17780580075662,0.121059268600252,0.0567465321563682,0.679697351828499,0.0455577091288023,0.437847866419295,1.03940754672285,0.320302648171501,0.290271136243265,96.7855353831954,0.303149606299213,2.1906978903206,0.573770491803279,0.038977590817386,17.7348038219106,0.382417582417582,0.986978543986728,0.417402269861286,0.292403430160711,96.7855353831954,0.419939577039275,1.74280325127762,131,94,114,117,113,53,49,96,107,120,124,129,118,123,128,97,122,120,111,89,121,105,109,110,73,105,108,119,22,99,124,123,89,122,35,93,95,117,17,43.5,38.5,32,33,38,95,16,17,36,82,26,60,39,54,87.5,34,101.5,34.5,45,22,89,69,30,31,68,69,62,61,76,114,129,20,21,31,65,6,88,75,118,66.5,-0.8,1.948,81,65.5,98,"ACC",-3,1.5,-4.5,0.82,1,0.5879,0.8211,1,0.38,0.4854,0.2956,0.4164,0.2609,91,24,122,37,1,96,42,4,123,112,124,122,127,27.7723463687151,20.5055428745505,168.5,51.5,5.15,3.9,1.79,230.5,168.5,"http://a.espncdn.com/i/teamlogos/ncaa/500/221.png","#003263","#231f20","Panthers",NA,NA,NA,NA,NA,NA,NA,NA,NA,NA,NA,NA,NA,NA,NA,NA,0.25,0.333,0.667,119.5,119,20
"175",175,2023,"Pittsburgh","ACC",702,145,0.0939451438493406,65.9494909822371,0.378917378917379,1.30892760560031,0.761904761904762,0.185185185185185,2.89969135802469,940,0.895061728395062,290,0.873456790123457,283,54,3.46296296296296,73.3,1.205,0.193732193732194,0.112535612535613,0.0811965811965812,0.65954415954416,0.0486001314396384,0.444924406047516,1.04107766189138,0.34045584045584,0.181789247387802,0.251046025104602,2.22854574566766,0.461538461538462,0.0350874019532144,11.3683182328415,0.41358024691358,0.868765235783768,0.528490028490028,0.192742516215942,71.5074735161145,0.355795148247978,1.75575910223226,793,144,0.123940067876688,98.2844738262137,0.394703656998739,1.32263232773572,0.622641509433962,0.213186813186813,2.90901098901099,1324,0.956043956043956,435,0.997802197802198,454,74,3.40540540540541,69.2,-1.457,0.17780580075662,0.121059268600252,0.0567465321563682,0.679697351828499,0.0455577091288023,0.437847866419295,1.03940754672285,0.320302648171501,0.290271136243265,96.7855353831954,0.303149606299213,2.1906978903206,0.573770491803279,0.038977590817386,17.7348038219106,0.382417582417582,0.986978543986728,0.417402269861286,0.292403430160711,96.7855353831954,0.419939577039275,1.74280325127762,131,94,114,117,113,53,49,96,107,120,124,129,118,123,128,97,122,120,111,89,121,105,109,110,73,105,108,119,22,99,124,123,89,122,35,93,95,117,17,43.5,38.5,32,33,38,95,16,17,36,82,26,60,39,54,87.5,34,101.5,34.5,45,22,89,69,30,31,68,69,62,61,76,114,129,20,21,31,65,6,88,75,118,66.5,-0.8,1.948,81,65.5,98,"ACC",-3,1.5,-4.5,0.82,1,0.5879,0.8211,1,0.38,0.4854,0.2956,0.4164,0.2609,91,24,122,37,1,96,42,4,123,112,124,122,127,27.7723463687151,20.5055428745505,168.5,51.5,5.15,3.9,1.79,230.5,168.5,"http://a.espncdn.com/i/teamlogos/ncaa/500/221.png","#003263","#231f20","Panthers",NA,NA,NA,NA,NA,NA,NA,NA,NA,NA,NA,NA,NA,NA,NA,NA,0.25,0.333,0.667,119.5,119,20
"176",176,2023,"Purdue","Big Ten",844,153,0.139888461089608,118.065861159629,0.420616113744076,1.18857918451729,0.541666666666667,0.19815668202765,3.15783410138249,1371,1.21658986175115,528,1.19585253456221,519,75,3.21333333333333,70.6,1.356,0.182464454976303,0.123222748815166,0.0592417061611374,0.690758293838863,0.0689134135688136,0.476843910806175,0.956417222293148,0.309241706161137,0.298426594057514,0.295019157088123,2.02677432085899,0.514218009478673,0.144701547968327,62.8004718182537,0.444700460829493,0.969591363389039,0.476303317535545,0.190569431416863,76.6089114295791,0.402985074626866,1.4494720825281,792,157,0.187013680536265,148.114834984722,0.402777777777778,1.35331811684568,0.693877551020408,0.182278481012658,2.99164556962025,1182,0.982278481012658,388,1.48101265822785,585,74,4.28378378378378,69.3,-1.468,0.170454545454545,0.109848484848485,0.0606060606060606,0.671717171717172,0.114312796971664,0.451127819548872,1.09749265408795,0.328282828282828,0.335770873060755,122.797068867228,0.303846153846154,2.13050939610967,0.498737373737374,0.0816131165105922,32.2371810216839,0.412658227848101,0.94903557379434,0.493686868686869,0.314058999660429,122.797068867228,0.398976982097187,1.77574154323907,55.5,53,92,88,66,113,134,110,62,60.5,36,40.5,76,72,61,113,68,69,104,118,61,55,101,64,122,55,76,77,76,61,70,69,51,87,74,94,91,79,121,42,94.5,77,70,47,106,49,53,48,40,35,26.5,102,92,87.5,113,98.5,31,56,49,75,54,67,40,100,54,88,102,78,96,58,36,35,51,46,80,101,50,123,69.5,-1.4,1.26,72.5,68,127,"B1G",-1,-0.5,-0.5,0.74,1,0.3434,0.7562,1.3543,0.65,0.7467,0.5969,0.6447,0.5128,68,56,66,59,1,123,55,1,68,50,79,73,98,25.6569086651054,24.4313843040699,75.5,117.5,3.68,3.58,2.29,244.5,234.5,"http://a.espncdn.com/i/teamlogos/ncaa/500/2509.png","#B89D29","#a4a9ad","Boilermakers",NA,NA,NA,NA,NA,NA,NA,NA,NA,NA,NA,NA,NA,NA,NA,NA,0.333,0.333,0.546,104,119,43
"177",177,2023,"Purdue","Big Ten",844,153,0.139888461089608,118.065861159629,0.420616113744076,1.18857918451729,0.541666666666667,0.19815668202765,3.15783410138249,1371,1.21658986175115,528,1.19585253456221,519,75,3.21333333333333,70.6,1.356,0.182464454976303,0.123222748815166,0.0592417061611374,0.690758293838863,0.0689134135688136,0.476843910806175,0.956417222293148,0.309241706161137,0.298426594057514,0.295019157088123,2.02677432085899,0.514218009478673,0.144701547968327,62.8004718182537,0.444700460829493,0.969591363389039,0.476303317535545,0.190569431416863,76.6089114295791,0.402985074626866,1.4494720825281,792,157,0.187013680536265,148.114834984722,0.402777777777778,1.35331811684568,0.693877551020408,0.182278481012658,2.99164556962025,1182,0.982278481012658,388,1.48101265822785,585,74,4.28378378378378,69.3,-1.468,0.170454545454545,0.109848484848485,0.0606060606060606,0.671717171717172,0.114312796971664,0.451127819548872,1.09749265408795,0.328282828282828,0.335770873060755,122.797068867228,0.303846153846154,2.13050939610967,0.498737373737374,0.0816131165105922,32.2371810216839,0.412658227848101,0.94903557379434,0.493686868686869,0.314058999660429,122.797068867228,0.398976982097187,1.77574154323907,55.5,53,92,88,66,113,134,110,62,60.5,36,40.5,76,72,61,113,68,69,104,118,61,55,101,64,122,55,76,77,76,61,70,69,51,87,74,94,91,79,121,42,94.5,77,70,47,106,49,53,48,40,35,26.5,102,92,87.5,113,98.5,31,56,49,75,54,67,40,100,54,88,102,78,96,58,36,35,51,46,80,101,50,123,69.5,-1.4,1.26,72.5,68,127,"B1G",-1,-0.5,-0.5,0.74,1,0.3434,0.7562,1.3543,0.65,0.7467,0.5969,0.6447,0.5128,68,56,66,59,1,123,55,1,68,50,79,73,98,25.6569086651054,24.4313843040699,75.5,117.5,3.68,3.58,2.29,244.5,234.5,"http://a.espncdn.com/i/teamlogos/ncaa/500/2509.png","#B89D29","#a4a9ad","Boilermakers",NA,NA,NA,NA,NA,NA,NA,NA,NA,NA,NA,NA,NA,NA,NA,NA,0.333,0.333,0.546,104,119,43
"178",178,2023,"Rice","American Athletic",801,153,0.217530330276208,174.241794551243,0.435705368289638,1.3411901675581,0.673076923076923,0.176136363636364,2.95340909090909,1040,1.02840909090909,362,1.50852272727273,531,69,4.81159420289855,71.1,1.333,0.17478152309613,0.103620474406991,0.0711610486891386,0.686641697877653,0.170659140414947,0.490909090909091,1.12080180541734,0.313358302122347,0.320236124792916,0.314741035856574,2.09441621538097,0.439450686641698,0.124966959516358,43.9883697497579,0.423295454545455,1.01125546825982,0.550561797752809,0.338598218688475,149.321814441617,0.453514739229025,1.58699151853532,823,156,0.143369611588597,117.993190337415,0.398541919805589,1.26239621379848,0.732142857142857,0.152224824355972,3.01873536299766,1289,1.00936768149883,431,1.53161592505855,654,81,3.5679012345679,68.7,-1.508,0.13730255164034,0.0850546780072904,0.0522478736330498,0.658566221142163,0.0995908388309097,0.461254612546125,1.03269988172882,0.341433778857837,0.227811230217304,69.9835826492239,0.277580071174377,1.99860240632944,0.518833535844471,0.160383106619305,68.4835865264434,0.4192037470726,1.01481174614826,0.473876063183475,0.179445083715959,69.9835826492239,0.382051282051282,1.55982990312324,87,53,51,59,50,28,109,79.5,101,111,89,109.5,37,66,75.5,9,90,84,91,73,106,59,48,49,18,59,67,63,51,110,83,95,77,63,23,38,36,33,68,62,90.5,51,49,42,59,71.5,95,56,69,45,57.5,106,108,116.5,51,110.5,25,120,115,106,39,59,52,61,39,34,25,34,56,87,89,91,55,80,49,27,26,56,68,-9,2.946,76.5,92,27,"AAC",6,1,5,0.9,1,0.9236,0.8176,0.6732,1,1,1,1,1,7,31,1,15,1,34,45,89,1,1,1,1,4,30.6136919315403,23.1125222626727,256.5,97.5,6.19,7.56,4.61,96.5,134.5,"http://a.espncdn.com/i/teamlogos/ncaa/500/242.png","#003D7D","#d1d5d8","Owls",NA,NA,NA,NA,NA,NA,NA,NA,NA,NA,NA,NA,NA,NA,NA,NA,0.462,0.667,0.539,77,14.5,53
"179",179,2023,"Rice","American Athletic",801,153,0.217530330276208,174.241794551243,0.435705368289638,1.3411901675581,0.673076923076923,0.176136363636364,2.95340909090909,1040,1.02840909090909,362,1.50852272727273,531,69,4.81159420289855,71.1,1.333,0.17478152309613,0.103620474406991,0.0711610486891386,0.686641697877653,0.170659140414947,0.490909090909091,1.12080180541734,0.313358302122347,0.320236124792916,0.314741035856574,2.09441621538097,0.439450686641698,0.124966959516358,43.9883697497579,0.423295454545455,1.01125546825982,0.550561797752809,0.338598218688475,149.321814441617,0.453514739229025,1.58699151853532,823,156,0.143369611588597,117.993190337415,0.398541919805589,1.26239621379848,0.732142857142857,0.152224824355972,3.01873536299766,1289,1.00936768149883,431,1.53161592505855,654,81,3.5679012345679,68.7,-1.508,0.13730255164034,0.0850546780072904,0.0522478736330498,0.658566221142163,0.0995908388309097,0.461254612546125,1.03269988172882,0.341433778857837,0.227811230217304,69.9835826492239,0.277580071174377,1.99860240632944,0.518833535844471,0.160383106619305,68.4835865264434,0.4192037470726,1.01481174614826,0.473876063183475,0.179445083715959,69.9835826492239,0.382051282051282,1.55982990312324,87,53,51,59,50,28,109,79.5,101,111,89,109.5,37,66,75.5,9,90,84,91,73,106,59,48,49,18,59,67,63,51,110,83,95,77,63,23,38,36,33,68,62,90.5,51,49,42,59,71.5,95,56,69,45,57.5,106,108,116.5,51,110.5,25,120,115,106,39,59,52,61,39,34,25,34,56,87,89,91,55,80,49,27,26,56,68,-9,2.946,76.5,92,27,"AAC",6,1,5,0.9,1,0.9236,0.8176,0.6732,1,1,1,1,1,7,31,1,15,1,34,45,89,1,1,1,1,4,30.6136919315403,23.1125222626727,256.5,97.5,6.19,7.56,4.61,96.5,134.5,"http://a.espncdn.com/i/teamlogos/ncaa/500/242.png","#003D7D","#d1d5d8","Owls",NA,NA,NA,NA,NA,NA,NA,NA,NA,NA,NA,NA,NA,NA,NA,NA,0.462,0.667,0.539,77,14.5,53
"180",180,2023,"Rutgers","Big Ten",804,143,0.123260720099668,99.1016189601334,0.40547263681592,1.17839936506366,0.771428571428571,0.164328657314629,3.04268537074148,1518,0.953907815631262,476,0.961923847695391,480,61,3.95081967213115,70.2,1.371,0.129975124378109,0.0777363184079602,0.0522388059701493,0.700248756218905,0.0368925633716366,0.436944937833037,1.00033998561633,0.299751243781095,0.325025335194614,0.33195020746888,1.72593195686421,0.620646766169154,0.156780334351949,78.2333868416227,0.432865731462926,0.952976700121337,0.376865671641791,0.082069669290087,24.8671097948964,0.363036303630363,1.62104750713223,806,139,0.142374961529856,114.754218993064,0.451612903225806,1.00706129914047,0.717948717948718,0.123809523809524,3.23047619047619,1357,0.988095238095238,415,0.673809523809524,283,67,3.47761194029851,71.3,-1.329,0.15136476426799,0.0856079404466501,0.0657568238213399,0.707196029776675,0.138093360956593,0.519298245614035,0.843700322379513,0.292803970223325,0.152716115456806,79.5504760871883,0.288135593220339,1.71816202151168,0.521091811414392,0.129168036935446,54.2505755128873,0.488095238095238,0.761765696814201,0.468982630272953,0.210450994939652,79.5504760871883,0.420634920634921,1.32332292478125,84,103,102,99,90,116,39,65,84,32,112,62.5,111,81.5,106.5,61,57,64,15,17,34,38,115,116,101,38,64,42,129,8,63,49,66,94,126,123,125,113,56,52.5,20,50,48,116,1,60,124,100,89,36,43,9,12,48,43,59,74,100,113,54,117,82,127,2,117,12,35,50.5,4,92,65,63,126,4,37,44,76,2,77,3.5,2.144,42.5,49,84,"B1G",1.5,-0.5,2,0.74,1,0.4958,0.6705,0.9545,0.86,0.7939,0.9424,0.7954,0.8974,39,56,45,59,1,105,77,52,24,40,18,40,25,30.5709001233046,18.8651660754575,254.5,25.5,6.03,7.28,4.89,102.5,141.5,"http://a.espncdn.com/i/teamlogos/ncaa/500/164.png","#d21034","#ffffff","Scarlet Knights",NA,NA,NA,NA,NA,NA,NA,NA,NA,NA,NA,NA,NA,NA,NA,NA,0.539,0.583,0.539,61.5,35,53
"181",181,2023,"Rutgers","Big Ten",804,143,0.123260720099668,99.1016189601334,0.40547263681592,1.17839936506366,0.771428571428571,0.164328657314629,3.04268537074148,1518,0.953907815631262,476,0.961923847695391,480,61,3.95081967213115,70.2,1.371,0.129975124378109,0.0777363184079602,0.0522388059701493,0.700248756218905,0.0368925633716366,0.436944937833037,1.00033998561633,0.299751243781095,0.325025335194614,0.33195020746888,1.72593195686421,0.620646766169154,0.156780334351949,78.2333868416227,0.432865731462926,0.952976700121337,0.376865671641791,0.082069669290087,24.8671097948964,0.363036303630363,1.62104750713223,806,139,0.142374961529856,114.754218993064,0.451612903225806,1.00706129914047,0.717948717948718,0.123809523809524,3.23047619047619,1357,0.988095238095238,415,0.673809523809524,283,67,3.47761194029851,71.3,-1.329,0.15136476426799,0.0856079404466501,0.0657568238213399,0.707196029776675,0.138093360956593,0.519298245614035,0.843700322379513,0.292803970223325,0.152716115456806,79.5504760871883,0.288135593220339,1.71816202151168,0.521091811414392,0.129168036935446,54.2505755128873,0.488095238095238,0.761765696814201,0.468982630272953,0.210450994939652,79.5504760871883,0.420634920634921,1.32332292478125,84,103,102,99,90,116,39,65,84,32,112,62.5,111,81.5,106.5,61,57,64,15,17,34,38,115,116,101,38,64,42,129,8,63,49,66,94,126,123,125,113,56,52.5,20,50,48,116,1,60,124,100,89,36,43,9,12,48,43,59,74,100,113,54,117,82,127,2,117,12,35,50.5,4,92,65,63,126,4,37,44,76,2,77,3.5,2.144,42.5,49,84,"B1G",1.5,-0.5,2,0.74,1,0.4958,0.6705,0.9545,0.86,0.7939,0.9424,0.7954,0.8974,39,56,45,59,1,105,77,52,24,40,18,40,25,30.5709001233046,18.8651660754575,254.5,25.5,6.03,7.28,4.89,102.5,141.5,"http://a.espncdn.com/i/teamlogos/ncaa/500/164.png","#d21034","#ffffff","Scarlet Knights",NA,NA,NA,NA,NA,NA,NA,NA,NA,NA,NA,NA,NA,NA,NA,NA,0.539,0.583,0.539,61.5,35,53
"182",182,2023,"Sam Houston State","Conference USA",800,148,0.0958492814394322,76.6794251515458,0.365,1.17146904008104,0.833333333333333,0.158959537572254,2.60809248554913,902,0.664739884393064,230,0.508670520231214,176,58,3.46551724137931,72,1.277,0.15,0.09375,0.05625,0.655,0.057269273368724,0.433206106870229,0.968892980768509,0.345,0.169095383718603,0.235507246376812,1.87892697029558,0.4325,-0.01875073118279,-6.48775298924534,0.34393063583815,0.819722818070039,0.5525,0.234719933888407,103.746210778676,0.391402714932127,1.41342164366086,784,152,0.185343617638885,145.309396228886,0.413265306122449,1.23990270905609,0.788461538461538,0.140776699029126,3.19927184466019,1318,0.968446601941748,399,1.10922330097087,457,65,3.76923076923077,71.2,-1.337,0.137755102040816,0.0816326530612245,0.0561224489795918,0.686224489795918,0.149806796391835,0.477695167286245,1.01828404691603,0.313775510204082,0.263062356788937,86.2875436046476,0.272357723577236,2.08999220413068,0.525510204081633,0.159319965061428,65.6398256053084,0.41504854368932,1.01664486137246,0.466836734693878,0.235758315859693,86.2875436046476,0.418032786885246,1.48942618587897,88,75.5,113,113,122,118,8.5,56,132,125,134,133.5,133,133,116.5,96,110.5,104,47,48,46,113,106,118,116,113,113,124.5,119,116,131,131,131,131,21,82,68,89,125,37,79,75,68,61,45,110.5,110,95,81,28,33,55,55,40,63,62,68,119,122,90,76,95,80,51,76,48,44,30,82,103,88,84,53,82,35,58,73,33,56.5,-14.2,2.5,114,115,60,"CUS",0,1.5,-1.5,0.82,1,0.5836,0.8561,1,0.6,0.6292,0.521,0.566,0.7,59,24,84,37,1,97,34,4,85,80,99,91,61,26.203431372549,20.3757132804563,95.5,43.5,NA,NA,NA,262,262,"https://a.espncdn.com/combiner/i?img=/i/teamlogos/ncaa/500/2534.png","#FE5000","#000000","Bearkats",NA,NA,NA,NA,NA,NA,NA,NA,NA,NA,NA,NA,NA,NA,NA,NA,NA,NA,NA,NA,NA,NA
"183",183,2023,"Sam Houston State","Conference USA",800,148,0.0958492814394322,76.6794251515458,0.365,1.17146904008104,0.833333333333333,0.158959537572254,2.60809248554913,902,0.664739884393064,230,0.508670520231214,176,58,3.46551724137931,72,1.277,0.15,0.09375,0.05625,0.655,0.057269273368724,0.433206106870229,0.968892980768509,0.345,0.169095383718603,0.235507246376812,1.87892697029558,0.4325,-0.01875073118279,-6.48775298924534,0.34393063583815,0.819722818070039,0.5525,0.234719933888407,103.746210778676,0.391402714932127,1.41342164366086,784,152,0.185343617638885,145.309396228886,0.413265306122449,1.23990270905609,0.788461538461538,0.140776699029126,3.19927184466019,1318,0.968446601941748,399,1.10922330097087,457,65,3.76923076923077,71.2,-1.337,0.137755102040816,0.0816326530612245,0.0561224489795918,0.686224489795918,0.149806796391835,0.477695167286245,1.01828404691603,0.313775510204082,0.263062356788937,86.2875436046476,0.272357723577236,2.08999220413068,0.525510204081633,0.159319965061428,65.6398256053084,0.41504854368932,1.01664486137246,0.466836734693878,0.235758315859693,86.2875436046476,0.418032786885246,1.48942618587897,88,75.5,113,113,122,118,8.5,56,132,125,134,133.5,133,133,116.5,96,110.5,104,47,48,46,113,106,118,116,113,113,124.5,119,116,131,131,131,131,21,82,68,89,125,37,79,75,68,61,45,110.5,110,95,81,28,33,55,55,40,63,62,68,119,122,90,76,95,80,51,76,48,44,30,82,103,88,84,53,82,35,58,73,33,56.5,-14.2,2.5,114,115,60,"CUS",0,1.5,-1.5,0.82,1,0.5836,0.8561,1,0.6,0.6292,0.521,0.566,0.7,59,24,84,37,1,97,34,4,85,80,99,91,61,26.203431372549,20.3757132804563,95.5,43.5,NA,NA,NA,263,263,"https://a.espncdn.com/combiner/i?img=/i/teamlogos/ncaa/500/2534.png","#FE5000","#000000","Bearkats",NA,NA,NA,NA,NA,NA,NA,NA,NA,NA,NA,NA,NA,NA,NA,NA,NA,NA,NA,NA,NA,NA
"184",184,2023,"San Diego State","Mountain West",754,134,0.128991259319304,97.2594095267549,0.424403183023873,1.08239219643575,0.75,0.146919431279621,3.09881516587678,1308,0.855450236966825,361,1.07345971563981,453,66,3.1969696969697,68.4,1.528,0.147214854111406,0.0981432360742706,0.0490716180371353,0.690981432360743,0.149761626161289,0.495201535508637,0.965043367234738,0.309018567639257,0.0825476493421599,0.266094420600858,1.57071474375611,0.559681697612732,0.122930889451943,51.87683534872,0.440758293838863,0.871675732215266,0.431034482758621,0.193645211950491,62.9346938839097,0.412307692307692,1.37487922886121,782,139,0.243484181788184,190.40463015836,0.471867007672634,1.18468214048244,0.814814814814815,0.124338624338624,3.46640211640212,1310,1.1984126984127,453,1.42592592592593,539,69,3.3768115942029,74,-1.124,0.157289002557545,0.0818414322250639,0.0754475703324808,0.722506393861893,0.21382788755094,0.530973451327434,1.00623119037343,0.277493606138107,0.320699878765338,104.831631050979,0.317972350230415,1.96055583660861,0.483375959079284,0.27251950535432,103.012373023933,0.529100529100529,0.923356346892072,0.50383631713555,0.266070129571012,104.831631050979,0.428934010152284,1.49394343467223,114,127.5,98,104,62,134,59.5,42,72,70,129,111,93,87,89.5,117,18,18,39,57,23,53,55,43,117,53,130,100,134,27,85,85,57,120,109,92,103,71,128,34,20,109,106,130,17,115,123,127,78,107,73,96,80,55.5,31,10.5,122,88,121,22,130,119,129,39,130,80,72,100,42,41,129,123,132,35,87,77,89,37,56.5,-8.9,1.934,114,91,99,"MW",-8.5,-5.5,-3,0.39,0,0.5744,0.4734,1.0059,0.51,0.5585,0.3958,0.5773,0.5556,120,121,106,120,128,98,115,3,107,98,116,86,88,30.4230271668823,19.643718125822,248.5,29.5,5.58,3.74,2.11,239.5,160.5,"http://a.espncdn.com/i/teamlogos/ncaa/500/21.png","#BF2C37","#a8996e","Aztecs",NA,NA,NA,NA,NA,NA,NA,NA,NA,NA,NA,NA,NA,NA,NA,NA,0.333,0.583,0.455,104,35,97
"185",185,2023,"San Diego State","Mountain West",754,134,0.128991259319304,97.2594095267549,0.424403183023873,1.08239219643575,0.75,0.146919431279621,3.09881516587678,1308,0.855450236966825,361,1.07345971563981,453,66,3.1969696969697,68.4,1.528,0.147214854111406,0.0981432360742706,0.0490716180371353,0.690981432360743,0.149761626161289,0.495201535508637,0.965043367234738,0.309018567639257,0.0825476493421599,0.266094420600858,1.57071474375611,0.559681697612732,0.122930889451943,51.87683534872,0.440758293838863,0.871675732215266,0.431034482758621,0.193645211950491,62.9346938839097,0.412307692307692,1.37487922886121,782,139,0.243484181788184,190.40463015836,0.471867007672634,1.18468214048244,0.814814814814815,0.124338624338624,3.46640211640212,1310,1.1984126984127,453,1.42592592592593,539,69,3.3768115942029,74,-1.124,0.157289002557545,0.0818414322250639,0.0754475703324808,0.722506393861893,0.21382788755094,0.530973451327434,1.00623119037343,0.277493606138107,0.320699878765338,104.831631050979,0.317972350230415,1.96055583660861,0.483375959079284,0.27251950535432,103.012373023933,0.529100529100529,0.923356346892072,0.50383631713555,0.266070129571012,104.831631050979,0.428934010152284,1.49394343467223,114,127.5,98,104,62,134,59.5,42,72,70,129,111,93,87,89.5,117,18,18,39,57,23,53,55,43,117,53,130,100,134,27,85,85,57,120,109,92,103,71,128,34,20,109,106,130,17,115,123,127,78,107,73,96,80,55.5,31,10.5,122,88,121,22,130,119,129,39,130,80,72,100,42,41,129,123,132,35,87,77,89,37,56.5,-8.9,1.934,114,91,99,"MW",-8.5,-5.5,-3,0.39,0,0.5744,0.4734,1.0059,0.51,0.5585,0.3958,0.5773,0.5556,120,121,106,120,128,98,115,3,107,98,116,86,88,30.4230271668823,19.643718125822,248.5,29.5,5.58,3.74,2.11,239.5,160.5,"http://a.espncdn.com/i/teamlogos/ncaa/500/21.png","#BF2C37","#a8996e","Aztecs",NA,NA,NA,NA,NA,NA,NA,NA,NA,NA,NA,NA,NA,NA,NA,NA,0.333,0.583,0.455,104,35,97
"186",186,2023,"San José State","Mountain West",789,146,0.266576146690922,210.328579739138,0.446134347275032,1.39212180688134,0.707317073170732,0.215538847117794,3.16766917293233,1264,1.32832080200501,530,2.03258145363409,811,85,3.72941176470588,65.8,1.717,0.167934093789607,0.102027883396705,0.0659062103929024,0.670468948035488,0.174138664907139,0.480151228733459,1.13798480206447,0.329531051964512,0.454650869243312,0.376923076923077,2.05080343161078,0.505703422053232,0.239610327922956,95.6045208412594,0.461152882205514,1.1522535292942,0.491761723700887,0.301540664273654,116.997777738178,0.43298969072165,1.65483468233393,837,138,0.211881225959746,177.344586128308,0.421744324970131,1.27086227124395,0.732394366197183,0.149122807017544,3.42171052631579,1560,1.09429824561404,499,0.969298245614035,442,66,3.86363636363636,73.5,-1.159,0.150537634408602,0.0908004778972521,0.0597371565113501,0.686977299880526,0.128070869119355,0.469565217391304,1.03511686352095,0.313022700119474,0.39581616940717,88.3878315324479,0.316793893129771,2.03774492287298,0.544802867383513,0.243084512080484,110.846537508701,0.451754385964912,1.02556018276825,0.443249701314217,0.238242133510641,88.3878315324479,0.39622641509434,1.61461893944799,92,86.5,32,39,43,10,95,127,58,76,13,39,5,16,30,81,3,3,78,65,91,92,44,58,15,92,25,10,62,70,22,32,41,8,58,56,60,54,40,72.5,15.5,94,94,74,63,73,101,125,126,70,100,35,47,44,74,16,117,103,102,79,80,75,64,62,80,106,46,99,63,119,121,127,101,88,17,61,47,86,63.5,-11,2.54,90,101,55,"MW",-10,-6,-4,0.34,0.0282,0.719,0.3481,0.0146,0.41,0.4401,0.2733,0.4526,0.5926,125,128,116,127,124,70,129,131,119,119,125,114,83,29.5845771144279,24.8537901158027,232.5,129.5,4.89,5.1,2.67,167.5,192.5,"http://a.espncdn.com/i/teamlogos/ncaa/500/23.png","#005893","#fdba31","Spartans",NA,NA,NA,NA,NA,NA,NA,NA,NA,NA,NA,NA,NA,NA,NA,NA,0.539,0.667,0.615,61.5,14.5,29.5
"187",187,2023,"San José State","Mountain West",789,146,0.266576146690922,210.328579739138,0.446134347275032,1.39212180688134,0.707317073170732,0.215538847117794,3.16766917293233,1264,1.32832080200501,530,2.03258145363409,811,85,3.72941176470588,65.8,1.717,0.167934093789607,0.102027883396705,0.0659062103929024,0.670468948035488,0.174138664907139,0.480151228733459,1.13798480206447,0.329531051964512,0.454650869243312,0.376923076923077,2.05080343161078,0.505703422053232,0.239610327922956,95.6045208412594,0.461152882205514,1.1522535292942,0.491761723700887,0.301540664273654,116.997777738178,0.43298969072165,1.65483468233393,837,138,0.211881225959746,177.344586128308,0.421744324970131,1.27086227124395,0.732394366197183,0.149122807017544,3.42171052631579,1560,1.09429824561404,499,0.969298245614035,442,66,3.86363636363636,73.5,-1.159,0.150537634408602,0.0908004778972521,0.0597371565113501,0.686977299880526,0.128070869119355,0.469565217391304,1.03511686352095,0.313022700119474,0.39581616940717,88.3878315324479,0.316793893129771,2.03774492287298,0.544802867383513,0.243084512080484,110.846537508701,0.451754385964912,1.02556018276825,0.443249701314217,0.238242133510641,88.3878315324479,0.39622641509434,1.61461893944799,92,86.5,32,39,43,10,95,127,58,76,13,39,5,16,30,81,3,3,78,65,91,92,44,58,15,92,25,10,62,70,22,32,41,8,58,56,60,54,40,72.5,15.5,94,94,74,63,73,101,125,126,70,100,35,47,44,74,16,117,103,102,79,80,75,64,62,80,106,46,99,63,119,121,127,101,88,17,61,47,86,63.5,-11,2.54,90,101,55,"MW",-10,-6,-4,0.34,0.0282,0.719,0.3481,0.0146,0.41,0.4401,0.2733,0.4526,0.5926,125,128,116,127,124,70,129,131,119,119,125,114,83,29.5845771144279,24.8537901158027,232.5,129.5,4.89,5.1,2.67,167.5,192.5,"http://a.espncdn.com/i/teamlogos/ncaa/500/23.png","#005893","#fdba31","Spartans",NA,NA,NA,NA,NA,NA,NA,NA,NA,NA,NA,NA,NA,NA,NA,NA,0.539,0.667,0.615,61.5,14.5,29.5
"188",188,2023,"SMU","ACC",983,169,0.28347504074708,278.65596505438,0.44557477110885,1.33911333468338,0.841269841269841,0.142307692307692,3.22942307692308,1679,1.06538461538462,554,0.980769230769231,510,95,4.49473684210526,69.4,1.461,0.126144455747711,0.0651068158697864,0.0610376398779247,0.7029501525941,0.23960004741759,0.492040520984081,1.11848445188786,0.2970498474059,0.387302507838443,0.335616438356164,2.10456047907598,0.528992878942014,0.165576807972847,86.0999401458804,0.467307692307692,0.867281034416857,0.463886063072228,0.468556319520834,213.6616817015,0.427631578947368,1.92708897040012,877,177,0.0115287609504099,10.1107233535095,0.345496009122007,1.29178316951929,0.673469387755102,0.203747072599532,2.85573770491803,1219,0.976580796252927,417,0.908665105386417,388,63,3.6031746031746,72.3,-1.209,0.199543899657925,0.124287343215507,0.0752565564424173,0.635119726339795,-0.00773216798294408,0.423698384201077,1.06219549935556,0.364880273660205,0.0450548153750293,7.23044417463765,0.209375,2.10048003755872,0.486887115165336,0.0533560510407183,22.7830337943867,0.360655737704918,0.99169531090243,0.505131128848347,0.0163215444122746,7.23044417463765,0.336343115124153,1.60194109050585,4,11,23,11,45,29,4,33,49,10,78,29,108,74,7,21,38.5,28.5,11,6,67,30,15,48,19,30,46,39,47,51,58,40,34,124,83,17,9,57,3,100.5,129.5,6,6,7,77,33.5,21,28,53,32,46.5,28,32,30.5,53,38.5,101,13,15,24,9,14,16,81,9,1,2,1,86,47,22,26,16.5,70,93,2,6,82,81.5,12.7,3.37,29,27,9,"ACC",2.5,0.5,2,0.88,0.9848,0.9679,0.6745,0.8202,0.77,0.7861,0.7215,0.7692,0.8431,29,37,45,20,44,27,76,73,50,43,62,46,32,24.7872549019608,32.0080598116206,47.5,235.5,9.47,9.45,5.78,33.5,40.5,"http://a.espncdn.com/i/teamlogos/ncaa/500/2567.png","#E32F38","#ecdcb9","Mustangs",NA,NA,NA,NA,NA,NA,NA,NA,NA,NA,NA,NA,NA,NA,NA,NA,0.786,0.571,0.429,15,40.5,100
"189",189,2023,"SMU","ACC",983,169,0.28347504074708,278.65596505438,0.44557477110885,1.33911333468338,0.841269841269841,0.142307692307692,3.22942307692308,1679,1.06538461538462,554,0.980769230769231,510,95,4.49473684210526,69.4,1.461,0.126144455747711,0.0651068158697864,0.0610376398779247,0.7029501525941,0.23960004741759,0.492040520984081,1.11848445188786,0.2970498474059,0.387302507838443,0.335616438356164,2.10456047907598,0.528992878942014,0.165576807972847,86.0999401458804,0.467307692307692,0.867281034416857,0.463886063072228,0.468556319520834,213.6616817015,0.427631578947368,1.92708897040012,877,177,0.0115287609504099,10.1107233535095,0.345496009122007,1.29178316951929,0.673469387755102,0.203747072599532,2.85573770491803,1219,0.976580796252927,417,0.908665105386417,388,63,3.6031746031746,72.3,-1.209,0.199543899657925,0.124287343215507,0.0752565564424173,0.635119726339795,-0.00773216798294408,0.423698384201077,1.06219549935556,0.364880273660205,0.0450548153750293,7.23044417463765,0.209375,2.10048003755872,0.486887115165336,0.0533560510407183,22.7830337943867,0.360655737704918,0.99169531090243,0.505131128848347,0.0163215444122746,7.23044417463765,0.336343115124153,1.60194109050585,4,11,23,11,45,29,4,33,49,10,78,29,108,74,7,21,38.5,28.5,11,6,67,30,15,48,19,30,46,39,47,51,58,40,34,124,83,17,9,57,3,100.5,129.5,6,6,7,77,33.5,21,28,53,32,46.5,28,32,30.5,53,38.5,101,13,15,24,9,14,16,81,9,1,2,1,86,47,22,26,16.5,70,93,2,6,82,81.5,12.7,3.37,29,27,9,"ACC",2.5,0.5,2,0.88,0.9848,0.9679,0.6745,0.8202,0.77,0.7861,0.7215,0.7692,0.8431,29,37,45,20,44,27,76,73,50,43,62,46,32,24.7872549019608,32.0080598116206,47.5,235.5,9.47,9.45,5.78,33.5,40.5,"http://a.espncdn.com/i/teamlogos/ncaa/500/2567.png","#E32F38","#ecdcb9","Mustangs",NA,NA,NA,NA,NA,NA,NA,NA,NA,NA,NA,NA,NA,NA,NA,NA,0.786,0.571,0.429,15,40.5,100
"190",190,2023,"South Alabama","Sun Belt",878,157,0.294432192439283,258.51146496169,0.441913439635535,1.44332404618743,0.708333333333333,0.131818181818182,3.35568181818182,1477,1.36590909090909,601,1.45681818181818,641,84,4.5,66.7,1.63,0.161731207289294,0.111617312072893,0.0501138952164009,0.66628701594533,0.11415063325686,0.463247863247863,1.10022511534467,0.33371298405467,0.654380015380296,0.399317406143345,2.23802327916511,0.501138952164009,0.244307360163496,107.495238471938,0.443181818181818,1.21867302139841,0.488610478359909,0.390556440203938,167.54871284749,0.44988344988345,1.67030306087064,798,151,0.117767017106624,93.9780796510856,0.3734335839599,1.28152849227908,0.745098039215686,0.168618266978923,2.80210772833724,1197,0.857142857142857,366,0.718969555035129,307,62,2.79032258064516,67.3,-1.59,0.179197994987469,0.12406015037594,0.0551378446115288,0.640350877192982,0.0700333217221111,0.434442270058708,1.00933315967177,0.359649122807018,0.202756279620512,97.5082900816945,0.264808362369338,2.07662538489518,0.535087719298246,0.0206528212502906,8.81875467387409,0.360655737704918,0.920943207805354,0.452380952380952,0.270106066708295,97.5082900816945,0.398891966759003,1.66715442150793,38.5,40.5,15,18,47,5,93,15,19,38,8,18.5,42,46,34,19.5,7,9,63,84,27,97,75,85,34,97,4,6,18,75,18,20,54,2,60,25,24,36,36,47,74.5,30,29,18,69,83.5,70,22,42,8,22,13,15,26.5,6,124,13,42,16,97,12,43,25,43,12,23,63,24,75,108,16,16,16.5,33,25,79,49,99,61,-6.4,2.458,99,84,68,"SUN",-9.5,-5,-4.5,0.42,0.137,0.5443,0.4739,1,0.39,0.3622,0.3112,0.3141,0.6364,124,115,122,116,104,103,114,4,121,123,123,126,74,26.5540691192865,30.3476305771993,113.5,225.5,6.67,5.25,3.06,161.5,108.5,"http://a.espncdn.com/i/teamlogos/ncaa/500/6.png","#003E7E","#FFFFFF","Jaguars",NA,NA,NA,NA,NA,NA,NA,NA,NA,NA,NA,NA,NA,NA,NA,NA,0.539,0.385,0.539,61.5,108.5,53
"191",191,2023,"South Alabama","Sun Belt",878,157,0.294432192439283,258.51146496169,0.441913439635535,1.44332404618743,0.708333333333333,0.131818181818182,3.35568181818182,1477,1.36590909090909,601,1.45681818181818,641,84,4.5,66.7,1.63,0.161731207289294,0.111617312072893,0.0501138952164009,0.66628701594533,0.11415063325686,0.463247863247863,1.10022511534467,0.33371298405467,0.654380015380296,0.399317406143345,2.23802327916511,0.501138952164009,0.244307360163496,107.495238471938,0.443181818181818,1.21867302139841,0.488610478359909,0.390556440203938,167.54871284749,0.44988344988345,1.67030306087064,798,151,0.117767017106624,93.9780796510856,0.3734335839599,1.28152849227908,0.745098039215686,0.168618266978923,2.80210772833724,1197,0.857142857142857,366,0.718969555035129,307,62,2.79032258064516,67.3,-1.59,0.179197994987469,0.12406015037594,0.0551378446115288,0.640350877192982,0.0700333217221111,0.434442270058708,1.00933315967177,0.359649122807018,0.202756279620512,97.5082900816945,0.264808362369338,2.07662538489518,0.535087719298246,0.0206528212502906,8.81875467387409,0.360655737704918,0.920943207805354,0.452380952380952,0.270106066708295,97.5082900816945,0.398891966759003,1.66715442150793,38.5,40.5,15,18,47,5,93,15,19,38,8,18.5,42,46,34,19.5,7,9,63,84,27,97,75,85,34,97,4,6,18,75,18,20,54,2,60,25,24,36,36,47,74.5,30,29,18,69,83.5,70,22,42,8,22,13,15,26.5,6,124,13,42,16,97,12,43,25,43,12,23,63,24,75,108,16,16,16.5,33,25,79,49,99,61,-6.4,2.458,99,84,68,"SUN",-9.5,-5,-4.5,0.42,0.137,0.5443,0.4739,1,0.39,0.3622,0.3112,0.3141,0.6364,124,115,122,116,104,103,114,4,121,123,123,126,74,26.5540691192865,30.3476305771993,113.5,225.5,6.67,5.25,3.06,161.5,108.5,"http://a.espncdn.com/i/teamlogos/ncaa/500/6.png","#003E7E","#FFFFFF","Jaguars",NA,NA,NA,NA,NA,NA,NA,NA,NA,NA,NA,NA,NA,NA,NA,NA,0.539,0.385,0.539,61.5,108.5,53
"192",192,2023,"South Carolina","SEC",770,147,0.208024908354625,160.179179433061,0.41038961038961,1.33460299320229,0.75,0.170807453416149,2.82577639751553,910,0.96583850931677,311,1.28260869565217,413,64,4.0625,69.3,1.464,0.2,0.137662337662338,0.0623376623376623,0.625974025974026,0.146120678955092,0.473029045643154,1.10969445748869,0.374025974025974,0.311628514502455,0.305555555555556,1.91732056300571,0.418181818181818,0.0373314389991565,12.0207233577284,0.381987577639752,0.935270577915194,0.572727272727273,0.350052450717324,154.37313076634,0.437641723356009,1.58909981745261,844,151,0.192763952142589,162.692775608345,0.436018957345972,1.18998979147502,0.758620689655172,0.121495327102804,3.20771028037383,1373,0.988317757009346,423,0.775700934579439,332,74,3.41891891891892,67.1,-1.601,0.159952606635071,0.0829383886255924,0.0770142180094787,0.701421800947867,0.14900324174163,0.498310810810811,0.934616005386732,0.298578199052133,0.295566890862303,122.87026565374,0.28968253968254,2.22197974895511,0.507109004739337,0.153719369815276,65.7918902809383,0.453271028037383,0.863912473049998,0.481042654028436,0.302636122299851,122.87026565374,0.428571428571429,1.55354726144315,103.5,80,56,67,82,31,59.5,73,116,124,108,125,65,100,96,51,33,27,122,129,76,132,57,71,29,132,72,68.5,111,123,121,122,124,98,13,35,34,49,65,77.5,74.5,80,80,96,20,93,125,98,90.5,37,53,18,19,87.5,36,126.5,10,73,119,15,114,93,107,12,114,66,103,53,117,69,84,87,103,16,59,95,87,53,77.5,9.5,2.282,40,35,78,"SEC",1,-2.5,3.5,0.62,0.0797,0.887,0.8574,0.9281,0.82,0.8548,0.8562,0.8826,0.6071,46,80,23,82,111,38,33,59,32,30,33,25,81,26.0921895006402,24.8087544527114,87.5,127.5,5.43,5.3,2.23,158.5,162.5,"http://a.espncdn.com/i/teamlogos/ncaa/500/2579.png","#670010","#000000","Gamecocks",NA,NA,NA,NA,NA,NA,NA,NA,NA,NA,NA,NA,NA,NA,NA,NA,0.417,0.5,0.417,89.5,63.5,108
"193",193,2023,"South Carolina","SEC",770,147,0.208024908354625,160.179179433061,0.41038961038961,1.33460299320229,0.75,0.170807453416149,2.82577639751553,910,0.96583850931677,311,1.28260869565217,413,64,4.0625,69.3,1.464,0.2,0.137662337662338,0.0623376623376623,0.625974025974026,0.146120678955092,0.473029045643154,1.10969445748869,0.374025974025974,0.311628514502455,0.305555555555556,1.91732056300571,0.418181818181818,0.0373314389991565,12.0207233577284,0.381987577639752,0.935270577915194,0.572727272727273,0.350052450717324,154.37313076634,0.437641723356009,1.58909981745261,844,151,0.192763952142589,162.692775608345,0.436018957345972,1.18998979147502,0.758620689655172,0.121495327102804,3.20771028037383,1373,0.988317757009346,423,0.775700934579439,332,74,3.41891891891892,67.1,-1.601,0.159952606635071,0.0829383886255924,0.0770142180094787,0.701421800947867,0.14900324174163,0.498310810810811,0.934616005386732,0.298578199052133,0.295566890862303,122.87026565374,0.28968253968254,2.22197974895511,0.507109004739337,0.153719369815276,65.7918902809383,0.453271028037383,0.863912473049998,0.481042654028436,0.302636122299851,122.87026565374,0.428571428571429,1.55354726144315,103.5,80,56,67,82,31,59.5,73,116,124,108,125,65,100,96,51,33,27,122,129,76,132,57,71,29,132,72,68.5,111,123,121,122,124,98,13,35,34,49,65,77.5,74.5,80,80,96,20,93,125,98,90.5,37,53,18,19,87.5,36,126.5,10,73,119,15,114,93,107,12,114,66,103,53,117,69,84,87,103,16,59,95,87,53,77.5,9.5,2.282,40,35,78,"SEC",1,-2.5,3.5,0.62,0.0797,0.887,0.8574,0.9281,0.82,0.8548,0.8562,0.8826,0.6071,46,80,23,82,111,38,33,59,32,30,33,25,81,26.0921895006402,24.8087544527114,87.5,127.5,5.43,5.3,2.23,158.5,162.5,"http://a.espncdn.com/i/teamlogos/ncaa/500/2579.png","#670010","#000000","Gamecocks",NA,NA,NA,NA,NA,NA,NA,NA,NA,NA,NA,NA,NA,NA,NA,NA,0.417,0.5,0.417,89.5,63.5,108
"194",194,2023,"Southern Mississippi","Sun Belt",833,150,0.109054084385947,90.842052293494,0.374549819927971,1.32177361668704,0.672413793103448,0.188340807174888,2.95067264573991,1316,1.12780269058296,503,1.35874439461883,606,69,3.07246376811594,72,1.274,0.195678271308523,0.118847539015606,0.0768307322929172,0.639855942376951,0.00533192620870232,0.427767354596623,1.03666858029477,0.360144057623049,0.293333785414185,0.28,2.09563014403749,0.535414165666267,0.138595900905571,61.8137718038847,0.408071748878924,1.09190856554793,0.456182472989196,0.111214856580606,42.2616455006304,0.342105263157895,1.64358468828179,733,150,0.264160178663381,193.629410960258,0.429740791268759,1.47343302540626,0.69047619047619,0.144670050761421,3.32893401015228,1312,1.2005076142132,473,1.84771573604061,728,73,4.15068493150685,69.2,-1.465,0.159618008185539,0.0968622100954979,0.0627557980900409,0.695770804911323,0.191296654244201,0.468627450980392,1.22935545507983,0.304229195088677,0.430798732267783,110.661095110378,0.340807174887892,2.24099275314331,0.537517053206003,0.257268271709425,101.363699053513,0.423857868020305,1.26092538174495,0.450204638472033,0.335336651849631,110.661095110378,0.448484848484848,1.71322205575381,64,67.5,111,111,116,41,111,101,102,68,53,50,58,52,75.5,122,110.5,105,115,104,115,128,123,121,75,128,79,91,50,47,74,72,97,20,91,117,117,121,47,13,68.5,120,108,88,129,45,104,115,80,108,85,125,118,79.5,104.5,101.5,32,75,84,64,102,112,63,130,102,119,81,119,122,111,125,121,67,132,21,107,114,114,57,-16.1,2.052,112,119,92.5,"SUN",-5,-3,-2,0.59,1,0.2439,0.4053,1,0.56,0.5758,0.5431,0.5121,0.5806,106,89,92,89,1,130,126,4,97,93,91,109,86,28.1827830188679,21.496071515752,186.5,71.5,3.66,4.14,2.46,211.5,236.5,"http://a.espncdn.com/i/teamlogos/ncaa/500/2572.png","#FFAA3C","#ffc423","Golden Eagles",NA,NA,NA,NA,NA,NA,NA,NA,NA,NA,NA,NA,NA,NA,NA,NA,0.25,0.333,0.75,119.5,119,8.5
"195",195,2023,"Southern Mississippi","Sun Belt",833,150,0.109054084385947,90.842052293494,0.374549819927971,1.32177361668704,0.672413793103448,0.188340807174888,2.95067264573991,1316,1.12780269058296,503,1.35874439461883,606,69,3.07246376811594,72,1.274,0.195678271308523,0.118847539015606,0.0768307322929172,0.639855942376951,0.00533192620870232,0.427767354596623,1.03666858029477,0.360144057623049,0.293333785414185,0.28,2.09563014403749,0.535414165666267,0.138595900905571,61.8137718038847,0.408071748878924,1.09190856554793,0.456182472989196,0.111214856580606,42.2616455006304,0.342105263157895,1.64358468828179,733,150,0.264160178663381,193.629410960258,0.429740791268759,1.47343302540626,0.69047619047619,0.144670050761421,3.32893401015228,1312,1.2005076142132,473,1.84771573604061,728,73,4.15068493150685,69.2,-1.465,0.159618008185539,0.0968622100954979,0.0627557980900409,0.695770804911323,0.191296654244201,0.468627450980392,1.22935545507983,0.304229195088677,0.430798732267783,110.661095110378,0.340807174887892,2.24099275314331,0.537517053206003,0.257268271709425,101.363699053513,0.423857868020305,1.26092538174495,0.450204638472033,0.335336651849631,110.661095110378,0.448484848484848,1.71322205575381,64,67.5,111,111,116,41,111,101,102,68,53,50,58,52,75.5,122,110.5,105,115,104,115,128,123,121,75,128,79,91,50,47,74,72,97,20,91,117,117,121,47,13,68.5,120,108,88,129,45,104,115,80,108,85,125,118,79.5,104.5,101.5,32,75,84,64,102,112,63,130,102,119,81,119,122,111,125,121,67,132,21,107,114,114,57,-16.1,2.052,112,119,92.5,"SUN",-5,-3,-2,0.59,1,0.2439,0.4053,1,0.56,0.5758,0.5431,0.5121,0.5806,106,89,92,89,1,130,126,4,97,93,91,109,86,28.1827830188679,21.496071515752,186.5,71.5,3.66,4.14,2.46,211.5,236.5,"http://a.espncdn.com/i/teamlogos/ncaa/500/2572.png","#FFAA3C","#ffc423","Golden Eagles",NA,NA,NA,NA,NA,NA,NA,NA,NA,NA,NA,NA,NA,NA,NA,NA,0.25,0.333,0.75,119.5,119,8.5
"196",196,2023,"South Florida","American Athletic",1011,175,0.169543439032418,171.408416861775,0.396636993076162,1.32955892035517,0.838709677419355,0.176136363636364,3.00852272727273,1589,1.07575757575758,568,1.39015151515152,734,92,3.6304347826087,70.1,1.386,0.164193867457962,0.111770524233432,0.0524233432245302,0.647873392680514,0.115987724571363,0.467175572519084,1.0531369218659,0.352126607319486,0.268079936144752,0.26685393258427,2.21992872601533,0.522255192878338,0.156688952867282,82.7317671139247,0.401515151515151,1.10980426199082,0.469831849653808,0.244781121791537,116.27103285098,0.397894736842105,1.57605620910248,911,179,0.200611220963515,182.756822297762,0.381997804610318,1.55867517343973,0.62962962962963,0.222222222222222,2.66643518518519,1152,1.07407407407407,464,1.45833333333333,630,87,3.70114942528736,70.3,-1.383,0.188803512623491,0.122941822173436,0.0658616904500549,0.644346871569704,0.116177360426867,0.436115843270869,1.27594037726412,0.355653128430296,0.353582443602443,171.400974100637,0.283950617283951,2.34541547584145,0.474204171240395,0.0595548822495378,25.7277091318003,0.375,1.1903410995317,0.517014270032931,0.363908649895196,171.400974100637,0.394904458598726,1.87948227006931,1,7,78,61,99,33,5,79.5,92,22,73,24.5,53,24,12.5,89,54.5,59.5,71,85,35,118,72,77,68,118,87,99,24,55,64,41,106,18,80,77,61,82,72,118,132,89,99,31,133,17.5,13,13,33.5,62,82,100,104,129,59,79.5,54,25,18,52,19,69,27,132,19,96,128,41,129,30,27,29,26,127,103,114,44,132,65,-5.6,2.564,86.5,83,54,"AAC",1.5,2.5,-1,0.87,1,0.8016,0.8461,0.7381,0.62,0.6527,0.5238,0.5442,0.7619,39,12,73,25,1,52,37,82,78,74,98,97,49,21.6799610894942,32.1775199806483,7.5,241.5,6.44,5.93,4.23,134.5,122.5,"http://a.espncdn.com/i/teamlogos/ncaa/500/58.png","#004A36","#231f20","Bulls",NA,NA,NA,NA,NA,NA,NA,NA,NA,NA,NA,NA,NA,NA,NA,NA,0.539,0.539,0.539,61.5,50,53
"197",197,2023,"South Florida","American Athletic",1011,175,0.169543439032418,171.408416861775,0.396636993076162,1.32955892035517,0.838709677419355,0.176136363636364,3.00852272727273,1589,1.07575757575758,568,1.39015151515152,734,92,3.6304347826087,70.1,1.386,0.164193867457962,0.111770524233432,0.0524233432245302,0.647873392680514,0.115987724571363,0.467175572519084,1.0531369218659,0.352126607319486,0.268079936144752,0.26685393258427,2.21992872601533,0.522255192878338,0.156688952867282,82.7317671139247,0.401515151515151,1.10980426199082,0.469831849653808,0.244781121791537,116.27103285098,0.397894736842105,1.57605620910248,911,179,0.200611220963515,182.756822297762,0.381997804610318,1.55867517343973,0.62962962962963,0.222222222222222,2.66643518518519,1152,1.07407407407407,464,1.45833333333333,630,87,3.70114942528736,70.3,-1.383,0.188803512623491,0.122941822173436,0.0658616904500549,0.644346871569704,0.116177360426867,0.436115843270869,1.27594037726412,0.355653128430296,0.353582443602443,171.400974100637,0.283950617283951,2.34541547584145,0.474204171240395,0.0595548822495378,25.7277091318003,0.375,1.1903410995317,0.517014270032931,0.363908649895196,171.400974100637,0.394904458598726,1.87948227006931,1,7,78,61,99,33,5,79.5,92,22,73,24.5,53,24,12.5,89,54.5,59.5,71,85,35,118,72,77,68,118,87,99,24,55,64,41,106,18,80,77,61,82,72,118,132,89,99,31,133,17.5,13,13,33.5,62,82,100,104,129,59,79.5,54,25,18,52,19,69,27,132,19,96,128,41,129,30,27,29,26,127,103,114,44,132,65,-5.6,2.564,86.5,83,54,"AAC",1.5,2.5,-1,0.87,1,0.8016,0.8461,0.7381,0.62,0.6527,0.5238,0.5442,0.7619,39,12,73,25,1,52,37,82,78,74,98,97,49,21.6799610894942,32.1775199806483,7.5,241.5,6.44,5.93,4.23,134.5,122.5,"http://a.espncdn.com/i/teamlogos/ncaa/500/58.png","#004A36","#231f20","Bulls",NA,NA,NA,NA,NA,NA,NA,NA,NA,NA,NA,NA,NA,NA,NA,NA,0.539,0.539,0.539,61.5,50,53
"198",198,2023,"Stanford","ACC",757,135,0.0735592486945079,55.6843512617425,0.3778071334214,1.28767292394971,0.666666666666667,0.224924012158055,2.63313069908815,866,0.975683890577508,321,0.966565349544073,318,55,3.4,72.8,1.183,0.208718626155878,0.125495376486129,0.083223249669749,0.656538969616909,-0.00896747253086243,0.422535211267606,1.01809473622749,0.343461030383091,0.231312250421466,0.292307692307692,2.03256002160323,0.434610303830911,0.0820413342305977,26.9915989618666,0.416413373860182,1.01479106101907,0.556142668428005,0.116461917308598,49.0304671869198,0.353919239904988,1.538577724094,768,134,0.332991257149255,255.737285490628,0.513020833333333,1.25612160025855,0.732142857142857,0.168539325842697,3.3938202247191,1208,1.25842696629213,448,1.21910112359551,434,69,5.21739130434783,70.1,-1.409,0.110677083333333,0.0729166666666667,0.0377604166666667,0.713541666666667,0.223412230243079,0.56021897810219,1.0142150413219,0.286458333333333,0.605942651442821,179.313769953036,0.395454545454545,2.1097458944373,0.463541666666667,0.232282297465211,82.6924978976152,0.550561797752809,0.904223716880335,0.533854166666667,0.437350658422038,179.313769953036,0.482926829268293,1.60446495956224,113,125,118,118,114,69,113,131,131,127,104,120,110,117,125,101,120,121,129,121,127,108,124,127,88,108,96,80,69,115,110,112,87,59,18,116,111,118,91,29,7.5,134,132,134,53,71.5,71,123,47,123,66,67,46,55.5,134,88.5,44,133,131,130,123,122,134,47,123,134,131,134,91,19,117,99,134,26,117,128,132,83,67,-3.5,1.37,79.5,77.5,124,"ACC",5,2,3,0.85,0.9971,0.7629,0.8947,0.3936,0.8,0.826,0.7853,0.7752,0.7857,11,19,34,29,41,58,24,110,45,35,46,45,48,26.8806682577566,21.2196035167699,133.5,65.5,3.59,3.74,1.77,239.5,238.5,"http://a.espncdn.com/i/teamlogos/ncaa/500/24.png","#A80532","#ffffff","Cardinal",NA,NA,NA,NA,NA,NA,NA,NA,NA,NA,NA,NA,NA,NA,NA,NA,0.25,0.417,0.417,119.5,97.5,108
"199",199,2023,"Stanford","ACC",757,135,0.0735592486945079,55.6843512617425,0.3778071334214,1.28767292394971,0.666666666666667,0.224924012158055,2.63313069908815,866,0.975683890577508,321,0.966565349544073,318,55,3.4,72.8,1.183,0.208718626155878,0.125495376486129,0.083223249669749,0.656538969616909,-0.00896747253086243,0.422535211267606,1.01809473622749,0.343461030383091,0.231312250421466,0.292307692307692,2.03256002160323,0.434610303830911,0.0820413342305977,26.9915989618666,0.416413373860182,1.01479106101907,0.556142668428005,0.116461917308598,49.0304671869198,0.353919239904988,1.538577724094,768,134,0.332991257149255,255.737285490628,0.513020833333333,1.25612160025855,0.732142857142857,0.168539325842697,3.3938202247191,1208,1.25842696629213,448,1.21910112359551,434,69,5.21739130434783,70.1,-1.409,0.110677083333333,0.0729166666666667,0.0377604166666667,0.713541666666667,0.223412230243079,0.56021897810219,1.0142150413219,0.286458333333333,0.605942651442821,179.313769953036,0.395454545454545,2.1097458944373,0.463541666666667,0.232282297465211,82.6924978976152,0.550561797752809,0.904223716880335,0.533854166666667,0.437350658422038,179.313769953036,0.482926829268293,1.60446495956224,113,125,118,118,114,69,113,131,131,127,104,120,110,117,125,101,120,121,129,121,127,108,124,127,88,108,96,80,69,115,110,112,87,59,18,116,111,118,91,29,7.5,134,132,134,53,71.5,71,123,47,123,66,67,46,55.5,134,88.5,44,133,131,130,123,122,134,47,123,134,131,134,91,19,117,99,134,26,117,128,132,83,67,-3.5,1.37,79.5,77.5,124,"ACC",5,2,3,0.85,0.9971,0.7629,0.8947,0.3936,0.8,0.826,0.7853,0.7752,0.7857,11,19,34,29,41,58,24,110,45,35,46,45,48,26.8806682577566,21.2196035167699,133.5,65.5,3.59,3.74,1.77,239.5,238.5,"http://a.espncdn.com/i/teamlogos/ncaa/500/24.png","#A80532","#ffffff","Cardinal",NA,NA,NA,NA,NA,NA,NA,NA,NA,NA,NA,NA,NA,NA,NA,NA,0.25,0.417,0.417,119.5,97.5,108
"200",200,2023,"Syracuse","ACC",765,146,0.128615351505939,98.3907439020437,0.383006535947712,1.25475969649765,0.701754385964912,0.186147186147186,2.96926406926407,1372,0.963203463203463,445,1.13636363636364,525,65,3.38461538461538,70.4,1.359,0.184967320261438,0.122222222222222,0.0627450980392157,0.674509803921569,0.090061506927677,0.445736434108527,1.03347754122175,0.325490196078431,0.208510065571736,0.253012048192771,2.06261518401283,0.603921568627451,0.0918507357013128,42.4350398940065,0.383116883116883,1.03695477312859,0.388235294117647,0.237987614960646,70.6823216433118,0.390572390572391,1.58709996750043,828,144,0.166731131692434,138.053377041335,0.428743961352657,1.16151794792805,0.774647887323944,0.182027649769585,3.00414746543779,1304,0.95852534562212,416,0.608294930875576,264,73,3.32876712328767,70.1,-1.379,0.181159420289855,0.121980676328502,0.0591787439613527,0.68719806763285,0.150198248087332,0.493848857644991,1.01811610611484,0.31280193236715,0.203052408801712,95.9812435280334,0.285714285714286,1.70605737427284,0.524154589371981,0.105416190586206,45.7506267144132,0.451612903225806,0.829375132828956,0.472222222222222,0.245476326158653,95.9812435280334,0.406649616368286,1.57095185836468,107.5,86.5,99,100,110,86,98.5,99,99,59,109,79.5,87,69.5,93,103,60.5,67,106,116,78,83,92,107,78,83,101,114,59,10,104,96,121,45,124,80,96,92,67,65,38.5,67,63,85,12,102,55,53,76,27,45,3,9,79.5,24.5,88.5,56.5,37,21,80,81,96,103,50,81,25,58,44.5,3,97,48,52,100,7,46.5,66,59,62,70,-1,2.892,70,67,30,"ACC",1,1,0,0.91,1,0.9518,0.8203,0.6279,0.78,0.7829,0.8083,0.7774,0.7143,46,31,62,12,1,30,43,93,46,44,39,44,59,26.1159763313609,23.4494263368578,89.5,103.5,6.09,6.22,4.39,124.5,138.5,"http://a.espncdn.com/i/teamlogos/ncaa/500/183.png","#F37321","#0d1d37","Orange",NA,NA,NA,NA,NA,NA,NA,NA,NA,NA,NA,NA,NA,NA,NA,NA,0.462,0.417,0.385,77,97.5,117
"201",201,2023,"Syracuse","ACC",765,146,0.128615351505939,98.3907439020437,0.383006535947712,1.25475969649765,0.701754385964912,0.186147186147186,2.96926406926407,1372,0.963203463203463,445,1.13636363636364,525,65,3.38461538461538,70.4,1.359,0.184967320261438,0.122222222222222,0.0627450980392157,0.674509803921569,0.090061506927677,0.445736434108527,1.03347754122175,0.325490196078431,0.208510065571736,0.253012048192771,2.06261518401283,0.603921568627451,0.0918507357013128,42.4350398940065,0.383116883116883,1.03695477312859,0.388235294117647,0.237987614960646,70.6823216433118,0.390572390572391,1.58709996750043,828,144,0.166731131692434,138.053377041335,0.428743961352657,1.16151794792805,0.774647887323944,0.182027649769585,3.00414746543779,1304,0.95852534562212,416,0.608294930875576,264,73,3.32876712328767,70.1,-1.379,0.181159420289855,0.121980676328502,0.0591787439613527,0.68719806763285,0.150198248087332,0.493848857644991,1.01811610611484,0.31280193236715,0.203052408801712,95.9812435280334,0.285714285714286,1.70605737427284,0.524154589371981,0.105416190586206,45.7506267144132,0.451612903225806,0.829375132828956,0.472222222222222,0.245476326158653,95.9812435280334,0.406649616368286,1.57095185836468,107.5,86.5,99,100,110,86,98.5,99,99,59,109,79.5,87,69.5,93,103,60.5,67,106,116,78,83,92,107,78,83,101,114,59,10,104,96,121,45,124,80,96,92,67,65,38.5,67,63,85,12,102,55,53,76,27,45,3,9,79.5,24.5,88.5,56.5,37,21,80,81,96,103,50,81,25,58,44.5,3,97,48,52,100,7,46.5,66,59,62,70,-1,2.892,70,67,30,"ACC",1,1,0,0.91,1,0.9518,0.8203,0.6279,0.78,0.7829,0.8083,0.7774,0.7143,46,31,62,12,1,30,43,93,46,44,39,44,59,26.1159763313609,23.4494263368578,89.5,103.5,6.09,6.22,4.39,124.5,138.5,"http://a.espncdn.com/i/teamlogos/ncaa/500/183.png","#F37321","#0d1d37","Orange",NA,NA,NA,NA,NA,NA,NA,NA,NA,NA,NA,NA,NA,NA,NA,NA,0.462,0.417,0.385,77,97.5,117
"202",202,2023,"TCU","Big 12",858,141,0.249442405567568,214.021583976974,0.466200466200466,1.310990317481,0.796296296296296,0.139275766016713,3.25125348189415,1167,1.15877437325905,416,1.39275766016713,500,88,3.90909090909091,70.1,1.416,0.130536130536131,0.0652680652680653,0.0652680652680653,0.686480186480186,0.117200535939992,0.494057724957555,1.03427984819441,0.313519813519814,0.538998023450997,0.405204460966543,2.04973111163143,0.418414918414918,0.18270267473343,65.5902602293012,0.473537604456825,0.937648247151059,0.567599067599068,0.38150181145336,185.791382177786,0.472279260780287,1.58693880424661,818,142,0.20184908147308,165.11254864498,0.430317848410758,1.3062713005115,0.771929824561403,0.157766990291262,3.18252427184466,1311,1.02912621359223,424,0.987864077669903,407,70,3.91428571428571,72.4,-1.221,0.128361858190709,0.0819070904645477,0.0464547677261614,0.690709046454768,0.141059713268232,0.470796460176991,1.10590066195797,0.309290953545232,0.33760399465782,117.780352602135,0.339920948616601,1.92602234533988,0.503667481662592,0.157375032827817,64.8385135250605,0.436893203883495,0.991497649443954,0.486552567237164,0.295930534176219,117.780352602135,0.4321608040201,1.63568558651243,50,112.5,40,37,20,52,19,26,43,93,48,86,52,76,23,69,54.5,49,16,7,89,60,70,46,77,60,11,5,63,122,46,67,29,97,14,30,17,19,69,60,29.5,91,84,90,86,100,85,90,79,50,55,38,37.5,62.5,79,37,99,126,120,122,94,84,65,103,94,90,88,117,32,61,86,82,78,68,73,91,94,90,71,8.7,2.232,63.5,38,82,"B12",-3.5,-2.5,-1,0.61,0.75,0.6346,0.4294,0.48,0.61,0.6238,0.3858,0.6475,1,96,80,73,86,67,84,119,102,80,83,118,71,4,21.6545654565457,33.8059092766419,5.5,255.5,7.06,4.38,2.84,200.5,96.5,"http://a.espncdn.com/i/teamlogos/ncaa/500/2628.png","#3C377D","#f1f2f3","Horned Frogs",NA,NA,NA,NA,NA,NA,NA,NA,NA,NA,NA,NA,NA,NA,NA,NA,0.417,0.417,0.333,89.5,97.5,125.5
"203",203,2023,"TCU","Big 12",858,141,0.249442405567568,214.021583976974,0.466200466200466,1.310990317481,0.796296296296296,0.139275766016713,3.25125348189415,1167,1.15877437325905,416,1.39275766016713,500,88,3.90909090909091,70.1,1.416,0.130536130536131,0.0652680652680653,0.0652680652680653,0.686480186480186,0.117200535939992,0.494057724957555,1.03427984819441,0.313519813519814,0.538998023450997,0.405204460966543,2.04973111163143,0.418414918414918,0.18270267473343,65.5902602293012,0.473537604456825,0.937648247151059,0.567599067599068,0.38150181145336,185.791382177786,0.472279260780287,1.58693880424661,818,142,0.20184908147308,165.11254864498,0.430317848410758,1.3062713005115,0.771929824561403,0.157766990291262,3.18252427184466,1311,1.02912621359223,424,0.987864077669903,407,70,3.91428571428571,72.4,-1.221,0.128361858190709,0.0819070904645477,0.0464547677261614,0.690709046454768,0.141059713268232,0.470796460176991,1.10590066195797,0.309290953545232,0.33760399465782,117.780352602135,0.339920948616601,1.92602234533988,0.503667481662592,0.157375032827817,64.8385135250605,0.436893203883495,0.991497649443954,0.486552567237164,0.295930534176219,117.780352602135,0.4321608040201,1.63568558651243,50,112.5,40,37,20,52,19,26,43,93,48,86,52,76,23,69,54.5,49,16,7,89,60,70,46,77,60,11,5,63,122,46,67,29,97,14,30,17,19,69,60,29.5,91,84,90,86,100,85,90,79,50,55,38,37.5,62.5,79,37,99,126,120,122,94,84,65,103,94,90,88,117,32,61,86,82,78,68,73,91,94,90,71,8.7,2.232,63.5,38,82,"B12",-3.5,-2.5,-1,0.61,0.75,0.6346,0.4294,0.48,0.61,0.6238,0.3858,0.6475,1,96,80,73,86,67,84,119,102,80,83,118,71,4,21.6545654565457,33.8059092766419,5.5,255.5,7.06,4.38,2.84,200.5,96.5,"http://a.espncdn.com/i/teamlogos/ncaa/500/2628.png","#3C377D","#f1f2f3","Horned Frogs",NA,NA,NA,NA,NA,NA,NA,NA,NA,NA,NA,NA,NA,NA,NA,NA,0.417,0.417,0.333,89.5,97.5,125.5
"204",204,2023,"Temple","American Athletic",827,137,0.118438601925407,97.9487237923112,0.388149939540508,1.36682082481992,0.675,0.200647249190939,2.77411003236246,857,0.919093851132686,284,0.896440129449838,277,69,3.04347826086957,73.6,1.141,0.183192261185006,0.0816203143893591,0.101571946795647,0.654171704957678,0.0213617717940976,0.425138632162662,1.07623649574218,0.345828295042322,0.302069948432533,0.318181818181818,2.10126473347797,0.373639661426844,0.0764241402819937,23.6150593471361,0.385113268608414,1.01156752922699,0.610640870616687,0.202379515331386,102.20165524235,0.4,1.57610370687715,831,142,0.290971986877117,241.797721094884,0.452466907340554,1.27519425468997,0.875,0.150205761316872,3.25308641975309,1581,1.17901234567901,573,1.17078189300412,569,78,4.83333333333333,70.5,-1.406,0.126353790613718,0.0962695547533093,0.0300842358604091,0.716004813477738,0.241842024245055,0.502521008403361,1.07143179225134,0.283995186522262,0.414837782496087,156.233742759489,0.326271186440678,2.06642771273089,0.584837545126354,0.18070259122474,87.8214593352235,0.45679012345679,0.906805147200413,0.412755716004813,0.455491961397928,156.233742759489,0.448979591836735,1.80624868236973,67,119,108,102,109,16,107,112,119,129,117,131,114,125,75.5,124,126.5,127,105,26,133,114,119,123,52,114,75,59,48,130,112,114,117,62,5,89,71,80.5,71,67.5,29.5,125,130,117,65,133,99,105,128,100,126,63,88,106,132,74.5,46,128,87,132,126,126,112.5,85,126,114,124,107.5,70,131,95,104,106,27,5,132,115,127,44.5,-21.9,2.856,132.5,131,34,"AAC",-7.5,-4,-3.5,0.49,0.0288,0.8087,0.5261,1,0.48,0.507,0.5064,0.4674,0.35,118,102,112,107,123,51,103,4,113,107,102,112,118,24.3396901072706,23.8193984236467,33.5,109.5,2.22,1.71,1.06,260.5,256.5,"http://a.espncdn.com/i/teamlogos/ncaa/500/218.png","#A80532","#a7a9ac","Owls",NA,NA,NA,NA,NA,NA,NA,NA,NA,NA,NA,NA,NA,NA,NA,NA,0.25,0.25,0.5,119.5,131.5,71
"205",205,2023,"Temple","American Athletic",827,137,0.118438601925407,97.9487237923112,0.388149939540508,1.36682082481992,0.675,0.200647249190939,2.77411003236246,857,0.919093851132686,284,0.896440129449838,277,69,3.04347826086957,73.6,1.141,0.183192261185006,0.0816203143893591,0.101571946795647,0.654171704957678,0.0213617717940976,0.425138632162662,1.07623649574218,0.345828295042322,0.302069948432533,0.318181818181818,2.10126473347797,0.373639661426844,0.0764241402819937,23.6150593471361,0.385113268608414,1.01156752922699,0.610640870616687,0.202379515331386,102.20165524235,0.4,1.57610370687715,831,142,0.290971986877117,241.797721094884,0.452466907340554,1.27519425468997,0.875,0.150205761316872,3.25308641975309,1581,1.17901234567901,573,1.17078189300412,569,78,4.83333333333333,70.5,-1.406,0.126353790613718,0.0962695547533093,0.0300842358604091,0.716004813477738,0.241842024245055,0.502521008403361,1.07143179225134,0.283995186522262,0.414837782496087,156.233742759489,0.326271186440678,2.06642771273089,0.584837545126354,0.18070259122474,87.8214593352235,0.45679012345679,0.906805147200413,0.412755716004813,0.455491961397928,156.233742759489,0.448979591836735,1.80624868236973,67,119,108,102,109,16,107,112,119,129,117,131,114,125,75.5,124,126.5,127,105,26,133,114,119,123,52,114,75,59,48,130,112,114,117,62,5,89,71,80.5,71,67.5,29.5,125,130,117,65,133,99,105,128,100,126,63,88,106,132,74.5,46,128,87,132,126,126,112.5,85,126,114,124,107.5,70,131,95,104,106,27,5,132,115,127,44.5,-21.9,2.856,132.5,131,34,"AAC",-7.5,-4,-3.5,0.49,0.0288,0.8087,0.5261,1,0.48,0.507,0.5064,0.4674,0.35,118,102,112,107,123,51,103,4,113,107,102,112,118,24.3396901072706,23.8193984236467,33.5,109.5,2.22,1.71,1.06,260.5,256.5,"http://a.espncdn.com/i/teamlogos/ncaa/500/218.png","#A80532","#a7a9ac","Owls",NA,NA,NA,NA,NA,NA,NA,NA,NA,NA,NA,NA,NA,NA,NA,NA,0.25,0.25,0.5,119.5,131.5,71
"206",206,2023,"Tennessee","SEC",895,155,0.259654426209235,232.390711457265,0.46145251396648,1.24174961247567,0.761904761904762,0.113490364025696,3.36231263383298,1570,1.30620985010707,610,1.77516059957173,829,76,3.69736842105263,69.9,1.418,0.129608938547486,0.0759776536312849,0.0536312849162011,0.691620111731844,0.196588167276415,0.520193861066236,1.01470284671735,0.308379888268156,0.401096506931755,0.329710144927536,2.04514586054355,0.521787709497207,0.241874131979507,112.95521963443,0.466809421841542,1.06068522834328,0.474860335195531,0.298596145267057,126.903361738499,0.458823529411765,1.44417030858265,869,160,0.092863783963965,80.6986282646856,0.376294591484465,1.31215908858184,0.65,0.180522565320665,2.78147268408551,1171,0.942992874109264,397,1.09026128266033,459,66,3.3030303030303,74.5,-1.08,0.184119677790564,0.126582278481013,0.0575373993095512,0.645569620253165,-0.011519803189767,0.418894830659537,1.0747479465845,0.354430379746835,0.282991031993977,67.7109645193214,0.298701298701299,1.91858972303156,0.484464902186421,0.0590486142336097,24.8594665923497,0.363420427553444,1.02380747847807,0.507479861910242,0.153539602084629,67.7109645193214,0.394557823129252,1.56570964229378,28,46.5,36,33,26,89,49,6,17,25,16,17,14,10,57.5,84,49,46,14,15,39,52,32,21,91,52,41,46,66,57,21,19,35,28,77,59,56,30,122,96,101.5,20,22,22,91,23.5,58,19,39,23,31.5,54,56,44,22,4,129,31,13,84,20,13,13,90,20,59,23,66,28,44,26,28,19,87,94,17,43,59,83,19.2,2.338,26.5,14.5,76,"SEC",-4,-3.5,-0.5,0.54,0.0513,0.907,0.5822,1,0.64,0.6365,0.6642,0.5908,0.6286,101,93,66,100,120,35,95,4,72,79,71,82,76,21.642936596218,32.6485828136897,3.5,247.5,8.85,7.77,4.07,86.5,47.5,"http://a.espncdn.com/i/teamlogos/ncaa/500/2633.png","#EE9627","#ffffff","Volunteers",NA,NA,NA,NA,NA,NA,NA,NA,NA,NA,NA,NA,NA,NA,NA,NA,0.692,0.539,0.5,33,50,71
"207",207,2023,"Tennessee","SEC",895,155,0.259654426209235,232.390711457265,0.46145251396648,1.24174961247567,0.761904761904762,0.113490364025696,3.36231263383298,1570,1.30620985010707,610,1.77516059957173,829,76,3.69736842105263,69.9,1.418,0.129608938547486,0.0759776536312849,0.0536312849162011,0.691620111731844,0.196588167276415,0.520193861066236,1.01470284671735,0.308379888268156,0.401096506931755,0.329710144927536,2.04514586054355,0.521787709497207,0.241874131979507,112.95521963443,0.466809421841542,1.06068522834328,0.474860335195531,0.298596145267057,126.903361738499,0.458823529411765,1.44417030858265,869,160,0.092863783963965,80.6986282646856,0.376294591484465,1.31215908858184,0.65,0.180522565320665,2.78147268408551,1171,0.942992874109264,397,1.09026128266033,459,66,3.3030303030303,74.5,-1.08,0.184119677790564,0.126582278481013,0.0575373993095512,0.645569620253165,-0.011519803189767,0.418894830659537,1.0747479465845,0.354430379746835,0.282991031993977,67.7109645193214,0.298701298701299,1.91858972303156,0.484464902186421,0.0590486142336097,24.8594665923497,0.363420427553444,1.02380747847807,0.507479861910242,0.153539602084629,67.7109645193214,0.394557823129252,1.56570964229378,28,46.5,36,33,26,89,49,6,17,25,16,17,14,10,57.5,84,49,46,14,15,39,52,32,21,91,52,41,46,66,57,21,19,35,28,77,59,56,30,122,96,101.5,20,22,22,91,23.5,58,19,39,23,31.5,54,56,44,22,4,129,31,13,84,20,13,13,90,20,59,23,66,28,44,26,28,19,87,94,17,43,59,83,19.2,2.338,26.5,14.5,76,"SEC",-4,-3.5,-0.5,0.54,0.0513,0.907,0.5822,1,0.64,0.6365,0.6642,0.5908,0.6286,101,93,66,100,120,35,95,4,72,79,71,82,76,21.642936596218,32.6485828136897,3.5,247.5,8.85,7.77,4.07,86.5,47.5,"http://a.espncdn.com/i/teamlogos/ncaa/500/2633.png","#EE9627","#ffffff","Volunteers",NA,NA,NA,NA,NA,NA,NA,NA,NA,NA,NA,NA,NA,NA,NA,NA,0.692,0.539,0.5,33,50,71
"208",208,2023,"Texas","SEC",963,164,0.275248925753711,265.064715500824,0.454828660436137,1.3136617445246,0.630769230769231,0.176842105263158,3.26484210526316,1551,1.19578947368421,568,1.60421052631579,762,102,3.92156862745098,69.1,1.51,0.144340602284528,0.0851505711318795,0.059190031152648,0.700934579439252,0.196710633935948,0.500740740740741,1.07630478210759,0.299065420560748,0.459323047201594,0.347222222222222,2.11592827749407,0.4932502596054,0.221508319394656,105.216451712462,0.44421052631579,1.07005960655058,0.503634475597092,0.341971501596923,165.856178274508,0.468041237113402,1.54009368775155,878,168,0.0983692101011775,86.3681664688338,0.379271070615034,1.28207322398692,0.564102564102564,0.230337078651685,2.49241573033708,887,0.747191011235955,266,0.651685393258427,232,62,3.53225806451613,73.6,-1.122,0.177676537585421,0.105922551252847,0.071753986332574,0.664009111617312,0.00912826480874764,0.425385934819897,1.01081149669121,0.335990888382688,0.274733518933335,117.298347144118,0.288135593220339,2.07351920480262,0.405466970387244,-0.0454790955674234,-16.1905580220027,0.351123595505618,0.770691765387739,0.587699316628702,0.227322378186275,117.298347144118,0.403100775193798,1.58939381208739,8,21,29,15,34,47,124,82,38,29,40,24.5,24,21,3,65,30,22.5,32,33,60,35,30,35,50,35,22,23,44,81,28,21,52,25,53,37,25,21,89,103,120,22,23,29,70,3,9,5,6,4,4,6,5,26.5,48,13.5,123,46,60,35,47,17,17.5,44,47,56,87,50.5,72,2,3,3,7,5,133,52,55,73,97,27.7,2.978,4,5,25,"SEC",3.5,1.5,2,0.92,0.8798,1,0.8845,0.9354,0.87,0.823,1,0.9048,0.7045,20,24,45,10,55,3,26,57,21,36,1,23,60,26.1716566866267,32.1245484987976,93.5,237.5,10.11,10.3,6.8,11.5,15.5,"http://a.espncdn.com/i/teamlogos/ncaa/500/251.png","#EE7524","#f0f0f0","Longhorns",NA,NA,NA,NA,NA,NA,NA,NA,NA,NA,NA,NA,NA,NA,NA,NA,0.857,0.539,0.429,7,50,100
"209",209,2023,"Texas","SEC",963,164,0.275248925753711,265.064715500824,0.454828660436137,1.3136617445246,0.630769230769231,0.176842105263158,3.26484210526316,1551,1.19578947368421,568,1.60421052631579,762,102,3.92156862745098,69.1,1.51,0.144340602284528,0.0851505711318795,0.059190031152648,0.700934579439252,0.196710633935948,0.500740740740741,1.07630478210759,0.299065420560748,0.459323047201594,0.347222222222222,2.11592827749407,0.4932502596054,0.221508319394656,105.216451712462,0.44421052631579,1.07005960655058,0.503634475597092,0.341971501596923,165.856178274508,0.468041237113402,1.54009368775155,878,168,0.0983692101011775,86.3681664688338,0.379271070615034,1.28207322398692,0.564102564102564,0.230337078651685,2.49241573033708,887,0.747191011235955,266,0.651685393258427,232,62,3.53225806451613,73.6,-1.122,0.177676537585421,0.105922551252847,0.071753986332574,0.664009111617312,0.00912826480874764,0.425385934819897,1.01081149669121,0.335990888382688,0.274733518933335,117.298347144118,0.288135593220339,2.07351920480262,0.405466970387244,-0.0454790955674234,-16.1905580220027,0.351123595505618,0.770691765387739,0.587699316628702,0.227322378186275,117.298347144118,0.403100775193798,1.58939381208739,8,21,29,15,34,47,124,82,38,29,40,24.5,24,21,3,65,30,22.5,32,33,60,35,30,35,50,35,22,23,44,81,28,21,52,25,53,37,25,21,89,103,120,22,23,29,70,3,9,5,6,4,4,6,5,26.5,48,13.5,123,46,60,35,47,17,17.5,44,47,56,87,50.5,72,2,3,3,7,5,133,52,55,73,97,27.7,2.978,4,5,25,"SEC",3.5,1.5,2,0.92,0.8798,1,0.8845,0.9354,0.87,0.823,1,0.9048,0.7045,20,24,45,10,55,3,26,57,21,36,1,23,60,26.1716566866267,32.1245484987976,93.5,237.5,10.11,10.3,6.8,11.5,15.5,"http://a.espncdn.com/i/teamlogos/ncaa/500/251.png","#EE7524","#f0f0f0","Longhorns",NA,NA,NA,NA,NA,NA,NA,NA,NA,NA,NA,NA,NA,NA,NA,NA,0.857,0.539,0.429,7,50,100
"210",210,2023,"Texas A&M","SEC",879,153,0.22469239767261,197.504617554224,0.431171786120592,1.32235486241718,0.774193548387097,0.142523364485981,3.04742990654206,1304,0.967289719626168,414,0.97196261682243,416,93,4.1505376344086,64.5,1.822,0.150170648464164,0.0944254835039818,0.055745164960182,0.68259385665529,0.121838395191641,0.48,1.01701632289459,0.31740614334471,0.44588380085749,0.326164874551971,2.28870100947771,0.486916951080774,0.134323708488584,57.4905472331138,0.44392523364486,0.908886092465952,0.507394766780432,0.323188654930675,144.142140099081,0.423766816143498,1.73801129781789,777,149,0.0805788191747901,62.6097424988119,0.364221364221364,1.3502368748397,0.657142857142857,0.219251336898396,2.51256684491979,940,1.07754010695187,403,1.15775401069519,433,62,2.75806451612903,74,-1.12,0.226512226512227,0.150579150579151,0.0759330759330759,0.624195624195624,0.0401256497650431,0.430927835051546,1.03969541023776,0.375804375804376,0.147769871105363,101.607566135648,0.253424657534247,2.22730668702626,0.481338481338481,-0.0367215334119944,-13.7338534960859,0.347593582887701,0.948625536977387,0.50965250965251,0.256584762968808,101.607566135648,0.386363636363636,1.69147526648742,37,53,44,45,55,39,35,35,81,71,107,87,109,97,9,44,1,1,48,49,44,68,66,60,89,68,28,51,13,85,79,76,53,106,49,45,43,60,19,32,61,17,15,16,105,26,15,7,8,63,36,62,44.5,26.5,5,10.5,124,4,3,19,4,28,24,69,4,10,68,17,118,40,4,5,6,45,96,72,32,105,88,19.2,2.516,16,14.5,56,"SEC",5,0,5,0.86,0.5864,1,1,1,0.98,1,1,1,0.8889,11,47,1,27,79,3,1,4,8,1,1,1,26,27.7675736961451,27.7923684235852,166.5,179.5,8.48,8.21,4.69,64.5,57.5,"http://a.espncdn.com/i/teamlogos/ncaa/500/245.png","#5C0025","#ffffff","Aggies",NA,NA,NA,NA,NA,NA,NA,NA,NA,NA,NA,NA,NA,NA,NA,NA,0.539,0.417,0.539,61.5,97.5,53
"211",211,2023,"Texas A&M","SEC",879,153,0.22469239767261,197.504617554224,0.431171786120592,1.32235486241718,0.774193548387097,0.142523364485981,3.04742990654206,1304,0.967289719626168,414,0.97196261682243,416,93,4.1505376344086,64.5,1.822,0.150170648464164,0.0944254835039818,0.055745164960182,0.68259385665529,0.121838395191641,0.48,1.01701632289459,0.31740614334471,0.44588380085749,0.326164874551971,2.28870100947771,0.486916951080774,0.134323708488584,57.4905472331138,0.44392523364486,0.908886092465952,0.507394766780432,0.323188654930675,144.142140099081,0.423766816143498,1.73801129781789,777,149,0.0805788191747901,62.6097424988119,0.364221364221364,1.3502368748397,0.657142857142857,0.219251336898396,2.51256684491979,940,1.07754010695187,403,1.15775401069519,433,62,2.75806451612903,74,-1.12,0.226512226512227,0.150579150579151,0.0759330759330759,0.624195624195624,0.0401256497650431,0.430927835051546,1.03969541023776,0.375804375804376,0.147769871105363,101.607566135648,0.253424657534247,2.22730668702626,0.481338481338481,-0.0367215334119944,-13.7338534960859,0.347593582887701,0.948625536977387,0.50965250965251,0.256584762968808,101.607566135648,0.386363636363636,1.69147526648742,37,53,44,45,55,39,35,35,81,71,107,87,109,97,9,44,1,1,48,49,44,68,66,60,89,68,28,51,13,85,79,76,53,106,49,45,43,60,19,32,61,17,15,16,105,26,15,7,8,63,36,62,44.5,26.5,5,10.5,124,4,3,19,4,28,24,69,4,10,68,17,118,40,4,5,6,45,96,72,32,105,88,19.2,2.516,16,14.5,56,"SEC",5,0,5,0.86,0.5864,1,1,1,0.98,1,1,1,0.8889,11,47,1,27,79,3,1,4,8,1,1,1,26,27.7675736961451,27.7923684235852,166.5,179.5,8.48,8.21,4.69,64.5,57.5,"http://a.espncdn.com/i/teamlogos/ncaa/500/245.png","#5C0025","#ffffff","Aggies",NA,NA,NA,NA,NA,NA,NA,NA,NA,NA,NA,NA,NA,NA,NA,NA,0.539,0.417,0.539,61.5,97.5,53
"212",212,2023,"Texas State","Sun Belt",935,159,0.261174368234483,244.198034299241,0.477005347593583,1.29622223661919,0.788732394366197,0.159836065573771,3.29241803278689,1607,1.29713114754098,633,1.63114754098361,796,84,4.5,70.6,1.337,0.159358288770053,0.116577540106952,0.0427807486631016,0.690909090909091,0.181543917754722,0.527863777089783,1.0716871968467,0.309090909090909,0.439171845777476,0.363321799307958,2.02542650864225,0.52192513368984,0.242715985658172,118.445401001188,0.479508196721311,1.12117080925962,0.47379679144385,0.313967784716459,139.087728629391,0.478555304740406,1.48943937813872,882,156,0.186342783837874,164.354335345005,0.409297052154195,1.46249661713925,0.557692307692308,0.201793721973094,2.93542600896861,1309,1.31165919282511,585,1.34977578475336,602,92,3.69565217391304,68,-1.524,0.196145124716553,0.148526077097506,0.0476190476190476,0.640589569160998,0.0500025206979849,0.43716814159292,1.18846098268239,0.359410430839002,0.429346722872691,115.90142539286,0.359621451104101,2.05624049179577,0.505668934240363,0.138349477934263,61.7038671586814,0.396860986547085,1.21146845598513,0.486394557823129,0.270166492757249,115.90142539286,0.428904428904429,1.70397479390164,15,35,35,28,15,63,23,58,30,19,17,13,21,17,34,19.5,68,83,58,97,12,54,36,17,56,54,32,16,78,56,20,13,23,15,79,50,48,14,105,106.5,90.5,76,83,54,127,2,24,39,77,132,128,84,95.5,134,58,116.5,20,16,5,117,13,34,29,126,13,117,86,126,68,64,69,79,38,130,72,80,88,111,72.5,-6.5,2.276,56.5,85.5,79,"SUN",5,4,1,0.93,1,0.794,0.9834,1,0.73,0.7929,0.7077,0.7649,0.6333,11,3,53,8,1,53,14,4,55,41,64,47,75,23.7630480167015,32.8351763363359,25.5,249.5,7.49,9.53,6.26,30.5,88.5,"http://a.espncdn.com/i/teamlogos/ncaa/500/326.png","#4e1719","#b4975a","Bobcats",NA,NA,NA,NA,NA,NA,NA,NA,NA,NA,NA,NA,NA,NA,NA,NA,NA,NA,NA,NA,NA,NA
"213",213,2023,"Texas State","Sun Belt",935,159,0.261174368234483,244.198034299241,0.477005347593583,1.29622223661919,0.788732394366197,0.159836065573771,3.29241803278689,1607,1.29713114754098,633,1.63114754098361,796,84,4.5,70.6,1.337,0.159358288770053,0.116577540106952,0.0427807486631016,0.690909090909091,0.181543917754722,0.527863777089783,1.0716871968467,0.309090909090909,0.439171845777476,0.363321799307958,2.02542650864225,0.52192513368984,0.242715985658172,118.445401001188,0.479508196721311,1.12117080925962,0.47379679144385,0.313967784716459,139.087728629391,0.478555304740406,1.48943937813872,882,156,0.186342783837874,164.354335345005,0.409297052154195,1.46249661713925,0.557692307692308,0.201793721973094,2.93542600896861,1309,1.31165919282511,585,1.34977578475336,602,92,3.69565217391304,68,-1.524,0.196145124716553,0.148526077097506,0.0476190476190476,0.640589569160998,0.0500025206979849,0.43716814159292,1.18846098268239,0.359410430839002,0.429346722872691,115.90142539286,0.359621451104101,2.05624049179577,0.505668934240363,0.138349477934263,61.7038671586814,0.396860986547085,1.21146845598513,0.486394557823129,0.270166492757249,115.90142539286,0.428904428904429,1.70397479390164,15,35,35,28,15,63,23,58,30,19,17,13,21,17,34,19.5,68,83,58,97,12,54,36,17,56,54,32,16,78,56,20,13,23,15,79,50,48,14,105,106.5,90.5,76,83,54,127,2,24,39,77,132,128,84,95.5,134,58,116.5,20,16,5,117,13,34,29,126,13,117,86,126,68,64,69,79,38,130,72,80,88,111,72.5,-6.5,2.276,56.5,85.5,79,"SUN",5,4,1,0.93,1,0.794,0.9834,1,0.73,0.7929,0.7077,0.7649,0.6333,11,3,53,8,1,53,14,4,55,41,64,47,75,23.7630480167015,32.8351763363359,25.5,249.5,7.49,9.53,6.26,30.5,88.5,"http://a.espncdn.com/i/teamlogos/ncaa/500/326.png","#4e1719","#b4975a","Bobcats",NA,NA,NA,NA,NA,NA,NA,NA,NA,NA,NA,NA,NA,NA,NA,NA,NA,NA,NA,NA,NA,NA
"214",214,2023,"Texas Tech","Big 12",936,160,0.136843823317117,128.085818624822,0.428418803418803,1.20361268247878,0.753424657534247,0.151241534988713,3.37426636568849,1495,1.04966139954853,465,0.993227990970655,440,75,3.90666666666667,70,1.401,0.148504273504274,0.0715811965811966,0.0769230769230769,0.698717948717949,0.0829716457608687,0.487767584097859,1.04185182277372,0.301282051282051,0.261781426585865,0.290780141843972,1.83290188059966,0.473290598290598,0.209328593921442,92.7325671071986,0.478555304740406,0.97740304469923,0.513888888888889,0.142545025463775,68.5641572480758,0.392931392931393,1.45735047723678,914,164,0.16057490986742,146.765467618821,0.413566739606127,1.22741834782273,0.615384615384615,0.155405405405405,3.15,1399,1.11486486486486,495,1.07432432432432,477,72,3.45833333333333,73.2,-1.183,0.150984682713348,0.0897155361050328,0.0612691466083151,0.695842450765864,0.0960790406771697,0.468553459119497,0.973706163748213,0.304157549234136,0.308126610604826,101.80198012827,0.287769784172662,2.17249623350033,0.485776805251641,0.150032062587205,66.614235788719,0.432432432432432,0.975692426076219,0.50437636761488,0.220828590299936,101.80198012827,0.403470715835141,1.48726446059333,14,32,94,83,59,108,56,47,15,36,82,70,106,91,61,70,51,57,41,11,116,42,95,52,72,42,91,81,124,94,36,36,25,83,41,109,97,86,118,119,112,61,69,63,37,10,89,85,97,79,96.5,50,65,75,41,19,110.5,102,105,72,103,57,62,24,103,72,70,48,108,45,80,88,76,60,89,49,56,32,72,7.4,3.244,58.5,41.5,14,"B12",-4.5,0.5,-5,0.78,0.7436,0.8503,0.6994,1,0.25,0.259,0.1735,0.2801,0.3529,102,37,127,46,69,42,71,4,130,130,130,128,117,23.5953389830508,27.4804240174321,23.5,177.5,7.44,5.99,3.57,132.5,90.5,"http://a.espncdn.com/i/teamlogos/ncaa/500/2641.png","#C80025","#231f20","Red Raiders",NA,NA,NA,NA,NA,NA,NA,NA,NA,NA,NA,NA,NA,NA,NA,NA,0.539,0.462,0.385,61.5,78.5,117
"215",215,2023,"Texas Tech","Big 12",936,160,0.136843823317117,128.085818624822,0.428418803418803,1.20361268247878,0.753424657534247,0.151241534988713,3.37426636568849,1495,1.04966139954853,465,0.993227990970655,440,75,3.90666666666667,70,1.401,0.148504273504274,0.0715811965811966,0.0769230769230769,0.698717948717949,0.0829716457608687,0.487767584097859,1.04185182277372,0.301282051282051,0.261781426585865,0.290780141843972,1.83290188059966,0.473290598290598,0.209328593921442,92.7325671071986,0.478555304740406,0.97740304469923,0.513888888888889,0.142545025463775,68.5641572480758,0.392931392931393,1.45735047723678,914,164,0.16057490986742,146.765467618821,0.413566739606127,1.22741834782273,0.615384615384615,0.155405405405405,3.15,1399,1.11486486486486,495,1.07432432432432,477,72,3.45833333333333,73.2,-1.183,0.150984682713348,0.0897155361050328,0.0612691466083151,0.695842450765864,0.0960790406771697,0.468553459119497,0.973706163748213,0.304157549234136,0.308126610604826,101.80198012827,0.287769784172662,2.17249623350033,0.485776805251641,0.150032062587205,66.614235788719,0.432432432432432,0.975692426076219,0.50437636761488,0.220828590299936,101.80198012827,0.403470715835141,1.48726446059333,14,32,94,83,59,108,56,47,15,36,82,70,106,91,61,70,51,57,41,11,116,42,95,52,72,42,91,81,124,94,36,36,25,83,41,109,97,86,118,119,112,61,69,63,37,10,89,85,97,79,96.5,50,65,75,41,19,110.5,102,105,72,103,57,62,24,103,72,70,48,108,45,80,88,76,60,89,49,56,32,72,7.4,3.244,58.5,41.5,14,"B12",-4.5,0.5,-5,0.78,0.7436,0.8503,0.6994,1,0.25,0.259,0.1735,0.2801,0.3529,102,37,127,46,69,42,71,4,130,130,130,128,117,23.5953389830508,27.4804240174321,23.5,177.5,7.44,5.99,3.57,132.5,90.5,"http://a.espncdn.com/i/teamlogos/ncaa/500/2641.png","#C80025","#231f20","Red Raiders",NA,NA,NA,NA,NA,NA,NA,NA,NA,NA,NA,NA,NA,NA,NA,NA,0.539,0.462,0.385,61.5,78.5,117
"216",216,2023,"Toledo","Mid-American",892,166,0.290940173812863,259.518635041074,0.460762331838565,1.32188638618379,0.814814814814815,0.150980392156863,3.35,1709,1.26470588235294,645,1.87450980392157,956,87,4.4367816091954,68.9,1.511,0.139013452914798,0.0807174887892377,0.0582959641255605,0.680493273542601,0.235121688203946,0.520593080724876,1.11056578434514,0.319506726457399,0.409823755443083,0.333333333333333,2.02480544072079,0.571748878923767,0.193169286245952,98.5163359854354,0.46078431372549,1.02681176674495,0.42152466367713,0.461673071248843,173.589074789565,0.468085106382979,1.71587806554816,922,166,0.100861001256869,92.9938431588328,0.387201735357918,1.21176871527667,0.725806451612903,0.161425576519916,3.19559748427673,1524,1.06079664570231,506,1.05660377358491,504,73,3.32876712328767,71.2,-1.35,0.186550976138829,0.106290672451193,0.0802603036876356,0.664859002169197,0.0545152228870308,0.453507340946166,0.988748022982306,0.335140997830803,0.192802626307712,44.9289528395309,0.255663430420712,1.99657570841379,0.517353579175705,0.147206278281254,70.2173947401582,0.427672955974843,0.974490620080683,0.470715835140998,0.103522932809979,44.9289528395309,0.352534562211982,1.52813950887131,30,16.5,17,17,27,40,14.5,46,20,8,24,8,9,4,25.5,26,26,21,20,23,56,74,19,20,28,74,39,40.5,79,22,41,28,42,49,113,18,21,20,26,125,116.5,24,28,35,29,68.5,79,94,124,60,104,47,71.5,79.5,24.5,62,64,29,58,9,48,38,45,30,48,19,11,20,54,86,79,94,72,58,44,10,11,46,62.5,-7,2.644,94,87,49,"MAC",-8,-4,-4,0.49,0.1397,0.8672,0.5227,0.2711,0.52,0.4897,0.5437,0.5198,0.5294,119,102,116,107,102,41,105,119,104,111,90,107,95,25.7447280799112,29.3810542288153,77.5,213.5,7.8,7.62,5.32,92.5,80.5,"http://a.espncdn.com/i/teamlogos/ncaa/500/2649.png","#00488F","#ffd51d","Rockets",NA,NA,NA,NA,NA,NA,NA,NA,NA,NA,NA,NA,NA,NA,NA,NA,0.786,0.5,0.5,15,63.5,71
"217",217,2023,"Toledo","Mid-American",892,166,0.290940173812863,259.518635041074,0.460762331838565,1.32188638618379,0.814814814814815,0.150980392156863,3.35,1709,1.26470588235294,645,1.87450980392157,956,87,4.4367816091954,68.9,1.511,0.139013452914798,0.0807174887892377,0.0582959641255605,0.680493273542601,0.235121688203946,0.520593080724876,1.11056578434514,0.319506726457399,0.409823755443083,0.333333333333333,2.02480544072079,0.571748878923767,0.193169286245952,98.5163359854354,0.46078431372549,1.02681176674495,0.42152466367713,0.461673071248843,173.589074789565,0.468085106382979,1.71587806554816,922,166,0.100861001256869,92.9938431588328,0.387201735357918,1.21176871527667,0.725806451612903,0.161425576519916,3.19559748427673,1524,1.06079664570231,506,1.05660377358491,504,73,3.32876712328767,71.2,-1.35,0.186550976138829,0.106290672451193,0.0802603036876356,0.664859002169197,0.0545152228870308,0.453507340946166,0.988748022982306,0.335140997830803,0.192802626307712,44.9289528395309,0.255663430420712,1.99657570841379,0.517353579175705,0.147206278281254,70.2173947401582,0.427672955974843,0.974490620080683,0.470715835140998,0.103522932809979,44.9289528395309,0.352534562211982,1.52813950887131,30,16.5,17,17,27,40,14.5,46,20,8,24,8,9,4,25.5,26,26,21,20,23,56,74,19,20,28,74,39,40.5,79,22,41,28,42,49,113,18,21,20,26,125,116.5,24,28,35,29,68.5,79,94,124,60,104,47,71.5,79.5,24.5,62,64,29,58,9,48,38,45,30,48,19,11,20,54,86,79,94,72,58,44,10,11,46,62.5,-7,2.644,94,87,49,"MAC",-8,-4,-4,0.49,0.1397,0.8672,0.5227,0.2711,0.52,0.4897,0.5437,0.5198,0.5294,119,102,116,107,102,41,105,119,104,111,90,107,95,25.7447280799112,29.3810542288153,77.5,213.5,7.8,7.62,5.32,92.5,80.5,"http://a.espncdn.com/i/teamlogos/ncaa/500/2649.png","#00488F","#ffd51d","Rockets",NA,NA,NA,NA,NA,NA,NA,NA,NA,NA,NA,NA,NA,NA,NA,NA,0.786,0.5,0.5,15,63.5,71
"218",218,2023,"Troy","Sun Belt",928,164,0.223526012064079,207.432139195465,0.414870689655172,1.37677840428387,0.727272727272727,0.18,3.11955555555556,1404,1.10666666666667,498,1.44,648,91,3.78021978021978,69.3,1.495,0.170258620689655,0.102370689655172,0.0678879310344828,0.673491379310345,0.174221373561439,0.4736,1.12172720333827,0.326508620689655,0.325226999074475,0.293729372937294,2.22503857821527,0.484913793103448,0.152086238469866,68.4388073114398,0.42,1.05047486362978,0.510775862068966,0.305304610359916,144.7143853106,0.413502109704641,1.69142824705745,895,169,0.0329620572868908,29.5010412717673,0.37877094972067,1.22900984150687,0.60377358490566,0.217183770883055,2.76252983293556,1158,1.00477326968974,421,1.01193317422434,424,73,2.95890410958904,70.5,-1.357,0.195530726256983,0.13854748603352,0.0569832402234637,0.653631284916201,-0.0545411651831729,0.430769230769231,0.970907203317414,0.346368715083799,0.198089106141688,56.4877913025898,0.280645161290323,1.97661748315909,0.468156424581006,-0.0252193363166696,-10.5669019166845,0.369928400954654,0.966770104000334,0.524022346368715,0.120443051817889,56.4877913025898,0.392324093816631,1.44991831603683,19,21,45,40,76,13,80,86,71,53,58,51,47,41,15.5,78,33,24,84,69,101,85,43,70,17,85,63,79,23,87,69,63,81,34,44,55,42,69,30,110,122,7,8,27,40,9,16,18,36.5,43,49,43,40.5,79.5,11,74.5,62,17,7,85,32,5,23,21,32,21,17,37,47,26,8,7,23,53,110,12,42,22,68,-0.7,1.656,76.5,64,116,"SUN",-10.5,-6,-4.5,0.34,0.0259,0.4528,0.4268,0.9283,0.37,0.3589,0.5045,0.4364,0.0811,128,128,122,127,125,110,121,58,124,124,104,119,133,27.4676564156946,27.9832183754034,150.5,185.5,8.19,7.24,5.31,106.5,64.5,"http://a.espncdn.com/i/teamlogos/ncaa/500/2653.png","#AE0210","#88898c","Trojans",NA,NA,NA,NA,NA,NA,NA,NA,NA,NA,NA,NA,NA,NA,NA,NA,0.786,0.571,0.429,15,40.5,100
"219",219,2023,"Troy","Sun Belt",928,164,0.223526012064079,207.432139195465,0.414870689655172,1.37677840428387,0.727272727272727,0.18,3.11955555555556,1404,1.10666666666667,498,1.44,648,91,3.78021978021978,69.3,1.495,0.170258620689655,0.102370689655172,0.0678879310344828,0.673491379310345,0.174221373561439,0.4736,1.12172720333827,0.326508620689655,0.325226999074475,0.293729372937294,2.22503857821527,0.484913793103448,0.152086238469866,68.4388073114398,0.42,1.05047486362978,0.510775862068966,0.305304610359916,144.7143853106,0.413502109704641,1.69142824705745,895,169,0.0329620572868908,29.5010412717673,0.37877094972067,1.22900984150687,0.60377358490566,0.217183770883055,2.76252983293556,1158,1.00477326968974,421,1.01193317422434,424,73,2.95890410958904,70.5,-1.357,0.195530726256983,0.13854748603352,0.0569832402234637,0.653631284916201,-0.0545411651831729,0.430769230769231,0.970907203317414,0.346368715083799,0.198089106141688,56.4877913025898,0.280645161290323,1.97661748315909,0.468156424581006,-0.0252193363166696,-10.5669019166845,0.369928400954654,0.966770104000334,0.524022346368715,0.120443051817889,56.4877913025898,0.392324093816631,1.44991831603683,19,21,45,40,76,13,80,86,71,53,58,51,47,41,15.5,78,33,24,84,69,101,85,43,70,17,85,63,79,23,87,69,63,81,34,44,55,42,69,30,110,122,7,8,27,40,9,16,18,36.5,43,49,43,40.5,79.5,11,74.5,62,17,7,85,32,5,23,21,32,21,17,37,47,26,8,7,23,53,110,12,42,22,68,-0.7,1.656,76.5,64,116,"SUN",-10.5,-6,-4.5,0.34,0.0259,0.4528,0.4268,0.9283,0.37,0.3589,0.5045,0.4364,0.0811,128,128,122,127,125,110,121,58,124,124,104,119,133,27.4676564156946,27.9832183754034,150.5,185.5,8.19,7.24,5.31,106.5,64.5,"http://a.espncdn.com/i/teamlogos/ncaa/500/2653.png","#AE0210","#88898c","Trojans",NA,NA,NA,NA,NA,NA,NA,NA,NA,NA,NA,NA,NA,NA,NA,NA,0.786,0.571,0.429,15,40.5,100
"220",220,2023,"Tulane","American Athletic",881,157,0.187055019300374,164.795472003629,0.422247446083995,1.21241759361182,0.716666666666667,0.137373737373737,3.12989898989899,1549,0.97979797979798,485,1.07070707070707,530,89,3.61797752808989,66.6,1.659,0.148694665153235,0.0908059023836549,0.05788876276958,0.706015891032917,0.153495195247733,0.477491961414791,1.022019639956,0.293984108967083,0.267650426870809,0.28957528957529,1.96639349008887,0.561861520998865,0.0920119176788847,45.5458992510479,0.393939393939394,0.894093702563546,0.431328036322361,0.35662265235648,135.516607895462,0.465789473684211,1.56311340578365,904,160,0.158162164210298,142.978596446109,0.412610619469027,1.24143140772493,0.75,0.170792079207921,3.03762376237624,1227,1.12128712871287,453,0.95049504950495,384,74,3.7027027027027,72.8,-1.17,0.186946902654867,0.11283185840708,0.0741150442477876,0.662610619469027,0.109822673143391,0.47245409015025,1.04218281015722,0.337389380530973,0.253097754863009,121.458893093195,0.295081967213115,1.86795755341006,0.446902654867257,0.0864772717716555,34.9368177957488,0.403465346534653,1.00392551237198,0.543141592920354,0.247370454364959,121.458893093195,0.427698574338086,1.42578122173698,34.5,40.5,68,65,64,104,86,22,69,30,103,57,94,67,20,91,5,5,43,41.5,52,24.5,50,63,85,24.5,88,83,98,25,103,91,110,114,108,33,51,23,78,115,101.5,57,66,59,47,87,67,61,57,80,73,30,31,87.5,60,27,115,28,40,28,44,65,68,70,44,44,99,62,17,12,39,37,42,77,124,68,86,11,73,-0.8,3.148,54.5,65.5,20,"AAC",-2,-1,-1,0.69,1,0.371,0.6421,0.9433,0.61,0.6007,0.7944,0.6618,0.2449,78,66,73,73,1,118,85,55,80,87,43,69,129,29.4189944134078,23.1762750437755,218.5,101.5,7.62,7.97,5.6,76.5,86.5,"http://a.espncdn.com/i/teamlogos/ncaa/500/2655.png","#005837","#3baf29","Green Wave",NA,NA,NA,NA,NA,NA,NA,NA,NA,NA,NA,NA,NA,NA,NA,NA,0.786,0.357,0.214,15,114,133
"221",221,2023,"Tulane","American Athletic",881,157,0.187055019300374,164.795472003629,0.422247446083995,1.21241759361182,0.716666666666667,0.137373737373737,3.12989898989899,1549,0.97979797979798,485,1.07070707070707,530,89,3.61797752808989,66.6,1.659,0.148694665153235,0.0908059023836549,0.05788876276958,0.706015891032917,0.153495195247733,0.477491961414791,1.022019639956,0.293984108967083,0.267650426870809,0.28957528957529,1.96639349008887,0.561861520998865,0.0920119176788847,45.5458992510479,0.393939393939394,0.894093702563546,0.431328036322361,0.35662265235648,135.516607895462,0.465789473684211,1.56311340578365,904,160,0.158162164210298,142.978596446109,0.412610619469027,1.24143140772493,0.75,0.170792079207921,3.03762376237624,1227,1.12128712871287,453,0.95049504950495,384,74,3.7027027027027,72.8,-1.17,0.186946902654867,0.11283185840708,0.0741150442477876,0.662610619469027,0.109822673143391,0.47245409015025,1.04218281015722,0.337389380530973,0.253097754863009,121.458893093195,0.295081967213115,1.86795755341006,0.446902654867257,0.0864772717716555,34.9368177957488,0.403465346534653,1.00392551237198,0.543141592920354,0.247370454364959,121.458893093195,0.427698574338086,1.42578122173698,34.5,40.5,68,65,64,104,86,22,69,30,103,57,94,67,20,91,5,5,43,41.5,52,24.5,50,63,85,24.5,88,83,98,25,103,91,110,114,108,33,51,23,78,115,101.5,57,66,59,47,87,67,61,57,80,73,30,31,87.5,60,27,115,28,40,28,44,65,68,70,44,44,99,62,17,12,39,37,42,77,124,68,86,11,73,-0.8,3.148,54.5,65.5,20,"AAC",-2,-1,-1,0.69,1,0.371,0.6421,0.9433,0.61,0.6007,0.7944,0.6618,0.2449,78,66,73,73,1,118,85,55,80,87,43,69,129,29.4189944134078,23.1762750437755,218.5,101.5,7.62,7.97,5.6,76.5,86.5,"http://a.espncdn.com/i/teamlogos/ncaa/500/2655.png","#005837","#3baf29","Green Wave",NA,NA,NA,NA,NA,NA,NA,NA,NA,NA,NA,NA,NA,NA,NA,NA,0.786,0.357,0.214,15,114,133
"222",222,2023,"Tulsa","American Athletic",846,153,0.166832817309344,141.140563443705,0.41371158392435,1.23993182806057,0.793103448275862,0.139676113360324,3.20404858299595,1583,0.987854251012146,488,1.04453441295547,516,65,4.23076923076923,71.9,1.254,0.16903073286052,0.108747044917258,0.0602836879432624,0.666666666666667,0.0933421133393014,0.462765957446808,0.961777624320755,0.333333333333333,0.313814225249429,0.315602836879433,2.05564247048857,0.583924349881797,0.10926556044982,53.9771868622111,0.410931174089069,0.888479420685128,0.401891252955083,0.316358513884773,107.561894720823,0.432352941176471,1.72527086681713,802,146,0.293030810062119,235.01070966982,0.450124688279302,1.38090975333784,0.704918032786885,0.158690176322418,3.19294710327456,1268,1.11335012594458,442,1.74811083123426,694,74,3.94594594594595,71.1,-1.354,0.144638403990025,0.0972568578553616,0.0473815461346633,0.708229426433915,0.249205060181633,0.517605633802817,1.13010737593602,0.291770573566085,0.399411262763472,175.966595515683,0.286324786324786,2.48144555865329,0.49501246882793,0.210931973069356,83.7399933085343,0.438287153652393,1.08822980081666,0.493765586034913,0.444360089686069,175.966595515683,0.472222222222222,1.65324297119177,54,53,81,75,78,91,22,27,52,23,101,54,97,73,93,34,108,111.5,82,81,65,95.5,90,88,118,95.5,70,61,60,17,93,81,91,116,121,48,66,55,22,49,45,126,127,115,116,56,83,93,65,78,64,118,113,87.5,82,64.5,63,114,81,118,118,128,124,110,118,107,129,46,134,54,110,101,83,111,81,131,128,93,52.5,-13.2,0.738,122,112,131,"AAC",-6,-3.5,-2.5,0.66,0.7178,0.7904,0.366,0.8984,0.53,0.5058,0.5813,0.5401,0.4627,109,93,102,74,73,54,127,63,102,108,83,99,104,24.8095238095238,26.5896881249381,49.5,159.5,5.14,3.9,2.18,230.5,171.5,"http://a.espncdn.com/i/teamlogos/ncaa/500/202.png","#004371","#ee3b33","Golden Hurricane",NA,NA,NA,NA,NA,NA,NA,NA,NA,NA,NA,NA,NA,NA,NA,NA,0.333,0.417,0.417,104,97.5,108
"223",223,2023,"Tulsa","American Athletic",846,153,0.166832817309344,141.140563443705,0.41371158392435,1.23993182806057,0.793103448275862,0.139676113360324,3.20404858299595,1583,0.987854251012146,488,1.04453441295547,516,65,4.23076923076923,71.9,1.254,0.16903073286052,0.108747044917258,0.0602836879432624,0.666666666666667,0.0933421133393014,0.462765957446808,0.961777624320755,0.333333333333333,0.313814225249429,0.315602836879433,2.05564247048857,0.583924349881797,0.10926556044982,53.9771868622111,0.410931174089069,0.888479420685128,0.401891252955083,0.316358513884773,107.561894720823,0.432352941176471,1.72527086681713,802,146,0.293030810062119,235.01070966982,0.450124688279302,1.38090975333784,0.704918032786885,0.158690176322418,3.19294710327456,1268,1.11335012594458,442,1.74811083123426,694,74,3.94594594594595,71.1,-1.354,0.144638403990025,0.0972568578553616,0.0473815461346633,0.708229426433915,0.249205060181633,0.517605633802817,1.13010737593602,0.291770573566085,0.399411262763472,175.966595515683,0.286324786324786,2.48144555865329,0.49501246882793,0.210931973069356,83.7399933085343,0.438287153652393,1.08822980081666,0.493765586034913,0.444360089686069,175.966595515683,0.472222222222222,1.65324297119177,54,53,81,75,78,91,22,27,52,23,101,54,97,73,93,34,108,111.5,82,81,65,95.5,90,88,118,95.5,70,61,60,17,93,81,91,116,121,48,66,55,22,49,45,126,127,115,116,56,83,93,65,78,64,118,113,87.5,82,64.5,63,114,81,118,118,128,124,110,118,107,129,46,134,54,110,101,83,111,81,131,128,93,52.5,-13.2,0.738,122,112,131,"AAC",-6,-3.5,-2.5,0.66,0.7178,0.7904,0.366,0.8984,0.53,0.5058,0.5813,0.5401,0.4627,109,93,102,74,73,54,127,63,102,108,83,99,104,24.8095238095238,26.5896881249381,49.5,159.5,5.14,3.9,2.18,230.5,171.5,"http://a.espncdn.com/i/teamlogos/ncaa/500/202.png","#004371","#ee3b33","Golden Hurricane",NA,NA,NA,NA,NA,NA,NA,NA,NA,NA,NA,NA,NA,NA,NA,NA,0.333,0.417,0.417,104,97.5,108
"224",224,2023,"UAB","American Athletic",832,143,0.294829553566195,245.298188567075,0.477163461538462,1.27533683958822,0.78,0.122715404699739,3.6621409921671,1403,1.33159268929504,510,1.42558746736292,546,76,3.84210526315789,72.3,1.237,0.181490384615385,0.127403846153846,0.0540865384615385,0.71875,0.241151963878577,0.538461538461538,1.07393895087339,0.28125,0.432005616101222,0.320512820512821,2.1400051084706,0.460336538461538,0.306236420137151,117.288548912529,0.506527415143603,1.04282952641313,0.527644230769231,0.321112329976688,140.968312859766,0.462414578587699,1.49753594676048,832,141,0.281340764454925,234.075516026497,0.487980769230769,1.24753077549769,0.852459016393443,0.115023474178404,3.53028169014084,1504,1.30516431924883,556,1.80281690140845,768,85,4.44705882352941,67.1,-1.596,0.157451923076923,0.0865384615384615,0.0709134615384615,0.711538461538462,0.219500380816871,0.538851351351351,1.03833029998773,0.288461538461538,0.43388037742879,108.205454153812,0.3625,2.01459918570089,0.512019230769231,0.349401544909682,148.845058131525,0.539906103286385,1.04192016613392,0.478365384615385,0.271873000386461,108.205454153812,0.442211055276382,1.51622645818898,65,103,14,26,14,75,30,8,3,54,12,48,48,63,57.5,76,113,114,103,124,40,12,14,9,54,12,33,53,39,100,4,16,10,38,36,46,47,25,101,69,25.5,122,126,133,50,129,129,132,120,131,120,122,122,126,124,126.5,11,86,111,37,122,120,131,66,122,121,76,127,60,76,134,133,133,94,56,81,108,42,63,-10.6,3.838,91.5,99,2,"AAC",-0.5,-0.5,0,0.72,1,0.4804,0.7539,0.4398,0.67,0.6532,0.6229,0.6182,0.8286,65,56,62,65,1,108,57,104,66,73,75,78,37,24.6236811254396,30.201274259561,39.5,219.5,5.95,6.85,4.04,116.5,146.5,"http://a.espncdn.com/i/teamlogos/ncaa/500/5.png","#003b28","#ffc845","Blazers",NA,NA,NA,NA,NA,NA,NA,NA,NA,NA,NA,NA,NA,NA,NA,NA,0.333,0.5,0.583,104,63.5,36.5
"225",225,2023,"UAB","American Athletic",832,143,0.294829553566195,245.298188567075,0.477163461538462,1.27533683958822,0.78,0.122715404699739,3.6621409921671,1403,1.33159268929504,510,1.42558746736292,546,76,3.84210526315789,72.3,1.237,0.181490384615385,0.127403846153846,0.0540865384615385,0.71875,0.241151963878577,0.538461538461538,1.07393895087339,0.28125,0.432005616101222,0.320512820512821,2.1400051084706,0.460336538461538,0.306236420137151,117.288548912529,0.506527415143603,1.04282952641313,0.527644230769231,0.321112329976688,140.968312859766,0.462414578587699,1.49753594676048,832,141,0.281340764454925,234.075516026497,0.487980769230769,1.24753077549769,0.852459016393443,0.115023474178404,3.53028169014084,1504,1.30516431924883,556,1.80281690140845,768,85,4.44705882352941,67.1,-1.596,0.157451923076923,0.0865384615384615,0.0709134615384615,0.711538461538462,0.219500380816871,0.538851351351351,1.03833029998773,0.288461538461538,0.43388037742879,108.205454153812,0.3625,2.01459918570089,0.512019230769231,0.349401544909682,148.845058131525,0.539906103286385,1.04192016613392,0.478365384615385,0.271873000386461,108.205454153812,0.442211055276382,1.51622645818898,65,103,14,26,14,75,30,8,3,54,12,48,48,63,57.5,76,113,114,103,124,40,12,14,9,54,12,33,53,39,100,4,16,10,38,36,46,47,25,101,69,25.5,122,126,133,50,129,129,132,120,131,120,122,122,126,124,126.5,11,86,111,37,122,120,131,66,122,121,76,127,60,76,134,133,133,94,56,81,108,42,63,-10.6,3.838,91.5,99,2,"AAC",-0.5,-0.5,0,0.72,1,0.4804,0.7539,0.4398,0.67,0.6532,0.6229,0.6182,0.8286,65,56,62,65,1,108,57,104,66,73,75,78,37,24.6236811254396,30.201274259561,39.5,219.5,5.95,6.85,4.04,116.5,146.5,"http://a.espncdn.com/i/teamlogos/ncaa/500/5.png","#003b28","#ffc845","Blazers",NA,NA,NA,NA,NA,NA,NA,NA,NA,NA,NA,NA,NA,NA,NA,NA,0.333,0.5,0.583,104,63.5,36.5
"226",226,2023,"UCF","Big 12",881,148,0.314894523260477,277.422074992481,0.461975028376845,1.41992166643767,0.732394366197183,0.178356713426854,3.34689378757515,1670,1.38076152304609,689,1.98196392785571,989,86,3.75581395348837,73.4,1.177,0.146424517593644,0.0908059023836549,0.0556186152099886,0.706015891032917,0.239311129821507,0.495176848874598,1.19969740282156,0.293984108967083,0.496411398623564,0.382239382239382,2.10506381991001,0.566401816118048,0.263664166825991,131.56841924617,0.48496993987976,1.11900700812294,0.423382519863791,0.472941763379312,176.407277740483,0.442359249329759,1.86126316529927,862,143,0.154269919939306,132.980670987682,0.450116009280742,1.17279185481123,0.8,0.166315789473684,3.30568421052632,1570,1.28842105263158,612,1.67578947368421,796,76,3.78947368421053,69.7,-1.416,0.119489559164733,0.0730858468677494,0.0464037122969838,0.690255220417633,0.125187929137032,0.502521008403361,1.01732085808301,0.309744779582367,0.219078101689691,62.6932658126757,0.333333333333333,1.69510452921277,0.551044083526682,0.204610712124993,97.1900882593715,0.488421052631579,1.00316867976425,0.438515081206497,0.165855200562634,62.6932658126757,0.412698412698413,1.42505196129136,34.5,75.5,11,12,24,7,78,84,21,13,6,4,6,2,27.5,80,123,123,36,41.5,42,24.5,16,44,4,24.5,13,9,46,24,13,10,19,16,112,14,19,45,7,91,34,55,60,114,16,113,72,113,127,130,132,115,126,102.5,68,94.5,42,130,129,123,91,72,112.5,49,91,30,19,112.5,2,121,106,114,127,76,15,21,66,10,79,5.9,2.692,33.5,45,47,"B12",-2.5,-4.5,2,0.46,0.3221,0.5365,0.483,0.7185,0.77,0.6619,1,0.7154,0.6389,85,109,45,112,95,104,112,86,50,70,1,59,72,25.1675977653631,33.0838550288409,59.5,251.5,6.76,7.33,4.98,98.5,106.5,"http://a.espncdn.com/i/teamlogos/ncaa/500/2116.png","#000000","#231f20","Knights",NA,NA,NA,NA,NA,NA,NA,NA,NA,NA,NA,NA,NA,NA,NA,NA,NA,NA,NA,NA,NA,NA
"227",227,2023,"UCF","Big 12",881,148,0.314894523260477,277.422074992481,0.461975028376845,1.41992166643767,0.732394366197183,0.178356713426854,3.34689378757515,1670,1.38076152304609,689,1.98196392785571,989,86,3.75581395348837,73.4,1.177,0.146424517593644,0.0908059023836549,0.0556186152099886,0.706015891032917,0.239311129821507,0.495176848874598,1.19969740282156,0.293984108967083,0.496411398623564,0.382239382239382,2.10506381991001,0.566401816118048,0.263664166825991,131.56841924617,0.48496993987976,1.11900700812294,0.423382519863791,0.472941763379312,176.407277740483,0.442359249329759,1.86126316529927,862,143,0.154269919939306,132.980670987682,0.450116009280742,1.17279185481123,0.8,0.166315789473684,3.30568421052632,1570,1.28842105263158,612,1.67578947368421,796,76,3.78947368421053,69.7,-1.416,0.119489559164733,0.0730858468677494,0.0464037122969838,0.690255220417633,0.125187929137032,0.502521008403361,1.01732085808301,0.309744779582367,0.219078101689691,62.6932658126757,0.333333333333333,1.69510452921277,0.551044083526682,0.204610712124993,97.1900882593715,0.488421052631579,1.00316867976425,0.438515081206497,0.165855200562634,62.6932658126757,0.412698412698413,1.42505196129136,34.5,75.5,11,12,24,7,78,84,21,13,6,4,6,2,27.5,80,123,123,36,41.5,42,24.5,16,44,4,24.5,13,9,46,24,13,10,19,16,112,14,19,45,7,91,34,55,60,114,16,113,72,113,127,130,132,115,126,102.5,68,94.5,42,130,129,123,91,72,112.5,49,91,30,19,112.5,2,121,106,114,127,76,15,21,66,10,79,5.9,2.692,33.5,45,47,"B12",-2.5,-4.5,2,0.46,0.3221,0.5365,0.483,0.7185,0.77,0.6619,1,0.7154,0.6389,85,109,45,112,95,104,112,86,50,70,1,59,72,25.1675977653631,33.0838550288409,59.5,251.5,6.76,7.33,4.98,98.5,106.5,"http://a.espncdn.com/i/teamlogos/ncaa/500/2116.png","#000000","#231f20","Knights",NA,NA,NA,NA,NA,NA,NA,NA,NA,NA,NA,NA,NA,NA,NA,NA,NA,NA,NA,NA,NA,NA
"228",228,2023,"UCLA","Big Ten",923,162,0.185483854281313,171.201597501652,0.423618634886241,1.31367601638426,0.7,0.179324894514768,3.27510548523207,1552,1.21518987341772,576,1.71308016877637,812,91,3.10989010989011,70.1,1.409,0.167930660888407,0.102925243770314,0.0650054171180932,0.680390032502709,0.136684381178237,0.468152866242038,1.1109706387413,0.319609967497291,0.289368834310912,0.328813559322034,1.92806138779694,0.513542795232936,0.213608707505539,101.250527357625,0.449367088607595,1.07905737606167,0.482123510292524,0.163293078534595,72.6654199478948,0.4,1.59442753542196,830,156,0.0797613682468347,66.2019356448728,0.37710843373494,1.2123428041938,0.571428571428571,0.232294617563739,2.74079320113314,968,0.895184135977337,316,0.677053824362606,239,62,3.16129032258065,72.1,-1.228,0.208433734939759,0.143373493975904,0.0650602409638554,0.65421686746988,-0.0231587161279915,0.427255985267035,0.90415962917163,0.34578313253012,0.274484733457743,93.6996733802839,0.282229965156794,2.0950402931462,0.425301204819277,-0.0274610698000649,-9.6937576394229,0.388101983002833,0.81287501154027,0.566265060240964,0.199361007192093,93.6996733802839,0.374468085106383,1.5232921655207,20,26.5,69,62,63,46,100,85,33,28,37,23,16,15,15.5,121,54.5,52,77,71,86,75,61,75,27,75,81,49,108,63,33,23,47,22,68,103,94,80.5,64,66,90.5,16,16,24,30,4,7,16,12,16,9,10,6,26.5,19,42.5,94,7,6,56,33,12,19,8,33,55,56,40,83,5,7,8,34,6,131,33,23,44,75,8.8,1.732,51,37,110,"B1G",-3.5,-2.5,-1,0.52,0.4543,0.3708,0.6692,0.925,0.52,0.4621,0.5426,0.4581,0.625,96,80,73,103,84,119,78,60,104,114,92,113,77,24.1568836712914,29.4590249820512,31.5,215.5,5.89,4.14,2.8,211.5,148.5,"http://a.espncdn.com/i/teamlogos/ncaa/500/26.png","#005C8E","#ffc72c","Bruins",NA,NA,NA,NA,NA,NA,NA,NA,NA,NA,NA,NA,NA,NA,NA,NA,0.615,0.462,0.231,47,78.5,131.5
"229",229,2023,"UCLA","Big Ten",923,162,0.185483854281313,171.201597501652,0.423618634886241,1.31367601638426,0.7,0.179324894514768,3.27510548523207,1552,1.21518987341772,576,1.71308016877637,812,91,3.10989010989011,70.1,1.409,0.167930660888407,0.102925243770314,0.0650054171180932,0.680390032502709,0.136684381178237,0.468152866242038,1.1109706387413,0.319609967497291,0.289368834310912,0.328813559322034,1.92806138779694,0.513542795232936,0.213608707505539,101.250527357625,0.449367088607595,1.07905737606167,0.482123510292524,0.163293078534595,72.6654199478948,0.4,1.59442753542196,830,156,0.0797613682468347,66.2019356448728,0.37710843373494,1.2123428041938,0.571428571428571,0.232294617563739,2.74079320113314,968,0.895184135977337,316,0.677053824362606,239,62,3.16129032258065,72.1,-1.228,0.208433734939759,0.143373493975904,0.0650602409638554,0.65421686746988,-0.0231587161279915,0.427255985267035,0.90415962917163,0.34578313253012,0.274484733457743,93.6996733802839,0.282229965156794,2.0950402931462,0.425301204819277,-0.0274610698000649,-9.6937576394229,0.388101983002833,0.81287501154027,0.566265060240964,0.199361007192093,93.6996733802839,0.374468085106383,1.5232921655207,20,26.5,69,62,63,46,100,85,33,28,37,23,16,15,15.5,121,54.5,52,77,71,86,75,61,75,27,75,81,49,108,63,33,23,47,22,68,103,94,80.5,64,66,90.5,16,16,24,30,4,7,16,12,16,9,10,6,26.5,19,42.5,94,7,6,56,33,12,19,8,33,55,56,40,83,5,7,8,34,6,131,33,23,44,75,8.8,1.732,51,37,110,"B1G",-3.5,-2.5,-1,0.52,0.4543,0.3708,0.6692,0.925,0.52,0.4621,0.5426,0.4581,0.625,96,80,73,103,84,119,78,60,104,114,92,113,77,24.1568836712914,29.4590249820512,31.5,215.5,5.89,4.14,2.8,211.5,148.5,"http://a.espncdn.com/i/teamlogos/ncaa/500/26.png","#005C8E","#ffc72c","Bruins",NA,NA,NA,NA,NA,NA,NA,NA,NA,NA,NA,NA,NA,NA,NA,NA,0.615,0.462,0.231,47,78.5,131.5
"230",230,2023,"UMass","FBS Independents",721,142,0.155679354659879,112.244814709773,0.409153952843273,1.32279215852891,0.6,0.163434903047091,3.19196675900277,1152,1.2382271468144,447,1.54570637119114,558,55,3.72727272727273,73.5,1.164,0.209431345353675,0.137309292649098,0.072122052704577,0.678224687933426,0.042062916806391,0.456032719836401,1.05587776604101,0.321775312066574,0.395155380997618,0.310344827586207,2.14948534637335,0.500693481276006,0.20354740526347,73.4806133001128,0.437673130193906,1.11387520603172,0.486823855755895,0.182641424339812,64.107139943274,0.39031339031339,1.56373287746726,734,139,0.308374502154022,226.346884581052,0.485013623978202,1.2905639456433,0.866666666666667,0.0842824601366743,3.8120728929385,1674,1.33485193621868,586,1.49430523917995,656,72,4.30555555555556,67,-1.627,0.149863760217984,0.0940054495912807,0.055858310626703,0.719346049046321,0.269096831524832,0.539772727272727,1.12828826104023,0.280653950953678,0.409047366679327,93.2983201747549,0.344660194174757,1.94195225707814,0.598092643051771,0.325761434519711,143.009269754153,0.523917995444191,0.992515578930959,0.396457765667575,0.320612784105687,93.2983201747549,0.43298969072165,1.83462048805471,127,108,86,94,85,38,129.5,63,56,95,33,77.5,32,61,125,82,124.5,125,130,128,109,79,113,95,67,79,43,65,33,76,38,58,63,17,62,97,102,93,77,14.5,20,130,121,132,76,131.5,134,134,131,133,129,103,109,75,115,129,8,108,94,94,127,131,132,109,127,110,55,122,36,133,132,132,131,72,2,105,95,130,51,-20.1,1.59,124,128,117,"IND",-2,-0.5,-1.5,0.74,0.6558,0.8467,0.649,1,0.59,0.5959,0.5948,0.5907,0.5385,78,56,84,59,76,43,84,4,87,89,81,83,93,28.8224932249322,21.8532978256823,204.5,79.5,NA,4,0,222.5,264,"http://a.espncdn.com/i/teamlogos/ncaa/500/113.png","#880007","#FFFFFF","Minutemen",NA,NA,NA,NA,NA,NA,NA,NA,NA,NA,NA,NA,NA,NA,NA,NA,0.25,0.417,0.667,119.5,97.5,20
"231",231,2023,"UMass","FBS Independents",721,142,0.155679354659879,112.244814709773,0.409153952843273,1.32279215852891,0.6,0.163434903047091,3.19196675900277,1152,1.2382271468144,447,1.54570637119114,558,55,3.72727272727273,73.5,1.164,0.209431345353675,0.137309292649098,0.072122052704577,0.678224687933426,0.042062916806391,0.456032719836401,1.05587776604101,0.321775312066574,0.395155380997618,0.310344827586207,2.14948534637335,0.500693481276006,0.20354740526347,73.4806133001128,0.437673130193906,1.11387520603172,0.486823855755895,0.182641424339812,64.107139943274,0.39031339031339,1.56373287746726,734,139,0.308374502154022,226.346884581052,0.485013623978202,1.2905639456433,0.866666666666667,0.0842824601366743,3.8120728929385,1674,1.33485193621868,586,1.49430523917995,656,72,4.30555555555556,67,-1.627,0.149863760217984,0.0940054495912807,0.055858310626703,0.719346049046321,0.269096831524832,0.539772727272727,1.12828826104023,0.280653950953678,0.409047366679327,93.2983201747549,0.344660194174757,1.94195225707814,0.598092643051771,0.325761434519711,143.009269754153,0.523917995444191,0.992515578930959,0.396457765667575,0.320612784105687,93.2983201747549,0.43298969072165,1.83462048805471,127,108,86,94,85,38,129.5,63,56,95,33,77.5,32,61,125,82,124.5,125,130,128,109,79,113,95,67,79,43,65,33,76,38,58,63,17,62,97,102,93,77,14.5,20,130,121,132,76,131.5,134,134,131,133,129,103,109,75,115,129,8,108,94,94,127,131,132,109,127,110,55,122,36,133,132,132,131,72,2,105,95,130,51,-20.1,1.59,124,128,117,"IND",-2,-0.5,-1.5,0.74,0.6558,0.8467,0.649,1,0.59,0.5959,0.5948,0.5907,0.5385,78,56,84,59,76,43,84,4,87,89,81,83,93,28.8224932249322,21.8532978256823,204.5,79.5,NA,4,0,222.5,265,"http://a.espncdn.com/i/teamlogos/ncaa/500/113.png","#880007","#FFFFFF","Minutemen",NA,NA,NA,NA,NA,NA,NA,NA,NA,NA,NA,NA,NA,NA,NA,NA,0.25,0.417,0.667,119.5,97.5,20
"232",232,2023,"UNLV","Mountain West",931,172,0.262937862220371,244.795149727166,0.431793770139635,1.36731063548746,0.771929824561403,0.142011834319527,3.13905325443787,1592,1.0414201183432,528,1.21499013806706,616,93,4.19354838709677,66.9,1.603,0.141783029001074,0.083780880773362,0.0580021482277121,0.678839957035446,0.206262541326193,0.47626582278481,1.15267682140635,0.321160042964554,0.382733189327799,0.337792642140468,2.00696190319454,0.544575725026853,0.186291990667945,94.4500392686482,0.41025641025641,1.12677989703651,0.451127819548872,0.38433641310456,161.421293503915,0.461904761904762,1.62519926228024,918,175,0.253104791660664,232.350198744489,0.416122004357298,1.41229386770597,0.773584905660377,0.138492871690428,3.07331975560081,1509,0.9979633401222,490,1.40936863543788,692,76,4.07894736842105,72.7,-1.199,0.133986928104575,0.0893246187363834,0.0446623093681917,0.675381263616558,0.209859275202392,0.470967741935484,1.20516621785429,0.324618736383442,0.343078684963108,203.435480533604,0.302013422818792,2.08430802055811,0.534858387799564,0.107448988098109,52.7574531561717,0.409368635437882,0.947725050885902,0.452069716775599,0.490205977189407,203.435480533604,0.436144578313253,1.92819625544539,18,10,34,27,54,15,37.5,31,67,21,86,40.5,73,49,9,40,8.5,13,27,31,54,77,27,66,11,77,50,37,85,36,44,33,93,13,98,29,29,27,53,121,126.5,114,124,66,123,101,116,66,121,40,95,93,112,102.5,96,28.5,106,122,106,125,58,118,66,128,58,92,134,72,80,107,51,61,48,43,24,133,101,134,70.5,-5.2,2.106,67,82,87,"MW",-5,-4.5,-0.5,0.47,0.0758,0.8295,0.6507,0,0.65,0.6743,0.6176,0.6842,0.6389,106,109,66,110,112,47,83,132,68,68,77,66,72,25.1624203821656,28.1921634758872,57.5,195.5,6.42,7.03,4.51,112.5,126.5,"http://a.espncdn.com/i/teamlogos/ncaa/500/2439.png","#000000","#c2c4c6","Rebels",NA,NA,NA,NA,NA,NA,NA,NA,NA,NA,NA,NA,NA,NA,NA,NA,0.643,0.714,0.643,40.5,6.5,24
"233",233,2023,"UNLV","Mountain West",931,172,0.262937862220371,244.795149727166,0.431793770139635,1.36731063548746,0.771929824561403,0.142011834319527,3.13905325443787,1592,1.0414201183432,528,1.21499013806706,616,93,4.19354838709677,66.9,1.603,0.141783029001074,0.083780880773362,0.0580021482277121,0.678839957035446,0.206262541326193,0.47626582278481,1.15267682140635,0.321160042964554,0.382733189327799,0.337792642140468,2.00696190319454,0.544575725026853,0.186291990667945,94.4500392686482,0.41025641025641,1.12677989703651,0.451127819548872,0.38433641310456,161.421293503915,0.461904761904762,1.62519926228024,918,175,0.253104791660664,232.350198744489,0.416122004357298,1.41229386770597,0.773584905660377,0.138492871690428,3.07331975560081,1509,0.9979633401222,490,1.40936863543788,692,76,4.07894736842105,72.7,-1.199,0.133986928104575,0.0893246187363834,0.0446623093681917,0.675381263616558,0.209859275202392,0.470967741935484,1.20516621785429,0.324618736383442,0.343078684963108,203.435480533604,0.302013422818792,2.08430802055811,0.534858387799564,0.107448988098109,52.7574531561717,0.409368635437882,0.947725050885902,0.452069716775599,0.490205977189407,203.435480533604,0.436144578313253,1.92819625544539,18,10,34,27,54,15,37.5,31,67,21,86,40.5,73,49,9,40,8.5,13,27,31,54,77,27,66,11,77,50,37,85,36,44,33,93,13,98,29,29,27,53,121,126.5,114,124,66,123,101,116,66,121,40,95,93,112,102.5,96,28.5,106,122,106,125,58,118,66,128,58,92,134,72,80,107,51,61,48,43,24,133,101,134,70.5,-5.2,2.106,67,82,87,"MW",-5,-4.5,-0.5,0.47,0.0758,0.8295,0.6507,0,0.65,0.6743,0.6176,0.6842,0.6389,106,109,66,110,112,47,83,132,68,68,77,66,72,25.1624203821656,28.1921634758872,57.5,195.5,6.42,7.03,4.51,112.5,126.5,"http://a.espncdn.com/i/teamlogos/ncaa/500/2439.png","#000000","#c2c4c6","Rebels",NA,NA,NA,NA,NA,NA,NA,NA,NA,NA,NA,NA,NA,NA,NA,NA,0.643,0.714,0.643,40.5,6.5,24
"234",234,2023,"USC","Big Ten",811,160,0.394323769338259,319.796576933328,0.477188655980271,1.51425153439911,0.75,0.185975609756098,3.21371951219512,1054,1.46951219512195,482,1.96646341463415,645,79,4.9873417721519,69.7,1.41,0.149198520345253,0.101109741060419,0.0480887792848335,0.700369913686806,0.284064668894312,0.517605633802817,1.26480862878773,0.299630086313194,0.652048744861558,0.382716049382716,2.30281297794476,0.404438964241677,0.302120996905487,99.0956869849997,0.481707317073171,1.22135367854608,0.590628853267571,0.469177234324694,224.735895241528,0.478079331941545,1.71633826463832,910,163,0.256481673515705,233.398322899291,0.449450549450549,1.34670993671903,0.690140845070423,0.170212765957447,3.18595744680851,1497,1.20212765957447,565,1.76170212765957,828,85,3.55294117647059,68.6,-1.463,0.145054945054945,0.104395604395604,0.0406593406593407,0.691208791208791,0.178546397569753,0.497615262321145,1.08892067031683,0.308791208791209,0.430934657750595,128.822204892965,0.341637010676157,2.18721035738452,0.516483516483517,0.240395116931617,112.98570495786,0.470212765957447,1.07435067514323,0.479120879120879,0.295463772690287,128.822204892965,0.431192660550459,1.66687694101824,80,32,4,7,13,2,59.5,98,50,109,3,59,7,43.5,46,4,46.5,51,46,63,21,36,8,24,2,36,5,8,11,125,7,27,21,1,10,16,6,15,25,117,110,116,125,113,104,44,68,91,119,109,123,120,130,126,50,113,33,113,65,129,95,106,106,97,95,120,107,121,113,85,120,128,113,109,57,90,93,98,87.5,13.9,2.358,18,21,74.5,"B1G",3,-2,5,0.63,0.8669,0.3473,0.5996,0.9207,0.92,0.9967,0.7802,0.9642,1,22,73,1,81,58,121,93,61,13,13,51,12,4,26.2187120291616,32.6341963498493,97.5,245.5,6.62,7.92,6.09,78.5,112.5,"http://a.espncdn.com/i/teamlogos/ncaa/500/30.png","#AE2531","#ffc72c","Trojans",NA,NA,NA,NA,NA,NA,NA,NA,NA,NA,NA,NA,NA,NA,NA,NA,0.615,0.308,0.769,47,125,5.5
"235",235,2023,"USC","Big Ten",811,160,0.394323769338259,319.796576933328,0.477188655980271,1.51425153439911,0.75,0.185975609756098,3.21371951219512,1054,1.46951219512195,482,1.96646341463415,645,79,4.9873417721519,69.7,1.41,0.149198520345253,0.101109741060419,0.0480887792848335,0.700369913686806,0.284064668894312,0.517605633802817,1.26480862878773,0.299630086313194,0.652048744861558,0.382716049382716,2.30281297794476,0.404438964241677,0.302120996905487,99.0956869849997,0.481707317073171,1.22135367854608,0.590628853267571,0.469177234324694,224.735895241528,0.478079331941545,1.71633826463832,910,163,0.256481673515705,233.398322899291,0.449450549450549,1.34670993671903,0.690140845070423,0.170212765957447,3.18595744680851,1497,1.20212765957447,565,1.76170212765957,828,85,3.55294117647059,68.6,-1.463,0.145054945054945,0.104395604395604,0.0406593406593407,0.691208791208791,0.178546397569753,0.497615262321145,1.08892067031683,0.308791208791209,0.430934657750595,128.822204892965,0.341637010676157,2.18721035738452,0.516483516483517,0.240395116931617,112.98570495786,0.470212765957447,1.07435067514323,0.479120879120879,0.295463772690287,128.822204892965,0.431192660550459,1.66687694101824,80,32,4,7,13,2,59.5,98,50,109,3,59,7,43.5,46,4,46.5,51,46,63,21,36,8,24,2,36,5,8,11,125,7,27,21,1,10,16,6,15,25,117,110,116,125,113,104,44,68,91,119,109,123,120,130,126,50,113,33,113,65,129,95,106,106,97,95,120,107,121,113,85,120,128,113,109,57,90,93,98,87.5,13.9,2.358,18,21,74.5,"B1G",3,-2,5,0.63,0.8669,0.3473,0.5996,0.9207,0.92,0.9967,0.7802,0.9642,1,22,73,1,81,58,121,93,61,13,13,51,12,4,26.2187120291616,32.6341963498493,97.5,245.5,6.62,7.92,6.09,78.5,112.5,"http://a.espncdn.com/i/teamlogos/ncaa/500/30.png","#AE2531","#ffc72c","Trojans",NA,NA,NA,NA,NA,NA,NA,NA,NA,NA,NA,NA,NA,NA,NA,NA,0.615,0.308,0.769,47,125,5.5
"236",236,2023,"Utah","Big 12",878,151,0.109943367787924,96.5302769177973,0.406605922551253,1.18237793071809,0.684931506849315,0.181132075471698,3.0711320754717,1628,1.03396226415094,548,0.990566037735849,525,72,3.29166666666667,70.4,1.375,0.146924829157175,0.0933940774487472,0.0535307517084282,0.69248291571754,0.0725671349548456,0.463815789473684,0.987278683728311,0.30751708428246,0.194109106908338,0.277777777777778,1.91595109939967,0.603644646924829,0.12797118612619,67.824728646881,0.422641509433962,1.00519347910232,0.387243735763098,0.130153393887209,44.2521539216511,0.391176470588235,1.48079384922886,760,149,0.121663787126138,92.4644782158646,0.355263157894737,1.39599817443091,0.633333333333333,0.19672131147541,2.9127868852459,888,1.09180327868852,333,0.842622950819672,257,58,3.48275862068966,71.7,-1.282,0.180263157894737,0.117105263157895,0.0631578947368421,0.623684210526316,0.0660691762194402,0.430379746835443,1.15664324552805,0.376315789473684,0.213803107300175,71.8560183939126,0.230769230769231,2.13582250013066,0.401315789473684,0.0706519736411937,21.5488519605641,0.370491803278689,0.978135684422577,0.594736842105263,0.158973492021931,71.8560183939126,0.347345132743363,1.69675270545602,38.5,63,110,106,89,115,105,89,76,18,87,34,107,69.5,68.5,107,60.5,63,37,47,38,50,99,82,107,50,104,93,113,11,82,65,79,67,125,114,116,90,108,24,61,31,27,13,120,20,32,37,7,68,12,24,8,12,44,52.5,84,39,33,62,3,40,21,119,3,29,26,2.5,97,1,31,24,24,61,134,19,7,107,88,15.8,3.3,16,18,11,"B12",3,-2,5,0.65,0,1,1,0.7597,1,1,1,1,1,22,73,1,76,128,3,1,78,1,1,1,1,4,29.8584269662921,21.0008721702268,238.5,57.5,10.22,10.18,7.18,13.5,13.5,"http://a.espncdn.com/i/teamlogos/ncaa/500/254.png","#890012","#7e8083","Utes",NA,NA,NA,NA,NA,NA,NA,NA,NA,NA,NA,NA,NA,NA,NA,NA,0.615,0.5,0.385,47,63.5,117
"237",237,2023,"Utah","Big 12",878,151,0.109943367787924,96.5302769177973,0.406605922551253,1.18237793071809,0.684931506849315,0.181132075471698,3.0711320754717,1628,1.03396226415094,548,0.990566037735849,525,72,3.29166666666667,70.4,1.375,0.146924829157175,0.0933940774487472,0.0535307517084282,0.69248291571754,0.0725671349548456,0.463815789473684,0.987278683728311,0.30751708428246,0.194109106908338,0.277777777777778,1.91595109939967,0.603644646924829,0.12797118612619,67.824728646881,0.422641509433962,1.00519347910232,0.387243735763098,0.130153393887209,44.2521539216511,0.391176470588235,1.48079384922886,760,149,0.121663787126138,92.4644782158646,0.355263157894737,1.39599817443091,0.633333333333333,0.19672131147541,2.9127868852459,888,1.09180327868852,333,0.842622950819672,257,58,3.48275862068966,71.7,-1.282,0.180263157894737,0.117105263157895,0.0631578947368421,0.623684210526316,0.0660691762194402,0.430379746835443,1.15664324552805,0.376315789473684,0.213803107300175,71.8560183939126,0.230769230769231,2.13582250013066,0.401315789473684,0.0706519736411937,21.5488519605641,0.370491803278689,0.978135684422577,0.594736842105263,0.158973492021931,71.8560183939126,0.347345132743363,1.69675270545602,38.5,63,110,106,89,115,105,89,76,18,87,34,107,69.5,68.5,107,60.5,63,37,47,38,50,99,82,107,50,104,93,113,11,82,65,79,67,125,114,116,90,108,24,61,31,27,13,120,20,32,37,7,68,12,24,8,12,44,52.5,84,39,33,62,3,40,21,119,3,29,26,2.5,97,1,31,24,24,61,134,19,7,107,88,15.8,3.3,16,18,11,"B12",3,-2,5,0.65,0,1,1,0.7597,1,1,1,1,1,22,73,1,76,128,3,1,78,1,1,1,1,4,29.8584269662921,21.0008721702268,238.5,57.5,10.22,10.18,7.18,13.5,13.5,"http://a.espncdn.com/i/teamlogos/ncaa/500/254.png","#890012","#7e8083","Utes",NA,NA,NA,NA,NA,NA,NA,NA,NA,NA,NA,NA,NA,NA,NA,NA,0.615,0.5,0.385,47,63.5,117
"238",238,2023,"Utah State","Mountain West",835,161,0.200751548424352,167.627542934334,0.415568862275449,1.35562690127072,0.76271186440678,0.163316582914573,3.32738693467337,1324,1.14572864321608,456,1.64824120603015,656,73,3.27397260273973,70.6,1.376,0.203592814371257,0.122155688622754,0.081437125748503,0.669461077844311,0.113715554763721,0.465116279069767,1.08542489448128,0.330538922155689,0.377030970367443,0.315217391304348,2.16312715144607,0.476646706586826,0.184732372119774,73.5234841036699,0.437185929648241,0.978191666539134,0.505389221556886,0.312352288582061,131.81266578163,0.409952606635071,1.73524384256145,857,165,0.220963073550628,189.365354032889,0.458576429404901,1.1979408764733,0.840579710144927,0.184782608695652,3.16391304347826,1455,1.23913043478261,570,1.51304347826087,696,79,4.40506329113924,68.7,-1.487,0.193698949824971,0.120186697782964,0.073512252042007,0.700116686114352,0.190987842548645,0.518333333333333,1.02432679688209,0.299883313885648,0.290944157601952,98.7411846756868,0.319066147859922,1.85640403199605,0.536756126021004,0.211288010458461,97.1924848108921,0.495652173913044,0.937399508413851,0.456242707117853,0.252534999170554,98.7411846756868,0.421994884910486,1.55796167597363,63,29,61,64,75,20,47,62,25,66,52,74,20,39.5,66.5,109,68,62,125,115,123,94,76,81,38,94,51,62,32,93,45,57,64,82,51,51,54,72,20,88,114,98,104,123,23,124,49,86,113,117,125,105,114,108,122,110.5,26,22,25,29,110,110,126,56,110,63,65,101,15,110,111,115,128,38,28,69,79,54,61.5,-11.1,2.748,97.5,102.5,40,"MW",2,-0.5,2.5,0.72,0.9265,0.4913,0.7096,0.8239,0.78,0.7385,0.8582,0.7282,0.7436,35,56,41,65,50,106,67,72,46,53,32,56,52,22.4710300429185,30.2089308937935,9.5,221.5,5,5.09,3.06,170.5,187.5,"http://a.espncdn.com/i/teamlogos/ncaa/500/328.png","#003263","#949ca1","Aggies",NA,NA,NA,NA,NA,NA,NA,NA,NA,NA,NA,NA,NA,NA,NA,NA,NA,NA,NA,NA,NA,NA
"239",239,2023,"Utah State","Mountain West",835,161,0.200751548424352,167.627542934334,0.415568862275449,1.35562690127072,0.76271186440678,0.163316582914573,3.32738693467337,1324,1.14572864321608,456,1.64824120603015,656,73,3.27397260273973,70.6,1.376,0.203592814371257,0.122155688622754,0.081437125748503,0.669461077844311,0.113715554763721,0.465116279069767,1.08542489448128,0.330538922155689,0.377030970367443,0.315217391304348,2.16312715144607,0.476646706586826,0.184732372119774,73.5234841036699,0.437185929648241,0.978191666539134,0.505389221556886,0.312352288582061,131.81266578163,0.409952606635071,1.73524384256145,857,165,0.220963073550628,189.365354032889,0.458576429404901,1.1979408764733,0.840579710144927,0.184782608695652,3.16391304347826,1455,1.23913043478261,570,1.51304347826087,696,79,4.40506329113924,68.7,-1.487,0.193698949824971,0.120186697782964,0.073512252042007,0.700116686114352,0.190987842548645,0.518333333333333,1.02432679688209,0.299883313885648,0.290944157601952,98.7411846756868,0.319066147859922,1.85640403199605,0.536756126021004,0.211288010458461,97.1924848108921,0.495652173913044,0.937399508413851,0.456242707117853,0.252534999170554,98.7411846756868,0.421994884910486,1.55796167597363,63,29,61,64,75,20,47,62,25,66,52,74,20,39.5,66.5,109,68,62,125,115,123,94,76,81,38,94,51,62,32,93,45,57,64,82,51,51,54,72,20,88,114,98,104,123,23,124,49,86,113,117,125,105,114,108,122,110.5,26,22,25,29,110,110,126,56,110,63,65,101,15,110,111,115,128,38,28,69,79,54,61.5,-11.1,2.748,97.5,102.5,40,"MW",2,-0.5,2.5,0.72,0.9265,0.4913,0.7096,0.8239,0.78,0.7385,0.8582,0.7282,0.7436,35,56,41,65,50,106,67,72,46,53,32,56,52,22.4710300429185,30.2089308937935,9.5,221.5,5,5.09,3.06,170.5,187.5,"http://a.espncdn.com/i/teamlogos/ncaa/500/328.png","#003263","#949ca1","Aggies",NA,NA,NA,NA,NA,NA,NA,NA,NA,NA,NA,NA,NA,NA,NA,NA,NA,NA,NA,NA,NA,NA
"240",240,2023,"UTEP","Conference USA",772,133,0.160143303288989,123.6306301391,0.392487046632124,1.31952491430677,0.733333333333333,0.194103194103194,3.00687960687961,1224,1.002457002457,408,0.894348894348894,364,59,3.59322033898305,73.9,1.101,0.161917098445596,0.0919689119170984,0.0699481865284974,0.674870466321243,0.0872263167978487,0.445297504798464,1.06595086632515,0.325129533678756,0.311496888794505,0.282868525896414,2.14810490207768,0.52720207253886,0.0757726412840022,30.8394650025889,0.427518427518428,0.879168237620034,0.459844559585492,0.290672117630561,103.188601758849,0.363380281690141,1.91349438518655,753,138,0.240548959833771,181.13336675483,0.431606905710491,1.31984856658535,0.76,0.164705882352941,3.33576470588235,1418,1.26352941176471,537,1.84470588235294,784,65,4.61538461538461,70.3,-1.395,0.152722443559097,0.0876494023904383,0.0650730411686587,0.681274900398406,0.128338941455003,0.487329434697856,1.01882067992844,0.318725099601594,0.48039787411839,81.7609961305263,0.3125,2.3232748554417,0.564409030544489,0.271471189603861,115.375255581641,0.477647058823529,1.09696779601621,0.428950863213811,0.253130018979957,81.7609961305263,0.377708978328173,1.69070755367989,101,129,84,86,105,42,76.5,103,93,84,96,90,115,108,113,93,128.5,129,64,44,104,81,94,109,60,81,73,88,35,52,113,108,70,119,85,63,70,112,4,22,15.5,107,97,92,94,94.5,76,117,102,124,115,124,124,40,128,79.5,49,98,109,55,72,76,92,52,72,129,37,89.5,127,124,128,129,121,112,11,70,25,104,45,-17.8,2.468,131,124,64,"CUS",-10.5,-6.5,-4,0.2,0.0873,0.3441,0.1606,0.208,0.33,0.3354,0.25,0.316,0.4583,128,131,116,133,110,122,132,122,127,126,127,125,105,28.8185328185328,21.8053891281112,202.5,75.5,3.74,2.5,1.7,252.5,232.5,"http://a.espncdn.com/i/teamlogos/ncaa/500/2638.png","#002843","#ff6f12","Miners",NA,NA,NA,NA,NA,NA,NA,NA,NA,NA,NA,NA,NA,NA,NA,NA,0.25,0.5,0.417,119.5,63.5,108
"241",241,2023,"UTEP","Conference USA",772,133,0.160143303288989,123.6306301391,0.392487046632124,1.31952491430677,0.733333333333333,0.194103194103194,3.00687960687961,1224,1.002457002457,408,0.894348894348894,364,59,3.59322033898305,73.9,1.101,0.161917098445596,0.0919689119170984,0.0699481865284974,0.674870466321243,0.0872263167978487,0.445297504798464,1.06595086632515,0.325129533678756,0.311496888794505,0.282868525896414,2.14810490207768,0.52720207253886,0.0757726412840022,30.8394650025889,0.427518427518428,0.879168237620034,0.459844559585492,0.290672117630561,103.188601758849,0.363380281690141,1.91349438518655,753,138,0.240548959833771,181.13336675483,0.431606905710491,1.31984856658535,0.76,0.164705882352941,3.33576470588235,1418,1.26352941176471,537,1.84470588235294,784,65,4.61538461538461,70.3,-1.395,0.152722443559097,0.0876494023904383,0.0650730411686587,0.681274900398406,0.128338941455003,0.487329434697856,1.01882067992844,0.318725099601594,0.48039787411839,81.7609961305263,0.3125,2.3232748554417,0.564409030544489,0.271471189603861,115.375255581641,0.477647058823529,1.09696779601621,0.428950863213811,0.253130018979957,81.7609961305263,0.377708978328173,1.69070755367989,101,129,84,86,105,42,76.5,103,93,84,96,90,115,108,113,93,128.5,129,64,44,104,81,94,109,60,81,73,88,35,52,113,108,70,119,85,63,70,112,4,22,15.5,107,97,92,94,94.5,76,117,102,124,115,124,124,40,128,79.5,49,98,109,55,72,76,92,52,72,129,37,89.5,127,124,128,129,121,112,11,70,25,104,45,-17.8,2.468,131,124,64,"CUS",-10.5,-6.5,-4,0.2,0.0873,0.3441,0.1606,0.208,0.33,0.3354,0.25,0.316,0.4583,128,131,116,133,110,122,132,122,127,126,127,125,105,28.8185328185328,21.8053891281112,202.5,75.5,3.74,2.5,1.7,252.5,232.5,"http://a.espncdn.com/i/teamlogos/ncaa/500/2638.png","#002843","#ff6f12","Miners",NA,NA,NA,NA,NA,NA,NA,NA,NA,NA,NA,NA,NA,NA,NA,NA,0.25,0.5,0.417,119.5,63.5,108
"242",242,2023,"UT San Antonio","American Athletic",949,166,0.216961130258952,205.896112615745,0.420442571127503,1.3536986794898,0.771929824561403,0.173553719008264,2.94442148760331,1425,0.983471074380165,476,1.22520661157025,593,77,4.45454545454545,71,1.312,0.145416227608008,0.0874604847207587,0.0579557428872497,0.683877766069547,0.106460066294917,0.454545454545455,1.08109226712229,0.316122233930453,0.456011765301146,0.346666666666667,2.12695725303226,0.510010537407798,0.159334285105969,77.1177939912889,0.400826446280992,1.1287701076742,0.482613277133825,0.318587897975366,145.913257272718,0.447598253275109,1.56655791330554,919,161,0.138719519114231,127.483238065979,0.375408052230686,1.38242412315972,0.84,0.186915887850467,2.85327102803738,1221,0.922897196261682,395,1.33878504672897,573,70,3.77142857142857,71.6,-1.276,0.20348204570185,0.1240478781284,0.0794341675734494,0.646354733405876,0.123619217523256,0.454545454545455,1.10209325507649,0.353645266594124,0.166318224175891,100.750105297564,0.230769230769231,2.39161524825936,0.465723612622416,0.131411454310909,56.244102445069,0.383177570093458,1.147227038731,0.523394994559304,0.209459678373314,100.750105297564,0.376299376299376,1.59553087369183,12,16.5,52,41,67,21,37.5,74,103,48,102,62.5,72,54.5,53.5,24,88,92.5,34,39,53,65,83,97,43,65,24,24,41,67,62,52,108,12,67,47,40,40,76,122.5,106,47,57,20,117,123,46,27,54.5,20,30,82,91,62.5,64,55,85,9,17,11,23,71,46.5,101,23,14,67,2.5,130,24,66,67,33,121,109,43,24,75,69.5,1.2,1.964,72.5,54,96,"AAC",-6,-4,-2,0.51,0.2288,0.4247,0.8443,1,0.55,0.6252,0.4852,0.611,0.4545,109,102,92,104,98,113,38,4,99,82,106,79,106,24.4376299376299,29.2523965217965,35.5,211.5,9.57,8.5,5.91,58.5,31.5,"http://a.espncdn.com/i/teamlogos/ncaa/500/2636.png","#002A5C","#f47321","Road Runners",NA,NA,NA,NA,NA,NA,NA,NA,NA,NA,NA,NA,NA,NA,NA,NA,NA,NA,NA,NA,NA,NA
"243",243,2023,"UT San Antonio","American Athletic",949,166,0.216961130258952,205.896112615745,0.420442571127503,1.3536986794898,0.771929824561403,0.173553719008264,2.94442148760331,1425,0.983471074380165,476,1.22520661157025,593,77,4.45454545454545,71,1.312,0.145416227608008,0.0874604847207587,0.0579557428872497,0.683877766069547,0.106460066294917,0.454545454545455,1.08109226712229,0.316122233930453,0.456011765301146,0.346666666666667,2.12695725303226,0.510010537407798,0.159334285105969,77.1177939912889,0.400826446280992,1.1287701076742,0.482613277133825,0.318587897975366,145.913257272718,0.447598253275109,1.56655791330554,919,161,0.138719519114231,127.483238065979,0.375408052230686,1.38242412315972,0.84,0.186915887850467,2.85327102803738,1221,0.922897196261682,395,1.33878504672897,573,70,3.77142857142857,71.6,-1.276,0.20348204570185,0.1240478781284,0.0794341675734494,0.646354733405876,0.123619217523256,0.454545454545455,1.10209325507649,0.353645266594124,0.166318224175891,100.750105297564,0.230769230769231,2.39161524825936,0.465723612622416,0.131411454310909,56.244102445069,0.383177570093458,1.147227038731,0.523394994559304,0.209459678373314,100.750105297564,0.376299376299376,1.59553087369183,12,16.5,52,41,67,21,37.5,74,103,48,102,62.5,72,54.5,53.5,24,88,92.5,34,39,53,65,83,97,43,65,24,24,41,67,62,52,108,12,67,47,40,40,76,122.5,106,47,57,20,117,123,46,27,54.5,20,30,82,91,62.5,64,55,85,9,17,11,23,71,46.5,101,23,14,67,2.5,130,24,66,67,33,121,109,43,24,75,69.5,1.2,1.964,72.5,54,96,"AAC",-6,-4,-2,0.51,0.2288,0.4247,0.8443,1,0.55,0.6252,0.4852,0.611,0.4545,109,102,92,104,98,113,38,4,99,82,106,79,106,24.4376299376299,29.2523965217965,35.5,211.5,9.57,8.5,5.91,58.5,31.5,"http://a.espncdn.com/i/teamlogos/ncaa/500/2636.png","#002A5C","#f47321","Road Runners",NA,NA,NA,NA,NA,NA,NA,NA,NA,NA,NA,NA,NA,NA,NA,NA,NA,NA,NA,NA,NA,NA
"244",244,2023,"Vanderbilt","SEC",726,149,0.0672017007560001,48.7884347488561,0.37465564738292,1.3468279714285,0.743589743589744,0.167721518987342,3.08132911392405,974,0.993670886075949,314,0.889240506329114,281,53,4.09433962264151,70.5,1.327,0.220385674931129,0.117079889807163,0.103305785123967,0.644628099173554,0.0452501156588946,0.44017094017094,1.1439357554687,0.355371900826446,0.107020855118191,0.255813953488372,1.98009761518179,0.435261707988981,0.035847382481122,11.3277728640346,0.392405063291139,0.961093807420006,0.552341597796143,0.135151808968422,54.1958753963374,0.369077306733167,1.67001064938156,825,147,0.323787574225211,267.124748735799,0.448484848484848,1.375266337288,0.733333333333333,0.179028132992327,3.0925831202046,1209,1.16112531969309,454,2.1074168797954,824,81,4.11111111111111,67.7,-1.544,0.147878787878788,0.0933333333333333,0.0545454545454545,0.688484848484848,0.261479629152329,0.48943661971831,1.18137311771234,0.311515151515152,0.461495406137263,180.204016281592,0.357976653696498,1.96116106600576,0.473939393939394,0.25499788395822,99.7041726276639,0.421994884910486,1.17536343418019,0.515151515151515,0.424009450074335,180.204016281592,0.482352941176471,1.53616379588697,125.5,72,120,121,115,25,66,70,75,117,97,122,116,124,130,50,63,87,133,100,134,122,111,113,12,122,127,112,96,113,122,124,111,89,22,112,109,108,37,63,49,132,133,110,114,74.5,60,71,49,94,75,132,129,116.5,100,119,18,110,96,100,87,129,95,125,87,126,132,125,43,29,124,119,63,124,102,127,131,47,65,-7.3,0.874,86.5,89,129,"SEC",2.5,-2,4.5,0.64,1,0.3144,0.5035,1,0.87,0.7641,1,0.91,0.8333,29,73,15,79,1,125,106,4,21,48,1,21,35,27.9918809201624,20.4034566451518,178.5,47.5,2.63,3.02,0.39,248.5,254.5,"http://a.espncdn.com/i/teamlogos/ncaa/500/238.png","#000000","#866D4B","Commodores",NA,NA,NA,NA,NA,NA,NA,NA,NA,NA,NA,NA,NA,NA,NA,NA,0.167,0.167,0.75,130,134,8.5
"245",245,2023,"Vanderbilt","SEC",726,149,0.0672017007560001,48.7884347488561,0.37465564738292,1.3468279714285,0.743589743589744,0.167721518987342,3.08132911392405,974,0.993670886075949,314,0.889240506329114,281,53,4.09433962264151,70.5,1.327,0.220385674931129,0.117079889807163,0.103305785123967,0.644628099173554,0.0452501156588946,0.44017094017094,1.1439357554687,0.355371900826446,0.107020855118191,0.255813953488372,1.98009761518179,0.435261707988981,0.035847382481122,11.3277728640346,0.392405063291139,0.961093807420006,0.552341597796143,0.135151808968422,54.1958753963374,0.369077306733167,1.67001064938156,825,147,0.323787574225211,267.124748735799,0.448484848484848,1.375266337288,0.733333333333333,0.179028132992327,3.0925831202046,1209,1.16112531969309,454,2.1074168797954,824,81,4.11111111111111,67.7,-1.544,0.147878787878788,0.0933333333333333,0.0545454545454545,0.688484848484848,0.261479629152329,0.48943661971831,1.18137311771234,0.311515151515152,0.461495406137263,180.204016281592,0.357976653696498,1.96116106600576,0.473939393939394,0.25499788395822,99.7041726276639,0.421994884910486,1.17536343418019,0.515151515151515,0.424009450074335,180.204016281592,0.482352941176471,1.53616379588697,125.5,72,120,121,115,25,66,70,75,117,97,122,116,124,130,50,63,87,133,100,134,122,111,113,12,122,127,112,96,113,122,124,111,89,22,112,109,108,37,63,49,132,133,110,114,74.5,60,71,49,94,75,132,129,116.5,100,119,18,110,96,100,87,129,95,125,87,126,132,125,43,29,124,119,63,124,102,127,131,47,65,-7.3,0.874,86.5,89,129,"SEC",2.5,-2,4.5,0.64,1,0.3144,0.5035,1,0.87,0.7641,1,0.91,0.8333,29,73,15,79,1,125,106,4,21,48,1,21,35,27.9918809201624,20.4034566451518,178.5,47.5,2.63,3.02,0.39,248.5,254.5,"http://a.espncdn.com/i/teamlogos/ncaa/500/238.png","#000000","#866D4B","Commodores",NA,NA,NA,NA,NA,NA,NA,NA,NA,NA,NA,NA,NA,NA,NA,NA,0.167,0.167,0.75,130,134,8.5
"246",246,2023,"Virginia","ACC",841,155,0.150773817143207,126.800780217437,0.409036860879905,1.2263432700915,0.714285714285714,0.138271604938272,3.08913580246914,1251,0.962962962962963,390,0.595061728395062,241,69,3.68115942028985,71.9,1.254,0.189060642092747,0.127229488703924,0.0618311533888228,0.671819262782402,0.11214203395045,0.463716814159292,1.06499578227739,0.328180737217598,0.22985699650519,0.297101449275362,1.74186817018049,0.481569560047562,0.124229230518092,50.3128383598271,0.424691358024691,0.900396977977587,0.504161712247325,0.268135123253652,113.689292259548,0.405660377358491,1.55228956220541,807,151,0.260610174475059,210.312410801373,0.448574969021066,1.25754437555854,0.769230769230769,0.139810426540284,3.3654028436019,1420,1.19668246445498,505,1.42654028436019,602,73,4.15068493150685,70.4,-1.379,0.149938042131351,0.0855018587360595,0.0644361833952912,0.714993804213135,0.231025050101647,0.511265164644714,1.05640689742735,0.285006195786865,0.334830247359662,120.883290301515,0.291304347826087,2.14314968971825,0.522924411400248,0.248183889837473,104.733601511414,0.478672985781991,0.996670067072324,0.469640644361834,0.318953272563365,120.883290301515,0.422163588390501,1.58689819002239,58,46.5,88,84,86,98,87.5,25,73,78,110,97,132,129,75.5,85,108,111.5,108,123,73,89,77,83,62,89,97,74,128,88,84,87,75,110,52,70,64,76,82,54,74.5,119,115,111,54,98.5,113,121,103,106,103,97,95.5,79.5,104.5,77,56.5,107,114,59,125,125,118,77,125,87,98,55,101,95,122,124,122,74,41,103,80,70,66,-3.5,3.304,82.5,77.5,10,"ACC",-2,1.5,-3.5,0.83,1,0.6169,0.984,0.4075,0.48,0.4572,0.4592,0.444,0.5833,78,24,112,35,1,87,13,108,113,115,109,116,85,26.6058823529412,23.8408140332131,115.5,111.5,3.76,4.18,2.37,206.5,230.5,"http://a.espncdn.com/i/teamlogos/ncaa/500/258.png","#00204e","#F84C1E","Cavaliers",NA,NA,NA,NA,NA,NA,NA,NA,NA,NA,NA,NA,NA,NA,NA,NA,0.25,0.667,0.8,119.5,14.5,4
"247",247,2023,"Virginia","ACC",841,155,0.150773817143207,126.800780217437,0.409036860879905,1.2263432700915,0.714285714285714,0.138271604938272,3.08913580246914,1251,0.962962962962963,390,0.595061728395062,241,69,3.68115942028985,71.9,1.254,0.189060642092747,0.127229488703924,0.0618311533888228,0.671819262782402,0.11214203395045,0.463716814159292,1.06499578227739,0.328180737217598,0.22985699650519,0.297101449275362,1.74186817018049,0.481569560047562,0.124229230518092,50.3128383598271,0.424691358024691,0.900396977977587,0.504161712247325,0.268135123253652,113.689292259548,0.405660377358491,1.55228956220541,807,151,0.260610174475059,210.312410801373,0.448574969021066,1.25754437555854,0.769230769230769,0.139810426540284,3.3654028436019,1420,1.19668246445498,505,1.42654028436019,602,73,4.15068493150685,70.4,-1.379,0.149938042131351,0.0855018587360595,0.0644361833952912,0.714993804213135,0.231025050101647,0.511265164644714,1.05640689742735,0.285006195786865,0.334830247359662,120.883290301515,0.291304347826087,2.14314968971825,0.522924411400248,0.248183889837473,104.733601511414,0.478672985781991,0.996670067072324,0.469640644361834,0.318953272563365,120.883290301515,0.422163588390501,1.58689819002239,58,46.5,88,84,86,98,87.5,25,73,78,110,97,132,129,75.5,85,108,111.5,108,123,73,89,77,83,62,89,97,74,128,88,84,87,75,110,52,70,64,76,82,54,74.5,119,115,111,54,98.5,113,121,103,106,103,97,95.5,79.5,104.5,77,56.5,107,114,59,125,125,118,77,125,87,98,55,101,95,122,124,122,74,41,103,80,70,66,-3.5,3.304,82.5,77.5,10,"ACC",-2,1.5,-3.5,0.83,1,0.6169,0.984,0.4075,0.48,0.4572,0.4592,0.444,0.5833,78,24,112,35,1,87,13,108,113,115,109,116,85,26.6058823529412,23.8408140332131,115.5,111.5,3.76,4.18,2.37,206.5,230.5,"http://a.espncdn.com/i/teamlogos/ncaa/500/258.png","#00204e","#F84C1E","Cavaliers",NA,NA,NA,NA,NA,NA,NA,NA,NA,NA,NA,NA,NA,NA,NA,NA,0.25,0.667,0.8,119.5,14.5,4
"248",248,2023,"Virginia Tech","ACC",839,162,0.20063710255039,168.334529039777,0.420738974970203,1.29553494218633,0.78125,0.174193548387097,3.19913978494624,1488,1.26021505376344,586,1.56774193548387,729,72,4.31944444444444,69.4,1.453,0.154946364719905,0.107270560190703,0.0476758045292014,0.67342073897497,0.17085459653097,0.48141592920354,1.09847305791413,0.32657926102503,0.262049934305763,0.295620437956204,1.95727361529791,0.554231227651967,0.160750655580071,74.7490548447329,0.458064516129032,1.00136411568741,0.441001191895113,0.265149489554522,98.105311135173,0.378378378378378,1.74309484250253,788,156,0.159919249045621,126.016368247949,0.378172588832487,1.30645876889587,0.7,0.194174757281553,2.9245145631068,1205,1.01456310679612,418,1.72572815533981,711,55,4.49090909090909,71.8,-1.259,0.180203045685279,0.129441624365482,0.050761421319797,0.656091370558376,0.127394521530506,0.448742746615087,1.1243846752098,0.343908629441624,0.221968267958221,75.7206737444323,0.243542435424354,1.94647679518628,0.522842639593909,0.143688693995608,59.1997419261906,0.395631067961165,1.06312459841229,0.469543147208122,0.204650469579547,75.7206737444323,0.364864864864865,1.60026224881308,59.5,26.5,62,63,65,65,28,75,54,37,26,21,27,26.5,68.5,30,38.5,33,52,79,19,86,47,56,35,86,90,76,100,29,61,56,43,71,105,71,74,102,18,39,90.5,60,56,25,87,54.5,36,38,44,46,48,117,116,7,126,49.5,90.5,40,12,112,35,74,38,107,35,33,30,8,38,94,74,75,37,104,40,39,16,78,78,9.4,2.308,36.5,36,77,"ACC",2,0.5,1.5,0.78,0.8006,0.6,1,0.7254,0.65,0.6667,0.6698,0.6469,0.55,35,37,50,46,65,92,1,83,68,69,69,72,90,28.4327485380117,24.3185743589744,190.5,115.5,8.84,8.18,5.5,66.5,49.5,"http://a.espncdn.com/i/teamlogos/ncaa/500/259.png","#630031","#CF4420","Hokies",NA,NA,NA,NA,NA,NA,NA,NA,NA,NA,NA,NA,NA,NA,NA,NA,0.539,0.615,0.692,61.5,27.5,14.5
"249",249,2023,"Virginia Tech","ACC",839,162,0.20063710255039,168.334529039777,0.420738974970203,1.29553494218633,0.78125,0.174193548387097,3.19913978494624,1488,1.26021505376344,586,1.56774193548387,729,72,4.31944444444444,69.4,1.453,0.154946364719905,0.107270560190703,0.0476758045292014,0.67342073897497,0.17085459653097,0.48141592920354,1.09847305791413,0.32657926102503,0.262049934305763,0.295620437956204,1.95727361529791,0.554231227651967,0.160750655580071,74.7490548447329,0.458064516129032,1.00136411568741,0.441001191895113,0.265149489554522,98.105311135173,0.378378378378378,1.74309484250253,788,156,0.159919249045621,126.016368247949,0.378172588832487,1.30645876889587,0.7,0.194174757281553,2.9245145631068,1205,1.01456310679612,418,1.72572815533981,711,55,4.49090909090909,71.8,-1.259,0.180203045685279,0.129441624365482,0.050761421319797,0.656091370558376,0.127394521530506,0.448742746615087,1.1243846752098,0.343908629441624,0.221968267958221,75.7206737444323,0.243542435424354,1.94647679518628,0.522842639593909,0.143688693995608,59.1997419261906,0.395631067961165,1.06312459841229,0.469543147208122,0.204650469579547,75.7206737444323,0.364864864864865,1.60026224881308,59.5,26.5,62,63,65,65,28,75,54,37,26,21,27,26.5,68.5,30,38.5,33,52,79,19,86,47,56,35,86,90,76,100,29,61,56,43,71,105,71,74,102,18,39,90.5,60,56,25,87,54.5,36,38,44,46,48,117,116,7,126,49.5,90.5,40,12,112,35,74,38,107,35,33,30,8,38,94,74,75,37,104,40,39,16,78,78,9.4,2.308,36.5,36,77,"ACC",2,0.5,1.5,0.78,0.8006,0.6,1,0.7254,0.65,0.6667,0.6698,0.6469,0.55,35,37,50,46,65,92,1,83,68,69,69,72,90,28.4327485380117,24.3185743589744,190.5,115.5,8.84,8.18,5.5,66.5,49.5,"http://a.espncdn.com/i/teamlogos/ncaa/500/259.png","#630031","#CF4420","Hokies",NA,NA,NA,NA,NA,NA,NA,NA,NA,NA,NA,NA,NA,NA,NA,NA,0.539,0.615,0.692,61.5,27.5,14.5
"250",250,2023,"Wake Forest","ACC",734,134,0.0572426311090029,42.0160912340081,0.407356948228883,1.12969512508301,0.642857142857143,0.181141439205955,2.95409429280397,1191,0.975186104218362,393,1.11166253101737,448,68,3.02941176470588,69.3,1.444,0.243869209809264,0.149863760217984,0.0940054495912807,0.689373297002725,-0.0104138989930874,0.462450592885375,0.911035578266808,0.310626702997275,0.207392649668905,0.285087719298246,1.91686949362133,0.549046321525886,0.0149199709861838,6.01274830743206,0.409429280397022,0.787966207374064,0.44141689373297,0.16594727550434,53.7669172634061,0.41358024691358,1.5504807327097,715,135,0.224134739472236,160.256338722648,0.40979020979021,1.31735135913428,0.63265306122449,0.153846153846154,3.07115384615385,1118,0.96978021978022,353,1.14285714285714,416,56,4.25,72.2,-1.259,0.165034965034965,0.113286713286713,0.0517482517482517,0.676923076923077,0.133971353276412,0.464876033057851,1.01212583853252,0.323076923076923,0.413048501025389,145.539989718662,0.294372294372294,2.32728874347833,0.509090909090909,0.0663479501995861,24.1506538726494,0.401098901098901,0.90119480814104,0.482517482517482,0.421855042662789,145.539989718662,0.426086956521739,1.73067691318199,122.5,127.5,124,124,88,126,119,90,100,88,105,96,90,89,81.5,125,33,38,134,133,132,57,125,89,130,57,103,87,112,31,125,125,94,133,104,102,110,67,83,9,10.5,100,79,56,93,19,92.5,65,26,29,16,59,39,8.5,111,40.5,90.5,65,39,108,62,81,57,45,62,113,120,61,128,72,30,27,39,25,62,126,85,117,64,-2.6,3.008,88.5,74,23,"ACC",-1.5,-4.5,3,0.47,0.3416,0.3909,0.6872,0.6089,0.81,0.7655,0.84,0.7466,0.913,74,109,34,110,93,115,74,95,39,47,34,51,22,26.5449936628644,20.3837826884366,111.5,45.5,4.6,4.05,1.79,220.5,206.5,"http://a.espncdn.com/i/teamlogos/ncaa/500/154.png","#9E7E38","#000000","Demon Deacons",NA,NA,NA,NA,NA,NA,NA,NA,NA,NA,NA,NA,NA,NA,NA,NA,0.333,0.333,0.5,104,119,71
"251",251,2023,"Wake Forest","ACC",734,134,0.0572426311090029,42.0160912340081,0.407356948228883,1.12969512508301,0.642857142857143,0.181141439205955,2.95409429280397,1191,0.975186104218362,393,1.11166253101737,448,68,3.02941176470588,69.3,1.444,0.243869209809264,0.149863760217984,0.0940054495912807,0.689373297002725,-0.0104138989930874,0.462450592885375,0.911035578266808,0.310626702997275,0.207392649668905,0.285087719298246,1.91686949362133,0.549046321525886,0.0149199709861838,6.01274830743206,0.409429280397022,0.787966207374064,0.44141689373297,0.16594727550434,53.7669172634061,0.41358024691358,1.5504807327097,715,135,0.224134739472236,160.256338722648,0.40979020979021,1.31735135913428,0.63265306122449,0.153846153846154,3.07115384615385,1118,0.96978021978022,353,1.14285714285714,416,56,4.25,72.2,-1.259,0.165034965034965,0.113286713286713,0.0517482517482517,0.676923076923077,0.133971353276412,0.464876033057851,1.01212583853252,0.323076923076923,0.413048501025389,145.539989718662,0.294372294372294,2.32728874347833,0.509090909090909,0.0663479501995861,24.1506538726494,0.401098901098901,0.90119480814104,0.482517482517482,0.421855042662789,145.539989718662,0.426086956521739,1.73067691318199,122.5,127.5,124,124,88,126,119,90,100,88,105,96,90,89,81.5,125,33,38,134,133,132,57,125,89,130,57,103,87,112,31,125,125,94,133,104,102,110,67,83,9,10.5,100,79,56,93,19,92.5,65,26,29,16,59,39,8.5,111,40.5,90.5,65,39,108,62,81,57,45,62,113,120,61,128,72,30,27,39,25,62,126,85,117,64,-2.6,3.008,88.5,74,23,"ACC",-1.5,-4.5,3,0.47,0.3416,0.3909,0.6872,0.6089,0.81,0.7655,0.84,0.7466,0.913,74,109,34,110,93,115,74,95,39,47,34,51,22,26.5449936628644,20.3837826884366,111.5,45.5,4.6,4.05,1.79,220.5,206.5,"http://a.espncdn.com/i/teamlogos/ncaa/500/154.png","#9E7E38","#000000","Demon Deacons",NA,NA,NA,NA,NA,NA,NA,NA,NA,NA,NA,NA,NA,NA,NA,NA,0.333,0.333,0.5,104,119,71
"252",252,2023,"Washington","Big Ten",974,175,0.339236902679049,330.416743209394,0.508213552361396,1.25920341512455,0.707692307692308,0.164141414141414,3.13383838383838,1241,1.01262626262626,401,1.02777777777778,407,107,4.62616822429907,69.5,1.46,0.114989733059548,0.0677618069815195,0.0472279260780287,0.728952772073922,0.284493120949208,0.557746478873239,1.07624835081652,0.271047227926078,0.48646449748279,0.375,1.9910236723567,0.406570841889117,0.194402860596728,76.9835327963042,0.507575757575758,0.92097124314873,0.585215605749487,0.488310834601864,278.337175723063,0.515789473684211,1.49044377759782,1040,177,0.196061715727979,203.904184357098,0.446153846153846,1.20142973919,0.76,0.119101123595506,3.65123595505618,1625,1.26516853932584,563,1.00898876404494,449,84,4.01190476190476,75.2,-1.023,0.15,0.0730769230769231,0.0769230769230769,0.710576923076923,0.175580747641625,0.504736129905277,1.0641176991929,0.289423076923077,0.246345554318727,84.5536848432745,0.302325581395349,1.76425821082645,0.427884615384615,0.300454473285388,133.702240611998,0.514606741573034,0.981107746584005,0.563461538461538,0.144289564578967,84.5536848432745,0.401023890784983,1.41612648943158,6,7,9,5,5,83,94,64,68,79,93,93,100,101,1,14,43.5,30,7,9,17,8,7,4,51,8,17,11,92,124,40,53,8,102,11,12,2,7,104,134,129.5,85,114,105,26,94.5,127.5,133,129,125,122,41,50.5,123.5,90,2,133,106,130,16,121,104,115,83,121,39,41,74,6,7,131,131,130,64,129,15,53,8,87,10.3,2.096,19,32,89,"B1G",-6,-4.5,-1.5,0.55,0,1,0.5475,1,0.68,0.627,0.8761,0.6948,0.4306,109,109,84,96,128,3,99,4,65,81,28,63,108,27.5329949238579,30.6544313784814,152.5,227.5,6.84,7.87,4.91,82.5,104.5,"http://a.espncdn.com/i/teamlogos/ncaa/500/264.png","#2B2F64","#B7A57A","Huskies",NA,NA,NA,NA,NA,NA,NA,NA,NA,NA,NA,NA,NA,NA,NA,NA,0.933,0.5,0.467,2,63.5,81
"253",253,2023,"Washington","Big Ten",974,175,0.339236902679049,330.416743209394,0.508213552361396,1.25920341512455,0.707692307692308,0.164141414141414,3.13383838383838,1241,1.01262626262626,401,1.02777777777778,407,107,4.62616822429907,69.5,1.46,0.114989733059548,0.0677618069815195,0.0472279260780287,0.728952772073922,0.284493120949208,0.557746478873239,1.07624835081652,0.271047227926078,0.48646449748279,0.375,1.9910236723567,0.406570841889117,0.194402860596728,76.9835327963042,0.507575757575758,0.92097124314873,0.585215605749487,0.488310834601864,278.337175723063,0.515789473684211,1.49044377759782,1040,177,0.196061715727979,203.904184357098,0.446153846153846,1.20142973919,0.76,0.119101123595506,3.65123595505618,1625,1.26516853932584,563,1.00898876404494,449,84,4.01190476190476,75.2,-1.023,0.15,0.0730769230769231,0.0769230769230769,0.710576923076923,0.175580747641625,0.504736129905277,1.0641176991929,0.289423076923077,0.246345554318727,84.5536848432745,0.302325581395349,1.76425821082645,0.427884615384615,0.300454473285388,133.702240611998,0.514606741573034,0.981107746584005,0.563461538461538,0.144289564578967,84.5536848432745,0.401023890784983,1.41612648943158,6,7,9,5,5,83,94,64,68,79,93,93,100,101,1,14,43.5,30,7,9,17,8,7,4,51,8,17,11,92,124,40,53,8,102,11,12,2,7,104,134,129.5,85,114,105,26,94.5,127.5,133,129,125,122,41,50.5,123.5,90,2,133,106,130,16,121,104,115,83,121,39,41,74,6,7,131,131,130,64,129,15,53,8,87,10.3,2.096,19,32,89,"B1G",-6,-4.5,-1.5,0.55,0,1,0.5475,1,0.68,0.627,0.8761,0.6948,0.4306,109,109,84,96,128,3,99,4,65,81,28,63,108,27.5329949238579,30.6544313784814,152.5,227.5,6.84,7.87,4.91,82.5,104.5,"http://a.espncdn.com/i/teamlogos/ncaa/500/264.png","#2B2F64","#B7A57A","Huskies",NA,NA,NA,NA,NA,NA,NA,NA,NA,NA,NA,NA,NA,NA,NA,NA,0.933,0.5,0.467,2,63.5,81
"254",254,2023,"Washington State","Pac-12",836,146,0.216629772420316,181.102489743384,0.454545454545455,1.2940534655461,0.705882352941177,0.197324414715719,2.861872909699,856,1.07692307692308,322,1.04013377926421,311,76,4.17105263157895,70.6,1.346,0.177033492822967,0.114832535885167,0.062200956937799,0.685406698564593,0.123126310317042,0.507853403141361,1.0684918187162,0.314593301435407,0.420346440805016,0.338403041825095,2.0315640186641,0.357655502392345,0.115962714899478,34.6728517549438,0.478260869565217,1.00784328557415,0.632775119617225,0.30893117724083,163.424592760399,0.448015122873346,1.46674568384142,812,150,0.162892939889686,132.269067190425,0.41871921182266,1.29183594476021,0.688524590163934,0.175438596491228,3.03934837092732,1213,1.03007518796992,411,1.53884711779449,614,64,4.21875,71.8,-1.27,0.150246305418719,0.0948275862068965,0.0554187192118227,0.676108374384236,0.118810095666062,0.479052823315118,1.05354562845083,0.323891625615764,0.254913782014286,95.7532562812292,0.29277566539924,2.10573663553119,0.491379310344828,0.10634636388248,42.4321991891094,0.453634085213033,1.02218660300799,0.502463054187192,0.234689353630464,95.7532562812292,0.389705882352941,1.5987952583272,62,86.5,53,56,35,67,96,108,112,130,71,119,98,119,57.5,41,68,76,93,92,74,61,65,32,58,61,36,35.5,72,133,89,104,26,66,3,52,27,39,112,57,68.5,62,59,67,78,42,64,63,50.5,52,39,110,100,35,109,49.5,87,105,92,96,60,70,81,74,60,47,57,59,89,50,49,50,104,86,85,57,36,76,70.5,0.6,3.292,67,57.5,12,"MW",-7,-4,-3,0.42,0.0627,0.302,0.9622,0.5115,0.51,0.5466,0.3743,0.5437,0.6923,117,102,106,116,115,127,16,100,107,100,119,98,63,25.0704225352113,28.5901358636027,55.5,203.5,7.64,7.06,0,110.5,84.5,"http://a.espncdn.com/i/teamlogos/ncaa/500/265.png","#94022a","#6a747c","Cougars",NA,NA,NA,NA,NA,NA,NA,NA,NA,NA,NA,NA,NA,NA,NA,NA,0.417,0.5,0.583,89.5,63.5,36.5
"255",255,2023,"Washington State","Pac-12",836,146,0.216629772420316,181.102489743384,0.454545454545455,1.2940534655461,0.705882352941177,0.197324414715719,2.861872909699,856,1.07692307692308,322,1.04013377926421,311,76,4.17105263157895,70.6,1.346,0.177033492822967,0.114832535885167,0.062200956937799,0.685406698564593,0.123126310317042,0.507853403141361,1.0684918187162,0.314593301435407,0.420346440805016,0.338403041825095,2.0315640186641,0.357655502392345,0.115962714899478,34.6728517549438,0.478260869565217,1.00784328557415,0.632775119617225,0.30893117724083,163.424592760399,0.448015122873346,1.46674568384142,812,150,0.162892939889686,132.269067190425,0.41871921182266,1.29183594476021,0.688524590163934,0.175438596491228,3.03934837092732,1213,1.03007518796992,411,1.53884711779449,614,64,4.21875,71.8,-1.27,0.150246305418719,0.0948275862068965,0.0554187192118227,0.676108374384236,0.118810095666062,0.479052823315118,1.05354562845083,0.323891625615764,0.254913782014286,95.7532562812292,0.29277566539924,2.10573663553119,0.491379310344828,0.10634636388248,42.4321991891094,0.453634085213033,1.02218660300799,0.502463054187192,0.234689353630464,95.7532562812292,0.389705882352941,1.5987952583272,62,86.5,53,56,35,67,96,108,112,130,71,119,98,119,57.5,41,68,76,93,92,74,61,65,32,58,61,36,35.5,72,133,89,104,26,66,3,52,27,39,112,57,68.5,62,59,67,78,42,64,63,50.5,52,39,110,100,35,109,49.5,87,105,92,96,60,70,81,74,60,47,57,59,89,50,49,50,104,86,85,57,36,76,70.5,0.6,3.292,67,57.5,12,"MW",-7,-4,-3,0.42,0.0627,0.302,0.9622,0.5115,0.51,0.5466,0.3743,0.5437,0.6923,117,102,106,116,115,127,16,100,107,100,119,98,63,25.0704225352113,28.5901358636027,55.5,203.5,7.64,7.06,0,110.5,84.5,"http://a.espncdn.com/i/teamlogos/ncaa/500/265.png","#94022a","#6a747c","Cougars",NA,NA,NA,NA,NA,NA,NA,NA,NA,NA,NA,NA,NA,NA,NA,NA,0.417,0.5,0.583,89.5,63.5,36.5
"256",256,2023,"Western Kentucky","Conference USA",885,161,0.207095660910344,183.279659905654,0.403389830508475,1.39577812407217,0.760869565217391,0.136627906976744,3.04331395348837,1047,0.837209302325581,288,1.28488372093023,442,60,4.95,71.8,1.29,0.16271186440678,0.0768361581920904,0.0858757062146893,0.674576271186441,0.135286642119534,0.450586264656616,1.07907665222347,0.325423728813559,0.355949772778794,0.305555555555556,2.36387694142788,0.388700564971751,0.0538965396420559,18.5404096368672,0.380813953488372,0.920411932532538,0.604519774011299,0.333067672447623,178.191204759478,0.422429906542056,1.67132224394692,929,161,0.196986027588569,183.00001962978,0.439181916038751,1.23392730318147,0.736842105263158,0.12603305785124,3.50454545454545,1696,1.23140495867769,596,1.30578512396694,632,74,4,71.1,-1.332,0.143164693218515,0.085037674919268,0.0581270182992465,0.689989235737352,0.128785938372952,0.494539781591264,1.03190460231821,0.310010764262648,0.348778587266383,110.436544527097,0.315972222222222,1.93767671168316,0.520990312163617,0.204228162392192,98.8464305978208,0.483471074380165,0.970103285020877,0.467168998923574,0.254462084163818,110.436544527097,0.400921658986175,1.58872512070778,32,29,58,55,93,9,52,21,83,110,130,130,64,90,110.5,6,105,100,66,16,129,82,63,102,46,82,55,68.5,4,127,118,118,125,103,6,42,18,62,35,126,106,86,100,100,41,76,122,129,132,116,131,78,106,87.5,88.5,64.5,71.5,117,116,83,90,78,104,60,90,93,79,96,34,91,105,118,125,55,36,71,52,72,64,-1.6,2.812,88.5,70,36,"CUS",-2,-3,1,0.59,0.1253,0.8737,0.8486,0.4545,0.73,0.7457,0.7876,0.7931,0.5429,78,89,53,89,107,40,36,103,55,51,45,41,92,25.4709821428571,27.9918409084489,65.5,187.5,8.52,7.7,5.7,90.5,55.5,"http://a.espncdn.com/i/teamlogos/ncaa/500/98.png","#F32026","#b3b5b8","Hilltoppers",NA,NA,NA,NA,NA,NA,NA,NA,NA,NA,NA,NA,NA,NA,NA,NA,0.615,0.462,0.539,47,78.5,53
"257",257,2023,"Western Kentucky","Conference USA",885,161,0.207095660910344,183.279659905654,0.403389830508475,1.39577812407217,0.760869565217391,0.136627906976744,3.04331395348837,1047,0.837209302325581,288,1.28488372093023,442,60,4.95,71.8,1.29,0.16271186440678,0.0768361581920904,0.0858757062146893,0.674576271186441,0.135286642119534,0.450586264656616,1.07907665222347,0.325423728813559,0.355949772778794,0.305555555555556,2.36387694142788,0.388700564971751,0.0538965396420559,18.5404096368672,0.380813953488372,0.920411932532538,0.604519774011299,0.333067672447623,178.191204759478,0.422429906542056,1.67132224394692,929,161,0.196986027588569,183.00001962978,0.439181916038751,1.23392730318147,0.736842105263158,0.12603305785124,3.50454545454545,1696,1.23140495867769,596,1.30578512396694,632,74,4,71.1,-1.332,0.143164693218515,0.085037674919268,0.0581270182992465,0.689989235737352,0.128785938372952,0.494539781591264,1.03190460231821,0.310010764262648,0.348778587266383,110.436544527097,0.315972222222222,1.93767671168316,0.520990312163617,0.204228162392192,98.8464305978208,0.483471074380165,0.970103285020877,0.467168998923574,0.254462084163818,110.436544527097,0.400921658986175,1.58872512070778,32,29,58,55,93,9,52,21,83,110,130,130,64,90,110.5,6,105,100,66,16,129,82,63,102,46,82,55,68.5,4,127,118,118,125,103,6,42,18,62,35,126,106,86,100,100,41,76,122,129,132,116,131,78,106,87.5,88.5,64.5,71.5,117,116,83,90,78,104,60,90,93,79,96,34,91,105,118,125,55,36,71,52,72,64,-1.6,2.812,88.5,70,36,"CUS",-2,-3,1,0.59,0.1253,0.8737,0.8486,0.4545,0.73,0.7457,0.7876,0.7931,0.5429,78,89,53,89,107,40,36,103,55,51,45,41,92,25.4709821428571,27.9918409084489,65.5,187.5,8.52,7.7,5.7,90.5,55.5,"http://a.espncdn.com/i/teamlogos/ncaa/500/98.png","#F32026","#b3b5b8","Hilltoppers",NA,NA,NA,NA,NA,NA,NA,NA,NA,NA,NA,NA,NA,NA,NA,NA,0.615,0.462,0.539,47,78.5,53
"258",258,2023,"Western Michigan","Mid-American",787,136,0.148306311482317,116.717067136584,0.401524777636595,1.20139460109048,0.720588235294118,0.137767220902613,3.08218527315915,1298,0.888361045130641,374,0.821852731591449,346,61,3.88524590163934,71.7,1.284,0.161372299872935,0.0978398983481576,0.0635324015247776,0.702668360864041,0.106823523521891,0.462929475587703,1.02515516631572,0.297331639135959,0.246340421491358,0.256410256410256,1.95334952279613,0.534942820838628,0.142467940902823,59.9790031200884,0.415676959619952,0.988549953911925,0.457433290978399,0.18205226951913,65.5388170268867,0.391666666666667,1.46556348943267,689,132,0.21754303231558,149.887149265435,0.448476052249637,1.24009481809286,0.822222222222222,0.142045454545455,3.52386363636364,1240,1.28409090909091,452,1.42897727272727,503,71,4.15492957746479,68,-1.558,0.194484760522496,0.108853410740203,0.0856313497822932,0.695210449927431,0.20973562569745,0.509394572025052,1.07215271461934,0.304789550072569,0.235351355030267,102.984309485361,0.30952380952381,1.87052363728575,0.51088534107402,0.186810802094722,65.7574023373422,0.46875,0.939902546278278,0.474600870827286,0.314936726254927,102.984309485361,0.440366972477064,1.58406512954706,93.5,122.5,90,91,95,110,84,23,74,72,126,103,120,111.5,106.5,73,103,103,61,56,82,31,82,86,84,31,93,111,102,48,72,73,88,77,90,98,99,88,113,4,5.5,95,73,109,46,117,107,131,60,128,71,98,70,69.5,106,116.5,15,20,52,6,100,117,117,86,100,36,71,84,18,74,98,86,111,39,51,102,105,67,60,-12.9,2.514,104,110,57,"MAC",2.5,-1,3.5,0.7,0.7181,0.7065,0.6037,1,0.82,0.7703,0.9677,0.8,0.6889,29,66,23,71,72,74,92,4,32,45,14,39,64,24.7706422018349,24.6407344584652,45.5,123.5,6.03,6.89,5.41,114.5,141.5,"http://a.espncdn.com/i/teamlogos/ncaa/500/2711.png","#B59966","#bfa979","Broncos",NA,NA,NA,NA,NA,NA,NA,NA,NA,NA,NA,NA,NA,NA,NA,NA,0.333,0.583,0.583,104,35,36.5
"259",259,2023,"Western Michigan","Mid-American",787,136,0.148306311482317,116.717067136584,0.401524777636595,1.20139460109048,0.720588235294118,0.137767220902613,3.08218527315915,1298,0.888361045130641,374,0.821852731591449,346,61,3.88524590163934,71.7,1.284,0.161372299872935,0.0978398983481576,0.0635324015247776,0.702668360864041,0.106823523521891,0.462929475587703,1.02515516631572,0.297331639135959,0.246340421491358,0.256410256410256,1.95334952279613,0.534942820838628,0.142467940902823,59.9790031200884,0.415676959619952,0.988549953911925,0.457433290978399,0.18205226951913,65.5388170268867,0.391666666666667,1.46556348943267,689,132,0.21754303231558,149.887149265435,0.448476052249637,1.24009481809286,0.822222222222222,0.142045454545455,3.52386363636364,1240,1.28409090909091,452,1.42897727272727,503,71,4.15492957746479,68,-1.558,0.194484760522496,0.108853410740203,0.0856313497822932,0.695210449927431,0.20973562569745,0.509394572025052,1.07215271461934,0.304789550072569,0.235351355030267,102.984309485361,0.30952380952381,1.87052363728575,0.51088534107402,0.186810802094722,65.7574023373422,0.46875,0.939902546278278,0.474600870827286,0.314936726254927,102.984309485361,0.440366972477064,1.58406512954706,93.5,122.5,90,91,95,110,84,23,74,72,126,103,120,111.5,106.5,73,103,103,61,56,82,31,82,86,84,31,93,111,102,48,72,73,88,77,90,98,99,88,113,4,5.5,95,73,109,46,117,107,131,60,128,71,98,70,69.5,106,116.5,15,20,52,6,100,117,117,86,100,36,71,84,18,74,98,86,111,39,51,102,105,67,60,-12.9,2.514,104,110,57,"MAC",2.5,-1,3.5,0.7,0.7181,0.7065,0.6037,1,0.82,0.7703,0.9677,0.8,0.6889,29,66,23,71,72,74,92,4,32,45,14,39,64,24.7706422018349,24.6407344584652,45.5,123.5,6.03,6.89,5.41,114.5,141.5,"http://a.espncdn.com/i/teamlogos/ncaa/500/2711.png","#B59966","#bfa979","Broncos",NA,NA,NA,NA,NA,NA,NA,NA,NA,NA,NA,NA,NA,NA,NA,NA,0.333,0.583,0.583,104,35,36.5
"260",260,2023,"West Virginia","Big 12",821,145,0.263536392236658,216.363378026296,0.449451887941535,1.318615013499,0.693548387096774,0.168627450980392,3.28960784313725,1678,1.25098039215686,638,1.53725490196078,784,83,4.03614457831325,68.9,1.478,0.148599269183922,0.0901339829476248,0.0584652862362972,0.697929354445798,0.183831684089565,0.490401396160558,1.08325817216992,0.302070645554202,0.447692834850707,0.354838709677419,2.07015220001571,0.621193666260658,0.272994378456439,139.227133012784,0.472549019607843,1.12306839388517,0.373934226552984,0.289759398612315,88.9561353739808,0.416938110749186,1.68679263324066,789,141,0.195344191202165,154.126566858508,0.41318124207858,1.33955856476492,0.766666666666667,0.176943699731903,3.09034852546917,1153,1.13404825737265,423,1.35120643431635,504,61,4.16393442622951,73.1,-1.205,0.200253485424588,0.120405576679341,0.0798479087452472,0.669201520912547,0.104443096663093,0.464015151515151,1.08695245598353,0.330798479087452,0.379236060614541,98.2764596092486,0.310344827586207,2.10361407898025,0.472750316856781,0.184408872751877,68.7845095364502,0.442359249329759,1.03930553746795,0.520912547528517,0.239115473501822,98.2764596092486,0.391727493917275,1.64727129460343,74,94,33,36,39,43,101,72,31,11,27,10,34,18,37.5,54,26,25,42,40,58,43,34,50,39,43,27,19,57,7,9,6,31,14,127,64,82,65,31,40,25.5,84,75,60,103,97,63,69,35,85,53,85,71.5,22.5,107,22,103,12,24,10,51,61,55,96,51,102,64,86,87,28,97,92,89,92,107,62,39,92,80.5,9.7,3.386,31,33.5,8,"B12",0.5,3,-2.5,0.98,1,0.9537,1,1,0.52,0.5028,0.6188,0.5338,0.3725,55,8,102,1,1,29,1,4,104,109,76,104,115,28.4564732142857,27.2761801286214,192.5,171.5,6.64,6.65,4.65,118.5,110.5,"http://a.espncdn.com/i/teamlogos/ncaa/500/277.png","#002855","#EAAA00","Mountaineers",NA,NA,NA,NA,NA,NA,NA,NA,NA,NA,NA,NA,NA,NA,NA,NA,0.692,0.615,0.615,33,27.5,29.5
"261",261,2023,"West Virginia","Big 12",821,145,0.263536392236658,216.363378026296,0.449451887941535,1.318615013499,0.693548387096774,0.168627450980392,3.28960784313725,1678,1.25098039215686,638,1.53725490196078,784,83,4.03614457831325,68.9,1.478,0.148599269183922,0.0901339829476248,0.0584652862362972,0.697929354445798,0.183831684089565,0.490401396160558,1.08325817216992,0.302070645554202,0.447692834850707,0.354838709677419,2.07015220001571,0.621193666260658,0.272994378456439,139.227133012784,0.472549019607843,1.12306839388517,0.373934226552984,0.289759398612315,88.9561353739808,0.416938110749186,1.68679263324066,789,141,0.195344191202165,154.126566858508,0.41318124207858,1.33955856476492,0.766666666666667,0.176943699731903,3.09034852546917,1153,1.13404825737265,423,1.35120643431635,504,61,4.16393442622951,73.1,-1.205,0.200253485424588,0.120405576679341,0.0798479087452472,0.669201520912547,0.104443096663093,0.464015151515151,1.08695245598353,0.330798479087452,0.379236060614541,98.2764596092486,0.310344827586207,2.10361407898025,0.472750316856781,0.184408872751877,68.7845095364502,0.442359249329759,1.03930553746795,0.520912547528517,0.239115473501822,98.2764596092486,0.391727493917275,1.64727129460343,74,94,33,36,39,43,101,72,31,11,27,10,34,18,37.5,54,26,25,42,40,58,43,34,50,39,43,27,19,57,7,9,6,31,14,127,64,82,65,31,40,25.5,84,75,60,103,97,63,69,35,85,53,85,71.5,22.5,107,22,103,12,24,10,51,61,55,96,51,102,64,86,87,28,97,92,89,92,107,62,39,92,80.5,9.7,3.386,31,33.5,8,"B12",0.5,3,-2.5,0.98,1,0.9537,1,1,0.52,0.5028,0.6188,0.5338,0.3725,55,8,102,1,1,29,1,4,104,109,76,104,115,28.4564732142857,27.2761801286214,192.5,171.5,6.64,6.65,4.65,118.5,110.5,"http://a.espncdn.com/i/teamlogos/ncaa/500/277.png","#002855","#EAAA00","Mountaineers",NA,NA,NA,NA,NA,NA,NA,NA,NA,NA,NA,NA,NA,NA,NA,NA,0.692,0.615,0.615,33,27.5,29.5
"262",262,2023,"Wisconsin","Big Ten",907,158,0.168137986052962,152.501153350036,0.437706725468578,1.12897019402652,0.71875,0.112941176470588,3.47317647058824,1476,1.08235294117647,460,1.16470588235294,495,69,3.89855072463768,70.6,1.407,0.148842337375965,0.081587651598677,0.0672546857772878,0.700110253583241,0.120884537594583,0.483464566929134,0.959433388712095,0.299889746416759,0.278453941093662,0.330882352941176,1.70727907437683,0.468577728776185,0.205313237462895,87.2581259217302,0.496470588235294,0.894545750997221,0.525909592061742,0.15475318131305,73.8172674863249,0.389937106918239,1.3949032987533,861,158,0.112056007644182,96.4802225816408,0.413472706155633,1.19126149465393,0.618181818181818,0.183529411764706,3.03764705882353,1291,0.976470588235294,415,1.00235294117647,426,70,3.22857142857143,71.8,-1.297,0.166085946573751,0.103368176538908,0.0627177700348432,0.689895470383275,0.0304417877826715,0.468013468013468,0.968679501436737,0.310104529616725,0.293624721493385,90.7984320981684,0.292134831460674,1.98456654740241,0.493612078977933,0.0817249187811155,34.7330904819741,0.404705882352941,0.946074330984891,0.495934959349593,0.212642698122174,90.7984320981684,0.430913348946136,1.42045819112717,25.5,37.5,79,72,49,127,85,5,7,39,69,73,79,77,75.5,72,68,53,45,25,97,39,67,54,121,39,85,44,132,97,37,38,13,113,37,105,93,95,126,90,97.5,27,32,62,21,12,52,62,70.5,31,43,40,42,62.5,20,49.5,81,63,66,65,89,22,61,20,89,65,51,56,49,52,37,36,44,41,82,45,92,9,77.5,12.9,1.952,40,26,97,"B1G",1,-0.5,1.5,0.84,1,0.8311,0.6322,1,0.84,0.8556,0.785,0.8377,0.9143,46,56,50,31,1,46,87,4,28,29,48,32,21,24.7432286023835,27.1148509755253,43.5,169.5,7.18,5.75,3.07,140.5,92.5,"http://a.espncdn.com/i/teamlogos/ncaa/500/275.png","#A00001","#f7f7f7","Badgers",NA,NA,NA,NA,NA,NA,NA,NA,NA,NA,NA,NA,NA,NA,NA,NA,0.539,0.5,0.385,61.5,63.5,117
"263",263,2023,"Wisconsin","Big Ten",907,158,0.168137986052962,152.501153350036,0.437706725468578,1.12897019402652,0.71875,0.112941176470588,3.47317647058824,1476,1.08235294117647,460,1.16470588235294,495,69,3.89855072463768,70.6,1.407,0.148842337375965,0.081587651598677,0.0672546857772878,0.700110253583241,0.120884537594583,0.483464566929134,0.959433388712095,0.299889746416759,0.278453941093662,0.330882352941176,1.70727907437683,0.468577728776185,0.205313237462895,87.2581259217302,0.496470588235294,0.894545750997221,0.525909592061742,0.15475318131305,73.8172674863249,0.389937106918239,1.3949032987533,861,158,0.112056007644182,96.4802225816408,0.413472706155633,1.19126149465393,0.618181818181818,0.183529411764706,3.03764705882353,1291,0.976470588235294,415,1.00235294117647,426,70,3.22857142857143,71.8,-1.297,0.166085946573751,0.103368176538908,0.0627177700348432,0.689895470383275,0.0304417877826715,0.468013468013468,0.968679501436737,0.310104529616725,0.293624721493385,90.7984320981684,0.292134831460674,1.98456654740241,0.493612078977933,0.0817249187811155,34.7330904819741,0.404705882352941,0.946074330984891,0.495934959349593,0.212642698122174,90.7984320981684,0.430913348946136,1.42045819112717,25.5,37.5,79,72,49,127,85,5,7,39,69,73,79,77,75.5,72,68,53,45,25,97,39,67,54,121,39,85,44,132,97,37,38,13,113,37,105,93,95,126,90,97.5,27,32,62,21,12,52,62,70.5,31,43,40,42,62.5,20,49.5,81,63,66,65,89,22,61,20,89,65,51,56,49,52,37,36,44,41,82,45,92,9,77.5,12.9,1.952,40,26,97,"B1G",1,-0.5,1.5,0.84,1,0.8311,0.6322,1,0.84,0.8556,0.785,0.8377,0.9143,46,56,50,31,1,46,87,4,28,29,48,32,21,24.7432286023835,27.1148509755253,43.5,169.5,7.18,5.75,3.07,140.5,92.5,"http://a.espncdn.com/i/teamlogos/ncaa/500/275.png","#A00001","#f7f7f7","Badgers",NA,NA,NA,NA,NA,NA,NA,NA,NA,NA,NA,NA,NA,NA,NA,NA,0.539,0.5,0.385,61.5,63.5,117
"264",264,2023,"Wyoming","Mountain West",760,146,0.179858045620993,136.692114671955,0.428947368421053,1.20702211466918,0.80952380952381,0.15473441108545,3.25196304849885,1408,1.19399538106236,517,1.30023094688222,563,62,3.96774193548387,71.2,1.331,0.155263157894737,0.102631578947368,0.0526315789473684,0.702631578947368,0.135341964680763,0.4812734082397,0.985682329957022,0.297368421052632,0.285042059877998,0.305309734513274,2.03143261714781,0.569736842105263,0.162741084173882,70.4668894472908,0.438799076212471,0.981155605011101,0.423684210526316,0.230038601477415,74.0724296757278,0.422360248447205,1.5225709149268,878,143,0.173445940823814,152.285536043308,0.42255125284738,1.20807758854216,0.728813559322034,0.155131264916468,3.10214797136038,1300,0.954653937947494,400,1.03341288782816,433,68,3.44117647058824,71.9,-1.266,0.146924829157175,0.0763097949886105,0.0706150341685649,0.678815489749431,0.106334075853583,0.474832214765101,0.964393347879104,0.321184510250569,0.315285201541039,118.96071520067,0.312056737588652,1.99174395340178,0.477220956719818,0.115493842687962,48.3919200862562,0.41527446300716,0.925730942094359,0.514806378132118,0.263187423010333,118.96071520067,0.435840707964602,1.45745990570926,110,86.5,73,78,58,106,16,49,41,51,41,45.5,62,60,101.5,59,93,85,53,70,36,32,62,57,110,32,83,70,73,23,59,61,61,80,111,84,92,63,93,103,34,70,74,75,28,70,90,76,74,25,34.5,45,44.5,50.5,39,46,88,111,127,38,65,63,73,17,65,77,93,88,51,34,55,57,54,36,101,73,99,24,71,-8,3.028,63.5,90,22,"MW",-1.5,-5,3.5,0.42,0.0913,0.4503,0.7,0.7201,0.82,0.8085,0.8813,0.8344,0.6977,74,115,23,116,109,111,70,85,32,37,27,34,62,30.5427461139896,20.1940599996859,252.5,39.5,5.86,8.46,5.16,60.5,150.5,"http://a.espncdn.com/i/teamlogos/ncaa/500/2751.png","#533B22","#ffffff","Cowboys",NA,NA,NA,NA,NA,NA,NA,NA,NA,NA,NA,NA,NA,NA,NA,NA,0.692,0.583,0.462,33,35,88.5
"265",265,2023,"Wyoming","Mountain West",760,146,0.179858045620993,136.692114671955,0.428947368421053,1.20702211466918,0.80952380952381,0.15473441108545,3.25196304849885,1408,1.19399538106236,517,1.30023094688222,563,62,3.96774193548387,71.2,1.331,0.155263157894737,0.102631578947368,0.0526315789473684,0.702631578947368,0.135341964680763,0.4812734082397,0.985682329957022,0.297368421052632,0.285042059877998,0.305309734513274,2.03143261714781,0.569736842105263,0.162741084173882,70.4668894472908,0.438799076212471,0.981155605011101,0.423684210526316,0.230038601477415,74.0724296757278,0.422360248447205,1.5225709149268,878,143,0.173445940823814,152.285536043308,0.42255125284738,1.20807758854216,0.728813559322034,0.155131264916468,3.10214797136038,1300,0.954653937947494,400,1.03341288782816,433,68,3.44117647058824,71.9,-1.266,0.146924829157175,0.0763097949886105,0.0706150341685649,0.678815489749431,0.106334075853583,0.474832214765101,0.964393347879104,0.321184510250569,0.315285201541039,118.96071520067,0.312056737588652,1.99174395340178,0.477220956719818,0.115493842687962,48.3919200862562,0.41527446300716,0.925730942094359,0.514806378132118,0.263187423010333,118.96071520067,0.435840707964602,1.45745990570926,110,86.5,73,78,58,106,16,49,41,51,41,45.5,62,60,101.5,59,93,85,53,70,36,32,62,57,110,32,83,70,73,23,59,61,61,80,111,84,92,63,93,103,34,70,74,75,28,70,90,76,74,25,34.5,45,44.5,50.5,39,46,88,111,127,38,65,63,73,17,65,77,93,88,51,34,55,57,54,36,101,73,99,24,71,-8,3.028,63.5,90,22,"MW",-1.5,-5,3.5,0.42,0.0913,0.4503,0.7,0.7201,0.82,0.8085,0.8813,0.8344,0.6977,74,115,23,116,109,111,70,85,32,37,27,34,62,30.5427461139896,20.1940599996859,252.5,39.5,5.86,8.46,5.16,60.5,150.5,"http://a.espncdn.com/i/teamlogos/ncaa/500/2751.png","#533B22","#ffffff","Cowboys",NA,NA,NA,NA,NA,NA,NA,NA,NA,NA,NA,NA,NA,NA,NA,NA,0.692,0.583,0.462,33,35,88.5
