"","week","home_team","home_conference","away_team","away_conference","TAN_Proj_Spread","home_points","away_points","Home_TAN24","Home_SP","HFACW","Away_TAN","Away_SP","TANSpread","TANFAV"
"1",1,"Lincoln University (CA)","Independent DII","College of Idaho",NA,"NA NA",7,45,NA,NA,NA,NA,NA,NA,NA
"2",1,"Georgia Tech","ACC","Florida State","ACC","Florida State -7.6",24,21,76,0.6,1.368,85,19.9,-7.6,"Florida State"
"3",1,"Tarleton State","UAC","McNeese","Southland","McNeese -3",26,23,43,-27.5,1,47,-23.5,-3,"McNeese"
"4",1,"New Mexico","Mountain West","Montana State","Big Sky","Montana State -9.6",31,35,54.5,-20.6,0.856,65,-5.5,-9.6,"Montana State"
"5",1,"Southeast Missouri State","Big South-OVC","North Alabama","UAC","NA NA",37,15,63,-7.5,NA,41,-29.5,NA,NA
"6",1,"Norfolk State","MEAC","Florida A&M","SWAC","Florida A&M -9",23,24,36,-34.5,1,46,-24.5,-9,"Florida A&M"
"7",1,"Nevada","Mountain West","SMU","ACC","SMU -19.4",24,29,60,-16.7,2.062,81.5,12.7,-19.4,"SMU"
"8",1,"Hawai'i","Mountain West","Delaware State","MEAC","NA NA",35,14,59.5,-12.6,2.098,NA,NA,NA,NA
"9",1,"Sul Ross State","Lone Star","West Texas A&M","Lone Star","NA NA",NA,NA,NA,NA,NA,NA,NA,NA,NA
"10",1,"Northern Michigan","GLIAC","Minnesota-Duluth","Northern Sun","NA NA",NA,NA,NA,NA,NA,NA,NA,NA,NA
"11",1,"Morehead State","Pioneer","Central State","SIAC","NA NA",NA,NA,NA,NA,NA,NA,NA,NA,NA
"12",1,"Carson-Newman","South Atlantic","Reinhardt",NA,"NA NA",NA,NA,NA,NA,NA,NA,NA,NA,NA
"13",1,"Villanova","CAA","Youngstown State","MVFC","Villanova -8",NA,NA,59.5,-11,1,52.5,-18,-8,"Villanova"
"14",1,"Rutgers","Big Ten","Howard","MEAC","Rutgers -53.6",NA,NA,77,3.5,2.144,25.5,-45,-53.6,"Rutgers"
"15",1,"NC State","ACC","Western Carolina","Southern","NC State -35.6",NA,NA,76,12.1,3.106,43.5,-27,-35.6,"NC State"
"16",1,"Wake Forest","ACC","North Carolina A&T","CAA","Wake Forest -25",NA,NA,64,-2.6,3.008,42,-28.5,-25,"Wake Forest"
"17",1,"Central Michigan","Mid-American","Central Connecticut","NEC","Central Michigan -37.7",NA,NA,56,-15.9,1.658,20,-19,-37.7,"Central Michigan"
"18",1,"Bowling Green","Mid-American","Fordham","Patriot","Bowling Green -27",NA,NA,65.5,-11.2,1.458,40,-30.5,-27,"Bowling Green"
"19",1,"Buffalo","Mid-American","Lafayette","Patriot","Buffalo -18.3",NA,NA,48,-17,2.782,32.5,-38,-18.3,"Buffalo"
"20",1,"Gardner-Webb","Big South-OVC","Wofford","Southern","Gardner-Webb -1.5",NA,NA,38,-32.5,1,37.5,-33,-1.5,"Gardner-Webb"
"21",1,"Mercer","Southern","Presbyterian College","Pioneer","NA NA",NA,NA,51,-19.5,1,NA,NA,NA,NA
"22",1,"William & Mary","CAA","VMI","Southern","William & Mary -3.5",NA,NA,47.5,-23,1,45,-25.5,-3.5,"William & Mary"
"23",1,"Delaware","CAA","Bryant","CAA","Delaware -11.5",NA,NA,47,-23.5,1,36.5,-34,-11.5,"Delaware"
"24",1,"Louisiana Monroe","Sun Belt","Jackson State","SWAC","NA NA",NA,NA,NA,NA,NA,45,-25.5,NA,NA
"25",1,"UCF","Big 12","New Hampshire","CAA","UCF -41.7",NA,NA,79,5.9,2.692,40,-30.5,-41.7,"UCF"
"26",1,"Millersville","Pennsylvania State Athletic","Clarion","Pennsylvania State Athletic","NA NA",NA,NA,NA,NA,NA,NA,NA,NA,NA
"27",1,"Wayne State (NE)","Northern Sun","Missouri S&T","Great Lakes","NA NA",NA,NA,NA,NA,NA,NA,NA,NA,NA
"28",1,"University of Mary","Northern Sun","Jamestown",NA,"NA NA",NA,NA,NA,NA,NA,NA,NA,NA,NA
"29",1,"Fairmont State","Mountain East","Seton Hill College","Pennsylvania State Athletic","NA NA",NA,NA,NA,NA,NA,NA,NA,NA,NA
"30",1,"Northeastern State","Independent DII","Missouri Western","Mid America","NA NA",NA,NA,NA,NA,NA,NA,NA,NA,NA
"31",1,"Northwest Missouri State","Mid America","Minnesota State","Northern Sun","NA NA",NA,NA,NA,NA,NA,NA,NA,NA,NA
"32",1,"Mars Hill","South Atlantic","Delta State","Gulf South","NA NA",NA,NA,NA,NA,NA,NA,NA,NA,NA
"33",1,"Wheeling Jesuit","Mountain East","Mercyhurst","NEC","NA NA",NA,NA,NA,NA,NA,NA,NA,NA,NA
"34",1,"Minot State","Northern Sun","Valley City State",NA,"NA NA",NA,NA,NA,NA,NA,NA,NA,NA,NA
"35",1,"West Liberty","Mountain East","Walsh","Great Midwest Athletic","NA NA",NA,NA,NA,NA,NA,NA,NA,NA,NA
"36",1,"Bemidji State","Northern Sun","Michigan Tech","GLIAC","NA NA",NA,NA,NA,NA,NA,NA,NA,NA,NA
"37",1,"Edinboro","Pennsylvania State Athletic","East Stroudsburg","Pennsylvania State Athletic","NA NA",NA,NA,NA,NA,NA,NA,NA,NA,NA
"38",1,"Drake","Pioneer","Quincy","Great Lakes","NA NA",NA,NA,NA,NA,NA,NA,NA,NA,NA
"39",1,"Arkansas","SEC","Arkansas-Pine Bluff","SWAC","Arkansas -27.9",NA,NA,75.5,6.1,2.358,50,-25,-27.9,"Arkansas"
"40",1,"Toledo","Mid-American","Duquesne","NEC","Toledo -27.1",NA,NA,62.5,-7,2.644,38,-32.5,-27.1,"Toledo"
"41",1,"Minnesota","Big Ten","North Carolina","ACC","North Carolina -4.1",NA,NA,71.5,4.2,2.436,78,7.9,-4.1,"North Carolina"
"42",1,"UAB","American Athletic","Alcorn State","SWAC","UAB -28.8",NA,NA,63,-10.6,3.838,38,-32.5,-28.8,"UAB"
"43",1,"Kansas","Big 12","Lindenwood","Big South-OVC","NA NA",NA,NA,85,9.7,2.394,NA,NA,NA,NA
"44",1,"Colorado","Big 12","North Dakota State","MVFC","Colorado -1.6",NA,NA,75,0.3,2.572,76,5.5,-1.6,"Colorado"
"45",1,"Tulsa","American Athletic","Northwestern State","Southland","Tulsa -17.2",NA,NA,52.5,-13.2,0.738,36,-34.5,-17.2,"Tulsa"
"46",1,"Tulane","American Athletic","Southeastern Louisiana","Southland","Tulane -18.6",NA,NA,73,-0.8,3.148,57.5,-13,-18.6,"Tulane"
"47",1,"Missouri","SEC","Murray State","MVFC","Missouri -49",NA,NA,88.5,22.2,2.478,42,-28.5,-49,"Missouri"
"48",1,"Jacksonville State","Conference USA","Coastal Carolina","Sun Belt","Jacksonville State -7",NA,NA,60.5,-9.9,2.5,56,-6.5,-7,"Jacksonville State"
"49",1,"New Mexico Highlands","Rocky Mountain","Eastern New Mexico","Lone Star","NA NA",NA,NA,NA,NA,NA,NA,NA,NA,NA
"50",1,"South Dakota","MVFC","Northern State","Northern Sun","NA NA",NA,NA,59.5,-11,1,NA,NA,NA,NA
"51",1,"St. Thomas (MN)","Pioneer","Sioux Falls","Northern Sun","NA NA",NA,NA,NA,NA,NA,NA,NA,NA,NA
"52",1,"South Dakota Mines","Rocky Mountain","Colorado State-Pueblo","Rocky Mountain","NA NA",NA,NA,NA,NA,NA,NA,NA,NA,NA
"53",1,"Texas A&M-Kingsville","Lone Star","Colorado Mesa","Rocky Mountain","NA NA",NA,NA,NA,NA,NA,NA,NA,NA,NA
"54",1,"Chadron State","Rocky Mountain","Nebraska-Kearney","Mid America","NA NA",NA,NA,NA,NA,NA,NA,NA,NA,NA
"55",1,"Emporia State","Mid America","Washburn","Mid America","NA NA",NA,NA,NA,NA,NA,NA,NA,NA,NA
"56",1,"Fort Hays State","Mid America","Angelo State","Lone Star","NA NA",NA,NA,NA,NA,NA,NA,NA,NA,NA
"57",1,"Midwestern State","Lone Star","Missouri Southern State","Mid America","NA NA",NA,NA,NA,NA,NA,NA,NA,NA,NA
"58",1,"Stephen F. Austin","Southland","North American University",NA,"NA NA",NA,NA,56,-14.5,1,NA,NA,NA,NA
"59",1,"Illinois","Big Ten","Eastern Illinois","Big South-OVC","Illinois -42.5",NA,NA,71.5,0.1,1.504,30.5,-40,-42.5,"Illinois"
"60",1,"Eastern Washington","Big Sky","Monmouth","CAA","Eastern Washington -14",NA,NA,65,-5.5,1,52,-18.5,-14,"Eastern Washington"
"61",1,"Utah","Big 12","Southern Utah","UAC","Utah -57.8",NA,NA,88,15.8,3.3,33.5,-37,-57.8,"Utah"
"62",1,"San José State","Mountain West","Sacramento State","Big Sky","NA NA",NA,NA,NA,NA,NA,60.5,-10,NA,NA
"63",1,"Army","American Athletic","Lehigh","Patriot","NA NA",NA,NA,58.5,-11.1,1.806,NA,NA,NA,NA
"64",1,"Maine","CAA","Colgate","Patriot","Maine -13",NA,NA,45.5,-25,1,33.5,-37,-13,"Maine"
"65",1,"Oklahoma","SEC","Temple","American Athletic","Oklahoma -48.2",NA,NA,89.5,19.8,3.25,44.5,-21.9,-48.2,"Oklahoma"
"66",1,"Michigan State","Big Ten","Florida Atlantic","American Athletic","Michigan State -7",NA,NA,67.5,-2.4,2.004,62.5,-12.2,-7,"Michigan State"
"67",1,"Duke","ACC","Elon","CAA","Duke -22.2",NA,NA,67,3.1,3.184,48,-22.5,-22.2,"Duke"
"68",1,"Wisconsin","Big Ten","Western Michigan","Mid-American","Wisconsin -19.5",NA,NA,77.5,12.9,1.952,60,-12.9,-19.5,"Wisconsin"
"69",1,"Stanford","ACC","TCU","Big 12","TCU -2.6",NA,NA,67,-3.5,1.37,71,8.7,-2.6,"TCU"
"70",1,"Utah State","Mountain West","Robert Morris","NEC","Utah State -31.7",NA,NA,61.5,-11.1,2.748,32.5,-38,-31.7,"Utah State"
"71",1,"Dayton","Pioneer","St Francis (PA)","NEC","NA NA",NA,NA,NA,NA,NA,NA,NA,NA,NA
"72",1,"Wagner","NEC","Virginia Lynchburg",NA,"NA NA",NA,NA,16.5,-54,1,NA,NA,NA,NA
"73",1,"Navy","American Athletic","Bucknell","Patriot","Navy -41.1",NA,NA,58.5,-13.3,2.612,20,-50.5,-41.1,"Navy"
"74",1,"West Virginia","Big 12","Penn State","Big Ten","Penn State -12.6",NA,NA,80.5,9.7,3.386,96.5,26.1,-12.6,"Penn State"
"75",1,"Vanderbilt","SEC","Virginia Tech","ACC","Virginia Tech -12.1",NA,NA,65,-7.3,0.874,78,9.4,-12.1,"Virginia Tech"
"76",1,"Georgia","SEC","Clemson","ACC","Georgia -14.8",NA,NA,101.5,34.2,1.822,88.5,18.8,-14.8,"Georgia"
"77",1,"Purdue","Big Ten","Indiana State","MVFC","Purdue -23.8",NA,NA,69.5,-1.4,1.26,47,-23.5,-23.8,"Purdue"
"78",1,"Louisville","ACC","Austin Peay","UAC","Louisville -37.9",NA,NA,85,11.3,2.864,50,-20.5,-37.9,"Louisville"
"79",1,"Iowa","Big Ten","Illinois State","MVFC","Iowa -35.4",NA,NA,83,13.2,2.436,50,-20.5,-35.4,"Iowa"
"80",1,"Pittsburgh","ACC","Kent State","Mid-American","Pittsburgh -23.9",NA,NA,66.5,-0.8,1.948,44.5,-20.9,-23.9,"Pittsburgh"
"81",1,"Maryland","Big Ten","Connecticut","FBS Independents","NA NA",NA,NA,74,5.2,2.252,NA,NA,NA,NA
"82",1,"Georgetown","Patriot","Davidson","Pioneer","NA NA",NA,NA,NA,NA,NA,NA,NA,NA,NA
"83",1,"Tennessee","SEC","Chattanooga","Southern","Tennessee -30.3",NA,NA,83,19.2,2.338,55,-15.5,-30.3,"Tennessee"
"84",1,"Bluefield","CIAA","Winston-Salem","CIAA","NA NA",NA,NA,NA,NA,NA,NA,NA,NA,NA
"85",1,"Butler","Pioneer","Upper Iowa","Great Lakes","NA NA",NA,NA,NA,NA,NA,NA,NA,NA,NA
"86",1,"Post University","Northeast 10","WV Wesleyan","Mountain East","NA NA",NA,NA,NA,NA,NA,NA,NA,NA,NA
"87",1,"Fort Valley State","SIAC","Clark Atlanta","SIAC","NA NA",NA,NA,NA,NA,NA,NA,NA,NA,NA
"88",1,"Shaw","CIAA","Elizabeth City State","CIAA","NA NA",NA,NA,NA,NA,NA,NA,NA,NA,NA
"89",1,"Emory & Henry","South Atlantic","Glenville State","Mountain East","NA NA",NA,NA,NA,NA,NA,NA,NA,NA,NA
"90",1,"Oklahoma State","Big 12","South Dakota State","MVFC","Oklahoma State -18.8",NA,NA,86,14,2.828,70,-0.5,-18.8,"Oklahoma State"
"91",1,"Cincinnati","Big 12","Towson","CAA","Cincinnati -30.6",NA,NA,72,-0.1,2.08,43.5,-27,-30.6,"Cincinnati"
"92",1,"Morehouse","SIAC","Edward Waters","SIAC","NA NA",NA,NA,NA,NA,NA,NA,NA,NA,NA
"93",1,"Erskine","Gulf South","St. Andrews",NA,"NA NA",NA,NA,NA,NA,NA,NA,NA,NA,NA
"94",1,"Washington State","Pac-12","Portland State","Big Sky","Washington State -24.3",NA,NA,70.5,0.6,3.292,49.5,-21,-24.3,"Washington State"
"95",1,"Kentucky State","SIAC","Virginia Union","CIAA","NA NA",NA,NA,NA,NA,NA,NA,NA,NA,NA
"96",1,"Air Force","Mountain West","Merrimack","FCS Independents","NA NA",NA,NA,62,-7.1,3.212,NA,NA,NA,NA
"97",1,"Northern Illinois","Mid-American","Western Illinois","Big South-OVC","NA NA",NA,NA,60,-10.6,1.072,NA,NA,NA,NA
"98",1,"Indiana","Big Ten","Florida International","Conference USA","Indiana -27.9",NA,NA,76.5,-4.5,1.9,50.5,-19,-27.9,"Indiana"
"99",1,"Texas","SEC","Colorado State","Mountain West","Texas -37",NA,NA,97,27.7,2.978,63,-10.6,-37,"Texas"
"100",1,"Syracuse","ACC","Ohio","Mid-American","Syracuse -16.4",NA,NA,70,-1,2.892,56.5,-12,-16.4,"Syracuse"
"101",1,"UT San Antonio","American Athletic","Kennesaw State","Conference USA","NA NA",NA,NA,NA,NA,NA,57.5,-13,NA,NA
"102",1,"Northwestern","Big Ten","Miami (OH)","Mid-American","NA NA",NA,NA,75,-2.8,2.132,NA,NA,NA,NA
"103",1,"UMass","FBS Independents","Eastern Michigan","Mid-American","UMass -3.6",NA,NA,51,-20.1,1.59,49,-15.9,-3.6,"UMass"
"104",1,"Ohio State","Big Ten","Akron","Mid-American","Ohio State -53.5",NA,NA,99,30.8,2.984,48.5,-22.2,-53.5,"Ohio State"
"105",1,"Nebraska","Big Ten","UTEP","Conference USA","Nebraska -27",NA,NA,70.5,7.4,1.486,45,-17.8,-27,"Nebraska"
"106",1,"Florida","SEC","Miami","ACC","Miami -2",NA,NA,82,13.2,2.478,86.5,15.5,-2,"Miami"
"107",1,"Iowa State","Big 12","North Dakota","MVFC","Iowa State -34.7",NA,NA,91,11.5,2.708,59,-11.5,-34.7,"Iowa State"
"108",1,"Appalachian State","Sun Belt","East Tennessee State","Southern","Appalachian State -44.3",NA,NA,79,0.5,1.806,36.5,-34,-44.3,"Appalachian State"
"109",1,"Georgia Southern","Sun Belt","Boise State","Mountain West","Boise State -14.8",NA,NA,59.6,-10.3,3.634,78,7.9,-14.8,"Boise State"
"110",1,"Fort Lewis","Rocky Mountain","William Jewell College","Great Lakes","NA NA",NA,NA,NA,NA,NA,NA,NA,NA,NA
"111",1,"Northern Arizona","Big Sky","Lincoln University (CA)","Independent DII","NA NA",NA,NA,46,-24.5,1,NA,NA,NA,NA
"112",1,"South Carolina","SEC","Old Dominion","Sun Belt","South Carolina -17.3",NA,NA,77.5,9.5,2.282,62.5,-13.1,-17.3,"South Carolina"
"113",1,"Northern Iowa","MVFC","Valparaiso","Pioneer","NA NA",NA,NA,64,-6.5,1,NA,NA,NA,NA
"114",1,"South Alabama","Sun Belt","North Texas","American Athletic","South Alabama -6",NA,NA,61,-6.4,2.458,57.5,-11.3,-6,"South Alabama"
"115",1,"California","ACC","UC Davis","Big Sky","California -28.3",NA,NA,79.5,2.8,2.802,54,-16.5,-28.3,"California"
"116",1,"Marshall","Sun Belt","Stony Brook","CAA","Marshall -17.3",NA,NA,61.5,-9.9,1.262,45.5,-25,-17.3,"Marshall"
"117",1,"East Carolina","American Athletic","Norfolk State","MEAC","East Carolina -24.5",NA,NA,60.5,-9.5,0,36,-34.5,-24.5,"East Carolina"
"118",1,"Hampton","CAA","Morgan State","MEAC","Hampton -14",NA,NA,36.5,-34,1,23.5,-47,-14,"Hampton"
"119",1,"Tennessee State","Big South-OVC","Mississippi Valley State","SWAC","NA NA",NA,NA,36.5,-34,1,NA,NA,NA,NA
"120",1,"Charleston Southern","Big South-OVC","The Citadel","Southern","Charleston Southern -6.5",NA,NA,43.5,-27,1,38,-32.5,-6.5,"Charleston Southern"
"121",1,"Virginia","ACC","Richmond","CAA","Virginia -18.3",NA,NA,66,-3.5,3.304,51,-19.5,-18.3,"Virginia"
"122",1,"Liberty","Conference USA","Campbell","CAA","Liberty -40",NA,NA,75.5,3.9,3.488,39,-31.5,-40,"Liberty"
"123",1,"Mississippi State","SEC","Eastern Kentucky","UAC","Mississippi State -27.6",NA,NA,77,1.1,2.64,52,-18.5,-27.6,"Mississippi State"
"124",1,"Florida A&M","SWAC","South Carolina State","MEAC","NA NA",NA,NA,46,-24.5,1,NA,NA,NA,NA
"125",1,"Sacred Heart","FCS Independents","Delaware State","MEAC","NA NA",NA,NA,NA,NA,NA,NA,NA,NA,NA
"126",1,"West Georgia","UAC","Samford","Southern","NA NA",NA,NA,NA,NA,NA,47,-23.5,NA,NA
"127",1,"Stetson","Pioneer","Ave Maria",NA,"NA NA",NA,NA,NA,NA,NA,NA,NA,NA,NA
"128",1,"Livingstone","CIAA","Charleston (WV)","Mountain East","NA NA",NA,NA,NA,NA,NA,NA,NA,NA,NA
"129",1,"UNC Pembroke","Mountain East","Wingate","South Atlantic","NA NA",NA,NA,NA,NA,NA,NA,NA,NA,NA
"130",1,"Oregon State","Pac-12","Idaho State","Big Sky","Oregon State -37.5",NA,NA,73,3.2,3.542,39,-31.5,-37.5,"Oregon State"
"131",1,"Rhode Island","CAA","Holy Cross","Patriot","Holy Cross -6",NA,NA,44.5,-26,1,51.5,-19,-6,"Holy Cross"
"132",1,"Valdosta State","Gulf South","Albany State (GA)","SIAC","NA NA",NA,NA,NA,NA,NA,NA,NA,NA,NA
"133",1,"West Alabama","Gulf South","Miles","SIAC","NA NA",NA,NA,NA,NA,NA,NA,NA,NA,NA
"134",1,"University of Texas of the Permian Basin","Lone Star","Western New Mexico","Lone Star","NA NA",NA,NA,NA,NA,NA,NA,NA,NA,NA
"135",1,"Prairie View","SWAC","Texas Southern","SWAC","NA NA",NA,NA,NA,NA,NA,28,-42.5,NA,NA
"136",1,"Memphis","American Athletic","North Alabama","UAC","Memphis -34",NA,NA,72.5,6.1,2.464,41,-29.5,-34,"Memphis"
"137",1,"Middle Tennessee","Conference USA","Tennessee Tech","Big South-OVC","Middle Tennessee -24.7",NA,NA,53,-13.4,3.182,31.5,-39,-24.7,"Middle Tennessee"
"138",1,"Incarnate Word","Southland","Northern Colorado","Big Sky","Incarnate Word -20",NA,NA,57.5,-13,1,38.5,-32,-20,"Incarnate Word"
"139",1,"Kansas State","Big 12","UT Martin","Big South-OVC","Kansas State -40.8",NA,NA,88,16.4,3.824,51,-19.5,-40.8,"Kansas State"
"140",1,"Baylor","Big 12","Tarleton State","UAC","Baylor -30",NA,NA,70.5,2.2,2.464,43,-27.5,-30,"Baylor"
"141",1,"South Florida","American Athletic","Bethune-Cookman","SWAC","South Florida -37.1",NA,NA,65,-5.6,2.564,30.5,-40,-37.1,"South Florida"
"142",1,"Arkansas State","Sun Belt","Central Arkansas","UAC","Arkansas State -19.4",NA,NA,65.5,-9.1,2.916,49,-21.5,-19.4,"Arkansas State"
"143",1,"Albany","CAA","Long Island University","NEC","NA NA",NA,NA,40,-30.5,1,NA,NA,NA,NA
"144",1,"Ole Miss","SEC","Furman","Southern","Ole Miss -43.9",NA,NA,91,24.7,2.424,49.5,-21,-43.9,"Ole Miss"
"145",1,"Rice","American Athletic","Sam Houston State","Conference USA","NA NA",NA,NA,68,-9,2.946,NA,NA,NA,NA
"146",1,"Houston","Big 12","UNLV","Mountain West","Houston -8.7",NA,NA,77.5,-3.3,1.67,70.5,-5.2,-8.7,"Houston"
"147",1,"Alabama","SEC","Western Kentucky","Conference USA","Alabama -35.2",NA,NA,96,27.8,3.216,64,-1.6,-35.2,"Alabama"
"148",1,"Troy","Sun Belt","Nevada","Mountain West","Troy -9.7",NA,NA,68,-0.7,1.656,60,-16.7,-9.7,"Troy"
"149",1,"Hawai'i","Mountain West","UCLA","Big Ten","UCLA -13.4",NA,NA,59.5,-12.6,2.098,75,8.8,-13.4,"UCLA"
"150",1,"Auburn","SEC","Alabama A&M","SWAC","Auburn -47.6",NA,NA,83.5,13.1,2.62,38.5,-32,-47.6,"Auburn"
"151",1,"Oregon","Big Ten","Idaho","Big Sky","Oregon -54",NA,NA,97.5,29,2.508,46,-24.5,-54,"Oregon"
"152",1,"Michigan","Big Ten","Fresno State","Mountain West","Michigan -21.4",NA,NA,94.5,25,2.884,76,-0.1,-21.4,"Michigan"
"153",1,"Texas A&M","SEC","Notre Dame","FBS Independents","Texas A&M -1.5",NA,NA,88,19.2,2.516,89,23.4,-1.5,"Texas A&M"
"154",1,"Texas Tech","Big 12","Abilene Christian","UAC","Texas Tech -32.2",NA,NA,72,7.4,3.244,43,-27.5,-32.2,"Texas Tech"
"155",1,"Kentucky","SEC","Southern Mississippi","Sun Belt","NA NA",NA,NA,78,13.8,2.738,NA,NA,NA,NA
"156",1,"Louisiana","Sun Belt","Grambling","SWAC","NA NA",NA,NA,69.5,-2.4,2.73,NA,NA,NA,NA
"157",1,"SMU","ACC","Houston Christian","Southland","NA NA",NA,NA,81.5,12.7,3.37,NA,NA,NA,NA
"158",1,"Texas State","Sun Belt","Lamar","Southland","Texas State -44.8",NA,NA,72.5,-6.5,2.276,30,-40.5,-44.8,"Texas State"
"159",1,"McNeese","Southland","Southern","SWAC","McNeese -14.5",NA,NA,47,-23.5,1,33.5,-37,-14.5,"McNeese"
"160",1,"BYU","Big 12","Southern Illinois","MVFC","BYU -12.6",NA,NA,71.5,-1.5,2.052,61,-9.5,-12.6,"BYU"
"161",1,"Charlotte","American Athletic","James Madison","Sun Belt","James Madison -7.3",NA,NA,60.5,-18.1,1.67,69.5,0.7,-7.3,"James Madison"
"162",1,"Louisiana Tech","Conference USA","Nicholls","Southland","Nicholls -4.6",NA,NA,46.5,-16.7,2.37,53.5,-17,-4.6,"Nicholls"
"163",1,"Georgia Tech","ACC","Georgia State","Sun Belt","Georgia Tech -17.9",NA,NA,76,0.6,1.368,59.5,-11.3,-17.9,"Georgia Tech"
"164",1,"San Diego","Pioneer","Cal Poly","Big Sky","NA NA",NA,NA,NA,NA,NA,34.5,-36,NA,NA
"165",1,"Pittsburg State","Mid America","Ferris State","GLIAC","NA NA",NA,NA,NA,NA,NA,NA,NA,NA,NA
"166",1,"San Diego State","Mountain West","Texas A&M-Commerce","Southland","NA NA",NA,NA,56.5,-8.9,1.934,NA,NA,NA,NA
"167",1,"Montana","Big Sky","Missouri State","MVFC","Montana -3.5",NA,NA,65.5,-5,1,63,-7.5,-3.5,"Montana"
"168",1,"New Mexico State","Conference USA","Southeast Missouri State","Big South-OVC","Southeast Missouri State -7",NA,NA,53,-15.5,2.962,63,-7.5,-7,"Southeast Missouri State"
"169",1,"Utah Tech","UAC","Montana State","Big Sky","NA NA",NA,NA,NA,NA,NA,65,-5.5,NA,NA
"170",1,"Arizona","Big 12","New Mexico","Mountain West","Arizona -29.2",NA,NA,81,12.4,2.7,54.5,-20.6,-29.2,"Arizona"
"171",1,"Arizona State","Big 12","Wyoming","Mountain West","Wyoming -2.8",NA,NA,66,-4,2.164,71,-8,-2.8,"Wyoming"
"172",1,"Washington","Big Ten","Weber State","Big Sky","Washington -29.6",NA,NA,87,10.3,2.096,59.5,-11,-29.6,"Washington"
"173",1,"Alabama State","SWAC","North Carolina Central","MEAC","NA NA",NA,NA,30,-40.5,1,NA,NA,NA,NA
"174",1,"Virginia State","CIAA","Benedict College","SIAC","NA NA",NA,NA,NA,NA,NA,NA,NA,NA,NA
"175",1,"Johnson C Smith","CIAA","Tuskegee","SIAC","NA NA",NA,NA,NA,NA,NA,NA,NA,NA,NA
"176",1,"LSU","SEC","USC","Big Ten","LSU -10.4",NA,NA,94,23.1,3.904,87.5,13.9,-10.4,"LSU"
"177",1,"Florida State","ACC","Boston College","ACC","Florida State -17.9",NA,NA,85,19.9,1.904,69,-2.4,-17.9,"Florida State"
"178",2,"Shorter","Gulf South","Mississippi College","Gulf South","NA NA",NA,NA,NA,NA,NA,NA,NA,NA,NA
"179",2,"Rensselaer","Liberty League","Wisconsin-La Crosse","Wisconsin","NA NA",NA,NA,NA,NA,NA,NA,NA,NA,NA
"180",2,"Bloomsburg","Pennsylvania State Athletic","Fairmont State","Mountain East","NA NA",NA,NA,NA,NA,NA,NA,NA,NA,NA
"181",2,"Grand Valley State","GLIAC","Central State","SIAC","NA NA",NA,NA,NA,NA,NA,NA,NA,NA,NA
"182",2,"Tiffin","Great Midwest Athletic","Wayne State (MI)","GLIAC","NA NA",NA,NA,NA,NA,NA,NA,NA,NA,NA
"183",2,"Clarion","Pennsylvania State Athletic","Lincoln (PA)","CIAA","NA NA",NA,NA,NA,NA,NA,NA,NA,NA,NA
"184",2,"Southern Connecticut State","Northeast 10","Shepherd","Pennsylvania State Athletic","NA NA",NA,NA,NA,NA,NA,NA,NA,NA,NA
"185",2,"Barton College","South Atlantic","West Virginia State","Mountain East","NA NA",NA,NA,NA,NA,NA,NA,NA,NA,NA
"186",2,"Michigan Tech","GLIAC","South Dakota Mines","Rocky Mountain","NA NA",NA,NA,NA,NA,NA,NA,NA,NA,NA
"187",2,"Kentucky Wesleyan","Great Midwest Athletic","Northern Michigan","GLIAC","NA NA",NA,NA,NA,NA,NA,NA,NA,NA,NA
"188",2,"West Florida","Gulf South","McKendree","Great Lakes","NA NA",NA,NA,NA,NA,NA,NA,NA,NA,NA
"189",2,"Southeastern Oklahoma","Great American","Southern Arkansas","Great American","NA NA",NA,NA,NA,NA,NA,NA,NA,NA,NA
"190",2,"East Central","Great American","Henderson State","Great American","NA NA",NA,NA,NA,NA,NA,NA,NA,NA,NA
"191",2,"Arkansas-Monticello","Great American","Northwestern Oklahoma State","Great American","NA NA",NA,NA,NA,NA,NA,NA,NA,NA,NA
"192",2,"Brockport State (NY)","Empire 8","Buffalo State","Liberty League","NA NA",NA,NA,NA,NA,NA,NA,NA,NA,NA
"193",2,"Minnesota St-Moorhead","Northern Sun","Wayne State (NE)","Northern Sun","NA NA",NA,NA,NA,NA,NA,NA,NA,NA,NA
"194",2,"Pace","Northeast 10","East Stroudsburg","Pennsylvania State Athletic","NA NA",NA,NA,NA,NA,NA,NA,NA,NA,NA
"195",2,"Gannon","Pennsylvania State Athletic","Northwood (MI)","Great Midwest Athletic","NA NA",NA,NA,NA,NA,NA,NA,NA,NA,NA
"196",2,"Stevenson","Mid Atlantic","Rowan","New Jersey","NA NA",NA,NA,NA,NA,NA,NA,NA,NA,NA
"197",2,"Frostburg State","Mountain East","Millersville","Pennsylvania State Athletic","NA NA",NA,NA,NA,NA,NA,NA,NA,NA,NA
"198",2,"UW-Stout","Wisconsin","Carroll (WI)","CCIW","NA NA",NA,NA,NA,NA,NA,NA,NA,NA,NA
"199",2,"West Liberty","Mountain East","Limestone","South Atlantic","NA NA",NA,NA,NA,NA,NA,NA,NA,NA,NA
"200",2,"University of Mary","Northern Sun","Augustana (SD)","Northern Sun","NA NA",NA,NA,NA,NA,NA,NA,NA,NA,NA
"201",2,"Heidelberg","Ohio","Hiram","North Coast","NA NA",NA,NA,NA,NA,NA,NA,NA,NA,NA
"202",2,"Seton Hill College","Pennsylvania State Athletic","Ohio Dominican","Great Midwest Athletic","NA NA",NA,NA,NA,NA,NA,NA,NA,NA,NA
"203",2,"North Greenville","Gulf South","Keiser University",NA,"NA NA",NA,NA,NA,NA,NA,NA,NA,NA,NA
"204",2,"Ashland","Great Midwest Athletic","Indiana (PA)","Pennsylvania State Athletic","NA NA",NA,NA,NA,NA,NA,NA,NA,NA,NA
"205",2,"Kutztown","Pennsylvania State Athletic","Assumption","Northeast 10","NA NA",NA,NA,NA,NA,NA,NA,NA,NA,NA
"206",2,"Harding","Great American","Southern Nazarene","Great American","NA NA",NA,NA,NA,NA,NA,NA,NA,NA,NA
"207",2,"Winona State","Northern Sun","Saginaw Valley","GLIAC","NA NA",NA,NA,NA,NA,NA,NA,NA,NA,NA
"208",2,"Colorado Mines","Rocky Mountain","West Texas A&M","Lone Star","NA NA",NA,NA,NA,NA,NA,NA,NA,NA,NA
"209",2,"Chadron State","Rocky Mountain","Jamestown",NA,"NA NA",NA,NA,NA,NA,NA,NA,NA,NA,NA
"210",2,"Arkansas Tech","Great American","Oklahoma Baptist","Great American","NA NA",NA,NA,NA,NA,NA,NA,NA,NA,NA
"211",2,"Ouachita Baptist","Great American","Southwestern Oklahoma","Great American","NA NA",NA,NA,NA,NA,NA,NA,NA,NA,NA
"212",2,"Millsaps","Southern Athletic","Belhaven College","USA South","NA NA",NA,NA,NA,NA,NA,NA,NA,NA,NA
"213",2,"Albright","Mid Atlantic","Gallaudet","ECFC","NA NA",NA,NA,NA,NA,NA,NA,NA,NA,NA
"214",2,"Dickinson","Centennial","Randolph-Macon","Old Dominion","NA NA",NA,NA,NA,NA,NA,NA,NA,NA,NA
"215",2,"Salve Regina","NEWMAC","Curry","Commonwealth Coast","NA NA",NA,NA,NA,NA,NA,NA,NA,NA,NA
"216",2,"FDU-Florham","Mid Atlantic","William Paterson","New Jersey","NA NA",NA,NA,NA,NA,NA,NA,NA,NA,NA
"217",2,"Franklin & Marshall","Centennial","Lebanon Valley","Mid Atlantic","NA NA",NA,NA,NA,NA,NA,NA,NA,NA,NA
"218",2,"Dubuque","American Rivers","Aurora","NACC","NA NA",NA,NA,NA,NA,NA,NA,NA,NA,NA
"219",2,"Hobart","Liberty League","Alfred","Empire 8","NA NA",NA,NA,NA,NA,NA,NA,NA,NA,NA
"220",2,"Susquehanna","Landmark Conference","Bridgewater (VA)","Old Dominion","NA NA",NA,NA,NA,NA,NA,NA,NA,NA,NA
"221",2,"Utica","Empire 8","Union","Liberty League","NA NA",NA,NA,NA,NA,NA,NA,NA,NA,NA
"222",2,"Ursinus","Centennial","Alvernia University","Mid Atlantic","NA NA",NA,NA,NA,NA,NA,NA,NA,NA,NA
"223",2,"Westfield State","MSCAC","Anna Maria College","ECFC","NA NA",NA,NA,NA,NA,NA,NA,NA,NA,NA
"224",2,"SUNY Maritime","NEWMAC","Mass Maritime","MSCAC","NA NA",NA,NA,NA,NA,NA,NA,NA,NA,NA
"225",2,"Worcester State College","MSCAC","Worcester Polytechnic","NEWMAC","NA NA",NA,NA,NA,NA,NA,NA,NA,NA,NA
"226",2,"McDaniel College","Centennial","Catholic University","Landmark Conference","NA NA",NA,NA,NA,NA,NA,NA,NA,NA,NA
"227",2,"Springfield","NEWMAC","Western New England","Commonwealth Coast","NA NA",NA,NA,NA,NA,NA,NA,NA,NA,NA
"228",2,"SMU","ACC","BYU","Big 12","SMU -13.4",NA,NA,81.5,12.7,3.37,71.5,-1.5,-13.4,"SMU"
"229",2,"Indiana","Big Ten","Western Illinois","Big South-OVC","NA NA",NA,NA,76.5,-4.5,1.9,NA,NA,NA,NA
"230",2,"East Texas Baptist","American Southwest","LaGrange College","USA South","NA NA",NA,NA,NA,NA,NA,NA,NA,NA,NA
"231",2,"Augsburg","Minnesota","Valley City State",NA,"NA NA",NA,NA,NA,NA,NA,NA,NA,NA,NA
"232",2,"Northwestern","Big Ten","Duke","ACC","Northwestern -10.1",NA,NA,75,-2.8,2.132,67,3.1,-10.1,"Northwestern"
"233",2,"Judson University",NA,"Concordia (WI)","NACC","NA NA",NA,NA,NA,NA,NA,NA,NA,NA,NA
"234",2,"Fresno State","Mountain West","Sacramento State","Big Sky","Fresno State -18.2",NA,NA,76,-0.1,2.684,60.5,-10,-18.2,"Fresno State"
"235",2,"Howard Payne","American Southwest","Hardin-Simmons","American Southwest","NA NA",NA,NA,NA,NA,NA,NA,NA,NA,NA
"236",2,"Anderson (SC)","South Atlantic","St. Andrews",NA,"NA NA",NA,NA,NA,NA,NA,NA,NA,NA,NA
"237",2,"Lincoln University (CA)","Independent DII","Southern Oregon",NA,"NA NA",NA,NA,NA,NA,NA,NA,NA,NA,NA
"238",2,"Charleston (WV)","Mountain East","California (PA)","Pennsylvania State Athletic","NA NA",NA,NA,NA,NA,NA,NA,NA,NA,NA
"239",2,"Baldwin-Wallace","Ohio","Wittenberg","North Coast","NA NA",NA,NA,NA,NA,NA,NA,NA,NA,NA
"240",2,"Alfred State College","ECFC","Anderson (IN)","Heartland","NA NA",NA,NA,NA,NA,NA,NA,NA,NA,NA
"241",2,"Kalamazoo","Michigan","Austin College","Southern Collegiate Athletic","NA NA",NA,NA,NA,NA,NA,NA,NA,NA,NA
"242",2,"Juniata","Landmark Conference","Gettysburg","Centennial","NA NA",NA,NA,NA,NA,NA,NA,NA,NA,NA
"243",2,"Lycoming","Landmark Conference","Widener","Mid Atlantic","NA NA",NA,NA,NA,NA,NA,NA,NA,NA,NA
"244",2,"Olivet College","Michigan","Rochester","Liberty League","NA NA",NA,NA,NA,NA,NA,NA,NA,NA,NA
"245",2,"St Lawrence","Liberty League","Endicott College","Commonwealth Coast","NA NA",NA,NA,NA,NA,NA,NA,NA,NA,NA
"246",2,"Norwich","NEWMAC","Castleton State College","MSCAC","NA NA",NA,NA,NA,NA,NA,NA,NA,NA,NA
"247",2,"Dean College","ECFC","Fitchburg State","MSCAC","NA NA",NA,NA,NA,NA,NA,NA,NA,NA,NA
"248",2,"Alma College","Michigan","UW-River Falls","Wisconsin","NA NA",NA,NA,NA,NA,NA,NA,NA,NA,NA
"249",2,"West Chester","Pennsylvania State Athletic","Bentley","Northeast 10","NA NA",NA,NA,NA,NA,NA,NA,NA,NA,NA
"250",2,"American International","Northeast 10","Shippensburg","Pennsylvania State Athletic","NA NA",NA,NA,NA,NA,NA,NA,NA,NA,NA
"251",2,"Misericordia","Mid Atlantic","Keystone","Landmark Conference","NA NA",NA,NA,NA,NA,NA,NA,NA,NA,NA
"252",2,"Eastern University","Mid Atlantic","College of New Jersey","New Jersey","NA NA",NA,NA,NA,NA,NA,NA,NA,NA,NA
"253",2,"Greensboro","USA South","Guilford","Old Dominion","NA NA",NA,NA,NA,NA,NA,NA,NA,NA,NA
"254",2,"Thomas More","Great Midwest Athletic","Davenport","GLIAC","NA NA",NA,NA,NA,NA,NA,NA,NA,NA,NA
"255",2,"Connecticut","FBS Independents","Merrimack","FCS Independents","NA NA",NA,NA,NA,NA,NA,NA,NA,NA,NA
"256",2,"Marist","Pioneer","Georgetown","Patriot","NA NA",NA,NA,NA,NA,NA,NA,NA,NA,NA
"257",2,"Lehigh","Patriot","Wagner","NEC","NA NA",NA,NA,NA,NA,NA,16.5,-54,NA,NA
"258",2,"The Citadel","Southern","South Carolina State","MEAC","NA NA",NA,NA,38,-32.5,1,NA,NA,NA,NA
"259",2,"Oklahoma State","Big 12","Arkansas","SEC","Oklahoma State -13.3",NA,NA,86,14,2.828,75.5,6.1,-13.3,"Oklahoma State"
"260",2,"Michigan","Big Ten","Texas","SEC","Michigan -0.4",NA,NA,94.5,25,2.884,97,27.7,-0.4,"Michigan"
"261",2,"Penn State","Big Ten","Bowling Green","Mid-American","Penn State -34.4",NA,NA,96.5,26.1,3.408,65.5,-11.2,-34.4,"Penn State"
"262",2,"Rutgers","Big Ten","Akron","Mid-American","Rutgers -30.6",NA,NA,77,3.5,2.144,48.5,-22.2,-30.6,"Rutgers"
"263",2,"Syracuse","ACC","Georgia Tech","ACC","Georgia Tech -3.1",NA,NA,70,-1,2.892,76,0.6,-3.1,"Georgia Tech"
"264",2,"Cincinnati","Big 12","Pittsburgh","ACC","Cincinnati -7.6",NA,NA,72,-0.1,2.08,66.5,-0.8,-7.6,"Cincinnati"
"265",2,"Tulane","American Athletic","Kansas State","Big 12","Kansas State -11.9",NA,NA,73,-0.8,3.148,88,16.4,-11.9,"Kansas State"
"266",2,"Memphis","American Athletic","Troy","Sun Belt","Memphis -7",NA,NA,72.5,6.1,2.464,68,-0.7,-7,"Memphis"
"267",2,"Florida Atlantic","American Athletic","Army","American Athletic","Florida Atlantic -5.8",NA,NA,62.5,-12.2,1.772,58.5,-11.1,-5.8,"Florida Atlantic"
"268",2,"Minnesota","Big Ten","Rhode Island","CAA","Minnesota -29.4",NA,NA,71.5,4.2,2.436,44.5,-26,-29.4,"Minnesota"
"269",2,"Texas A&M","SEC","McNeese","Southland","Texas A&M -43.5",NA,NA,88,19.2,2.516,47,-23.5,-43.5,"Texas A&M"
"270",2,"Monmouth","CAA","Lafayette","Patriot","Monmouth -20.5",NA,NA,52,-18.5,1,32.5,-38,-20.5,"Monmouth"
"271",2,"Bethany (WV)","Presidents'","Allegheny","Presidents'","NA NA",NA,NA,NA,NA,NA,NA,NA,NA,NA
"272",2,"Concordia College (MI)",NA,"Defiance","Heartland","NA NA",NA,NA,NA,NA,NA,NA,NA,NA,NA
"273",2,"Maine Maritime","Independent DIII","Hartwick","Empire 8","NA NA",NA,NA,NA,NA,NA,NA,NA,NA,NA
"274",2,"Coast Guard","NEWMAC","University of New England","Commonwealth Coast","NA NA",NA,NA,NA,NA,NA,NA,NA,NA,NA
"275",2,"Slippery Rock","Pennsylvania State Athletic","New Haven","Northeast 10","NA NA",NA,NA,NA,NA,NA,NA,NA,NA,NA
"276",2,"Washington & Jefferson","Presidents'","St. Vincent","Presidents'","NA NA",NA,NA,NA,NA,NA,NA,NA,NA,NA
"277",2,"Grove City College","Presidents'","Geneva College","Presidents'","NA NA",NA,NA,NA,NA,NA,NA,NA,NA,NA
"278",2,"Thiel College","Presidents'","Carnegie Mellon","Presidents'","NA NA",NA,NA,NA,NA,NA,NA,NA,NA,NA
"279",2,"Waynesburg","Presidents'","Case Western Reserve","Presidents'","NA NA",NA,NA,NA,NA,NA,NA,NA,NA,NA
"280",2,"Mount St. Joseph","Heartland","Muskingum","Ohio","NA NA",NA,NA,NA,NA,NA,NA,NA,NA,NA
"281",2,"Ferrum","Old Dominion","Mount Union","Ohio","NA NA",NA,NA,NA,NA,NA,NA,NA,NA,NA
"282",2,"St. John Fisher","Empire 8","Marietta","Ohio","NA NA",NA,NA,NA,NA,NA,NA,NA,NA,NA
"283",2,"Salisbury","New Jersey","Washington & Lee","Old Dominion","NA NA",NA,NA,NA,NA,NA,NA,NA,NA,NA
"284",2,"Morrisville State","Empire 8","Kean","New Jersey","NA NA",NA,NA,NA,NA,NA,NA,NA,NA,NA
"285",2,"Calvin University","Michigan","Oberlin","North Coast","NA NA",NA,NA,NA,NA,NA,NA,NA,NA,NA
"286",2,"Merchant Marine","NEWMAC","Western Connecticut State","MSCAC","NA NA",NA,NA,NA,NA,NA,NA,NA,NA,NA
"287",2,"Maryville TN","USA South","Sewanee Univ. of the South","Southern Athletic","NA NA",NA,NA,NA,NA,NA,NA,NA,NA,NA
"288",2,"Methodist","USA South","Shenandoah","Old Dominion","NA NA",NA,NA,NA,NA,NA,NA,NA,NA,NA
"289",2,"Apprentice School","Independent DIII","Southern Virginia","USA South","NA NA",NA,NA,NA,NA,NA,NA,NA,NA,NA
"290",2,"UW-Whitewater","Wisconsin","John Carroll","Ohio","NA NA",NA,NA,NA,NA,NA,NA,NA,NA,NA
"291",2,"Florida Memorial University",NA,"Edward Waters","SIAC","NA NA",NA,NA,NA,NA,NA,NA,NA,NA,NA
"292",2,"Elizabeth City State","CIAA","Chowan","Gulf South","NA NA",NA,NA,NA,NA,NA,NA,NA,NA,NA
"293",2,"Lenoir-Rhyne","South Atlantic","Bowie State","CIAA","NA NA",NA,NA,NA,NA,NA,NA,NA,NA,NA
"294",2,"Wabash College","North Coast","St. Norbert","NACC","NA NA",NA,NA,NA,NA,NA,NA,NA,NA,NA
"295",2,"Trine","Michigan","Christopher Newport","New Jersey","NA NA",NA,NA,NA,NA,NA,NA,NA,NA,NA
"296",2,"Albion","Michigan","Wisconsin-Stevens Point","Wisconsin","NA NA",NA,NA,NA,NA,NA,NA,NA,NA,NA
"297",2,"DePauw","North Coast","Rose-Hulman","Heartland","NA NA",NA,NA,NA,NA,NA,NA,NA,NA,NA
"298",2,"Kenyon","North Coast","Bluffton","Heartland","NA NA",NA,NA,NA,NA,NA,NA,NA,NA,NA
"299",2,"Hilbert College","Empire 8","SUNY Cortland","Empire 8","NA NA",NA,NA,NA,NA,NA,NA,NA,NA,NA
"300",2,"Husson","Commonwealth Coast","Framingham State","MSCAC","NA NA",NA,NA,NA,NA,NA,NA,NA,NA,NA
"301",2,"Ithaca","Liberty League","Johns Hopkins","Centennial","NA NA",NA,NA,NA,NA,NA,NA,NA,NA,NA
"302",2,"Hope","Michigan","Loras College","American Rivers","NA NA",NA,NA,NA,NA,NA,NA,NA,NA,NA
"303",2,"Truman State","Great Lakes","Findlay","Great Midwest Athletic","NA NA",NA,NA,NA,NA,NA,NA,NA,NA,NA
"304",2,"Glenville State","Mountain East","Lock Haven","Pennsylvania State Athletic","NA NA",NA,NA,NA,NA,NA,NA,NA,NA,NA
"305",2,"Concord","Mountain East","Bluefield","CIAA","NA NA",NA,NA,NA,NA,NA,NA,NA,NA,NA
"306",2,"Adrian","Michigan","Elmhurst","CCIW","NA NA",NA,NA,NA,NA,NA,NA,NA,NA,NA
"307",2,"Hampden-Sydney","Old Dominion","Delaware Valley","Mid Atlantic","NA NA",NA,NA,NA,NA,NA,NA,NA,NA,NA
"308",2,"Moravian","Landmark Conference","Muhlenberg","Centennial","NA NA",NA,NA,NA,NA,NA,NA,NA,NA,NA
"309",2,"Sacred Heart","FCS Independents","St. Anselm","Northeast 10","NA NA",NA,NA,NA,NA,NA,NA,NA,NA,NA
"310",2,"Hanover","Heartland","Centre","Southern Athletic","NA NA",NA,NA,NA,NA,NA,NA,NA,NA,NA
"311",2,"Ohio Northern","Ohio","Franklin","Heartland","NA NA",NA,NA,NA,NA,NA,NA,NA,NA,NA
"312",2,"VMI","Southern","Bucknell","Patriot","VMI -26",NA,NA,45,-25.5,1,20,-50.5,-26,"VMI"
"313",2,"Youngstown State","MVFC","Valparaiso","Pioneer","NA NA",NA,NA,52.5,-18,1,NA,NA,NA,NA
"314",2,"Ball State","Mid-American","Missouri State","MVFC","Missouri State -8",NA,NA,53.5,-16.9,1.5,63,-7.5,-8,"Missouri State"
"315",2,"St. Thomas (MN)","Pioneer","Northern Iowa","MVFC","NA NA",NA,NA,NA,NA,NA,64,-6.5,NA,NA
"316",2,"Norfolk State","MEAC","Virginia State","CIAA","NA NA",NA,NA,36,-34.5,1,NA,NA,NA,NA
"317",2,"Georgia","SEC","Tennessee Tech","Big South-OVC","Georgia -71.8",NA,NA,101.5,34.2,1.822,31.5,-39,-71.8,"Georgia"
"318",2,"Holy Cross","Patriot","New Hampshire","CAA","Holy Cross -12.5",NA,NA,51.5,-19,1,40,-30.5,-12.5,"Holy Cross"
"319",2,"St. Johns (MN)","Minnesota","Carthage","CCIW","NA NA",NA,NA,NA,NA,NA,NA,NA,NA,NA
"320",2,"Central Missouri State","Mid America","Northeastern State","Independent DII","NA NA",NA,NA,NA,NA,NA,NA,NA,NA,NA
"321",2,"Emporia State","Mid America","Angelo State","Lone Star","NA NA",NA,NA,NA,NA,NA,NA,NA,NA,NA
"322",2,"Quincy","Great Lakes","Lincoln (MO)","Great Lakes","NA NA",NA,NA,NA,NA,NA,NA,NA,NA,NA
"323",2,"Buena Vista","American Rivers","Benedictine (IL)","NACC","NA NA",NA,NA,NA,NA,NA,NA,NA,NA,NA
"324",2,"Central","American Rivers","Illinois Wesleyan","CCIW","NA NA",NA,NA,NA,NA,NA,NA,NA,NA,NA
"325",2,"Bethel (TN)",NA,"Mary Hardin-Baylor","American Southwest","NA NA",NA,NA,NA,NA,NA,NA,NA,NA,NA
"326",2,"UW-Oshkosh","Wisconsin","Wheaton College (Ill)","CCIW","NA NA",NA,NA,NA,NA,NA,NA,NA,NA,NA
"327",2,"Coe","American Rivers","Cornell College (IA)","Midwest","NA NA",NA,NA,NA,NA,NA,NA,NA,NA,NA
"328",2,"Millikin","CCIW","Illinois College","Midwest","NA NA",NA,NA,NA,NA,NA,NA,NA,NA,NA
"329",2,"Westminster","Upper Midwest","Manchester","Heartland","NA NA",NA,NA,NA,NA,NA,NA,NA,NA,NA
"330",2,"Concordia (MN)","Minnesota","Wisconsin-Eau Claire","Wisconsin","NA NA",NA,NA,NA,NA,NA,NA,NA,NA,NA
"331",2,"Gustavus Adolphus","Minnesota","Whitworth","Northwest","NA NA",NA,NA,NA,NA,NA,NA,NA,NA,NA
"332",2,"Beloit College","Midwest","Rockford","NACC","NA NA",NA,NA,NA,NA,NA,NA,NA,NA,NA
"333",2,"Wooster","North Coast","Wilmington (OH)","Ohio","NA NA",NA,NA,NA,NA,NA,NA,NA,NA,NA
"334",2,"Grinnell","Midwest","Lyon College","Southern Collegiate Athletic","NA NA",NA,NA,NA,NA,NA,NA,NA,NA,NA
"335",2,"Knox College","Midwest","Eureka College","NACC","NA NA",NA,NA,NA,NA,NA,NA,NA,NA,NA
"336",2,"Lake Forest","Midwest","Wisconsin Lutheran","NACC","NA NA",NA,NA,NA,NA,NA,NA,NA,NA,NA
"337",2,"Martin Luther College","Upper Midwest","Lawrence","Midwest","NA NA",NA,NA,NA,NA,NA,NA,NA,NA,NA
"338",2,"Greenville","Upper Midwest","Concordia (IL)","NACC","NA NA",NA,NA,NA,NA,NA,NA,NA,NA,NA
"339",2,"Wisconsin-Platteville","Wisconsin","Lakeland University","NACC","NA NA",NA,NA,NA,NA,NA,NA,NA,NA,NA
"340",2,"Clark Atlanta","SIAC","Allen","SIAC","NA NA",NA,NA,NA,NA,NA,NA,NA,NA,NA
"341",2,"Kent State","Mid-American","St Francis (PA)","NEC","NA NA",NA,NA,44.5,-20.9,2.114,NA,NA,NA,NA
"342",2,"Western Carolina","Southern","Campbell","CAA","Western Carolina -5.5",NA,NA,43.5,-27,1,39,-31.5,-5.5,"Western Carolina"
"343",2,"Bethune-Cookman","SWAC","Mercer","Southern","Mercer -19.5",NA,NA,30.5,-40,1,51,-19.5,-19.5,"Mercer"
"344",2,"UNLV","Mountain West","Utah Tech","UAC","NA NA",NA,NA,70.5,-5.2,2.106,NA,NA,NA,NA
"345",2,"Black Hills State","Rocky Mountain","Southwest Baptist","Great Lakes","NA NA",NA,NA,NA,NA,NA,NA,NA,NA,NA
"346",2,"Willamette","Northwest","La Verne","So. Cal.","NA NA",NA,NA,NA,NA,NA,NA,NA,NA,NA
"347",2,"Morehouse","SIAC","Johnson C Smith","CIAA","NA NA",NA,NA,NA,NA,NA,NA,NA,NA,NA
"348",2,"Stony Brook","CAA","Stonehill","NEC","NA NA",NA,NA,45.5,-25,1,NA,NA,NA,NA
"349",2,"North Dakota State","MVFC","Tennessee State","Big South-OVC","North Dakota State -40.5",NA,NA,76,5.5,1,36.5,-34,-40.5,"North Dakota State"
"350",2,"Boston College","ACC","Duquesne","NEC","Boston College -32.9",NA,NA,69,-2.4,1.852,38,-32.5,-32.9,"Boston College"
"351",2,"Notre Dame","FBS Independents","Northern Illinois","Mid-American","Notre Dame -32.2",NA,NA,89,23.4,3.242,60,-10.6,-32.2,"Notre Dame"
"352",2,"Toledo","Mid-American","UMass","FBS Independents","Toledo -14.1",NA,NA,62.5,-7,2.644,51,-20.1,-14.1,"Toledo"
"353",2,"Louisville","ACC","Jacksonville State","Conference USA","Louisville -27.4",NA,NA,85,11.3,2.864,60.5,-9.9,-27.4,"Louisville"
"354",2,"North Carolina","ACC","Charlotte","American Athletic","North Carolina -20",NA,NA,78,7.9,2.5,60.5,-18.1,-20,"North Carolina"
"355",2,"Washington","Big Ten","Eastern Michigan","Mid-American","Washington -40.1",NA,NA,87,10.3,2.096,49,-15.9,-40.1,"Washington"
"356",2,"Maryland","Big Ten","Michigan State","Big Ten","Maryland -8.8",NA,NA,74,5.2,2.252,67.5,-2.4,-8.8,"Maryland"
"357",2,"Iowa","Big Ten","Iowa State","Big 12","Iowa State -5.6",NA,NA,83,13.2,2.436,91,11.5,-5.6,"Iowa State"
"358",2,"Navy","American Athletic","Temple","American Athletic","Navy -16.6",NA,NA,58.5,-13.3,2.612,44.5,-21.9,-16.6,"Navy"
"359",2,"Kentucky","SEC","South Carolina","SEC","Kentucky -3.2",NA,NA,78,13.8,2.738,77.5,9.5,-3.2,"Kentucky"
"360",2,"Wyoming","Mountain West","Idaho","Big Sky","Wyoming -28",NA,NA,71,-8,3.028,46,-24.5,-28,"Wyoming"
"361",2,"Auburn","SEC","California","ACC","Auburn -6.6",NA,NA,83.5,13.1,2.62,79.5,2.8,-6.6,"Auburn"
"362",2,"Wisconsin","Big Ten","South Dakota","MVFC","Wisconsin -20",NA,NA,77.5,12.9,1.952,59.5,-11,-20,"Wisconsin"
"363",2,"Richmond","CAA","Wofford","Southern","Richmond -14.5",NA,NA,51,-19.5,1,37.5,-33,-14.5,"Richmond"
"364",2,"Utah","Big 12","Baylor","Big 12","Utah -20.8",NA,NA,88,15.8,3.3,70.5,2.2,-20.8,"Utah"
"365",2,"Texas State","Sun Belt","UT San Antonio","American Athletic","NA NA",NA,NA,72.5,-6.5,2.276,NA,NA,NA,NA
"366",2,"San Diego","Pioneer","Central Washington","Lone Star","NA NA",NA,NA,NA,NA,NA,NA,NA,NA,NA
"367",2,"Bryant","CAA","Franklin Pierce","Northeast 10","NA NA",NA,NA,36.5,-34,1,NA,NA,NA,NA
"368",2,"Linfield","Northwest","Denison","North Coast","NA NA",NA,NA,NA,NA,NA,NA,NA,NA,NA
"369",2,"Pomona-Pitzer","So. Cal.","Carleton","Minnesota","NA NA",NA,NA,NA,NA,NA,NA,NA,NA,NA
"370",2,"Claremont","So. Cal.","Chicago","Midwest","NA NA",NA,NA,NA,NA,NA,NA,NA,NA,NA
"371",2,"Lewis & Clark","Northwest","Puget Sound","Northwest","NA NA",NA,NA,NA,NA,NA,NA,NA,NA,NA
"372",2,"UMass Dartmouth","MSCAC","Nichols","Commonwealth Coast","NA NA",NA,NA,NA,NA,NA,NA,NA,NA,NA
"373",2,"Ole Miss","SEC","Middle Tennessee","Conference USA","Ole Miss -40.4",NA,NA,91,24.7,2.424,53,-13.4,-40.4,"Ole Miss"
"374",2,"Virginia Tech","ACC","Marshall","Sun Belt","Virginia Tech -18.8",NA,NA,78,9.4,2.308,61.5,-9.9,-18.8,"Virginia Tech"
"375",2,"Bridgewater State","MSCAC","MIT","NEWMAC","NA NA",NA,NA,NA,NA,NA,NA,NA,NA,NA
"376",2,"East Tennessee State","Southern","UVA-Wise","South Atlantic","NA NA",NA,NA,36.5,-34,NA,NA,NA,NA,NA
"377",2,"Central Connecticut","NEC","Fordham","Patriot","NA NA",NA,NA,20,-19,NA,40,-30.5,NA,NA
"378",2,"Robert Morris","NEC","Edinboro","Pennsylvania State Athletic","NA NA",NA,NA,32.5,-38,1,NA,NA,NA,NA
"379",2,"Florida International","Conference USA","Central Michigan","Mid-American","Central Michigan -3.7",NA,NA,50.5,-19,1.83,56,-15.9,-3.7,"Central Michigan"
"380",2,"Old Dominion","Sun Belt","East Carolina","American Athletic","Old Dominion -3.7",NA,NA,62.5,-13.1,1.668,60.5,-9.5,-3.7,"Old Dominion"
"381",2,"Stetson","Pioneer","Warner",NA,"NA NA",NA,NA,NA,NA,NA,NA,NA,NA,NA
"382",2,"West Virginia","Big 12","Albany","CAA","West Virginia -43.9",NA,NA,80.5,9.7,3.386,40,-30.5,-43.9,"West Virginia"
"383",2,"North Carolina Central","MEAC","Elon","CAA","NA NA",NA,NA,NA,NA,NA,48,-22.5,NA,NA
"384",2,"Towson","CAA","Morgan State","MEAC","Towson -21",NA,NA,43.5,-27,1,23.5,-47,-21,"Towson"
"385",2,"Colgate","Patriot","Villanova","CAA","Villanova -25",NA,NA,33.5,-37,1,59.5,-11,-25,"Villanova"
"386",2,"Hampton","CAA","Virginia Union","CIAA","NA NA",NA,NA,36.5,-34,1,NA,NA,NA,NA
"387",2,"James Madison","Sun Belt","Gardner-Webb","Big South-OVC","James Madison -34.2",NA,NA,69.5,0.7,2.7,38,-32.5,-34.2,"James Madison"
"388",2,"Ohio","Mid-American","South Alabama","Sun Belt","South Alabama -1.6",NA,NA,56.5,-12,2.9,61,-6.4,-1.6,"South Alabama"
"389",2,"Morehead State","Pioneer","Kentucky Christian",NA,"NA NA",NA,NA,NA,NA,NA,NA,NA,NA,NA
"390",2,"Alabama State","SWAC","Miles","SIAC","NA NA",NA,NA,30,-40.5,1,NA,NA,NA,NA
"391",2,"Miami","ACC","Florida A&M","SWAC","Miami -42.2",NA,NA,86.5,15.5,1.734,46,-24.5,-42.2,"Miami"
"392",2,"Furman","Southern","Charleston Southern","Big South-OVC","Furman -7",NA,NA,49.5,-21,1,43.5,-27,-7,"Furman"
"393",2,"Idaho State","Big Sky","Western Oregon","Lone Star","NA NA",NA,NA,39,-31.5,1,NA,NA,NA,NA
"394",2,"Ferris State","GLIAC","Lake Erie College","Great Midwest Athletic","NA NA",NA,NA,NA,NA,NA,NA,NA,NA,NA
"395",2,"Hillsdale","Great Midwest Athletic","Indianapolis","Great Lakes","NA NA",NA,NA,NA,NA,NA,NA,NA,NA,NA
"396",2,"Fayetteville State","CIAA","UNC Pembroke","Mountain East","NA NA",NA,NA,NA,NA,NA,NA,NA,NA,NA
"397",2,"Southwest Minnesota State","Northern Sun","Minot State","Northern Sun","NA NA",NA,NA,NA,NA,NA,NA,NA,NA,NA
"398",2,"Albany State (GA)","SIAC","Shaw","CIAA","NA NA",NA,NA,NA,NA,NA,NA,NA,NA,NA
"399",2,"King's College (PA)","Mid Atlantic","Wilkes","Landmark Conference","NA NA",NA,NA,NA,NA,NA,NA,NA,NA,NA
"400",2,"Livingstone","CIAA","Virginia Lynchburg",NA,"NA NA",NA,NA,NA,NA,NA,NA,NA,NA,NA
"401",2,"Averett","Old Dominion","NC Wesleyan","USA South","NA NA",NA,NA,NA,NA,NA,NA,NA,NA,NA
"402",2,"Ohio Wesleyan","North Coast","Otterbein","Ohio","NA NA",NA,NA,NA,NA,NA,NA,NA,NA,NA
"403",2,"UCF","Big 12","Sam Houston State","Conference USA","NA NA",NA,NA,79,5.9,2.692,NA,NA,NA,NA
"404",2,"Eastern Washington","Big Sky","Drake","Pioneer","NA NA",NA,NA,65,-5.5,1,NA,NA,NA,NA
"405",2,"Howard","MEAC","Mercyhurst","NEC","NA NA",NA,NA,25.5,-45,1,NA,NA,NA,NA
"406",2,"Louisiana Monroe","Sun Belt","UAB","American Athletic","NA NA",NA,NA,NA,NA,NA,63,-10.6,NA,NA
"407",2,"Arkansas State","Sun Belt","Tulsa","American Athletic","Arkansas State -15.9",NA,NA,65.5,-9.1,2.916,52.5,-13.2,-15.9,"Arkansas State"
"408",2,"Lindenwood","Big South-OVC","Central Arkansas","UAC","NA NA",NA,NA,NA,NA,NA,49,-21.5,NA,NA
"409",2,"Minnesota State","Northern Sun","Bemidji State","Northern Sun","NA NA",NA,NA,NA,NA,NA,NA,NA,NA,NA
"410",2,"Delta State","Gulf South","Missouri S&T","Great Lakes","NA NA",NA,NA,NA,NA,NA,NA,NA,NA,NA
"411",2,"Upper Iowa","Great Lakes","Concordia-St. Paul","Northern Sun","NA NA",NA,NA,NA,NA,NA,NA,NA,NA,NA
"412",2,"Trinity (TX)","Southern Athletic","Texas Lutheran","Southern Collegiate Athletic","NA NA",NA,NA,NA,NA,NA,NA,NA,NA,NA
"413",2,"North Park","CCIW","Ripon","Midwest","NA NA",NA,NA,NA,NA,NA,NA,NA,NA,NA
"414",2,"Minnesota-Morris","Upper Midwest","Macalester","Minnesota","NA NA",NA,NA,NA,NA,NA,NA,NA,NA,NA
"415",2,"Newberry","South Atlantic","Valdosta State","Gulf South","NA NA",NA,NA,NA,NA,NA,NA,NA,NA,NA
"416",2,"West Alabama","Gulf South","Tusculum","South Atlantic","NA NA",NA,NA,NA,NA,NA,NA,NA,NA,NA
"417",2,"Northern State","Northern Sun","Sioux Falls","Northern Sun","NA NA",NA,NA,NA,NA,NA,NA,NA,NA,NA
"418",2,"Huntingdon","USA South","Berry College","Southern Athletic","NA NA",NA,NA,NA,NA,NA,NA,NA,NA,NA
"419",2,"Air Force","Mountain West","San José State","Mountain West","NA NA",NA,NA,62,-7.1,3.212,NA,NA,NA,NA
"420",2,"Kennesaw State","Conference USA","Louisiana","Sun Belt","Louisiana -11",NA,NA,57.5,-13,1,69.5,-2.4,-11,"Louisiana"
"421",2,"Wake Forest","ACC","Virginia","ACC","Wake Forest -1",NA,NA,64,-2.6,3.008,66,-3.5,-1,"Wake Forest"
"422",2,"Florida","SEC","Samford","Southern","Florida -37.5",NA,NA,82,13.2,2.478,47,-23.5,-37.5,"Florida"
"423",2,"Coastal Carolina","Sun Belt","William & Mary","CAA","Coastal Carolina -10.8",NA,NA,56,-6.5,2.256,47.5,-23,-10.8,"Coastal Carolina"
"424",2,"Western Kentucky","Conference USA","Eastern Kentucky","UAC","Western Kentucky -14.8",NA,NA,64,-1.6,2.812,52,-18.5,-14.8,"Western Kentucky"
"425",2,"Crown College","Upper Midwest","Hamline","Minnesota","NA NA",NA,NA,NA,NA,NA,NA,NA,NA,NA
"426",2,"Houston Christian","Southland","Tarleton State","UAC","NA NA",NA,NA,NA,NA,NA,43,-27.5,NA,NA
"427",2,"Lamar","Southland","Mississippi Valley State","SWAC","NA NA",NA,NA,30,-40.5,1,NA,NA,NA,NA
"428",2,"Rice","American Athletic","Texas Southern","SWAC","Rice -42.9",NA,NA,68,-9,2.946,28,-42.5,-42.9,"Rice"
"429",2,"Southern Mississippi","Sun Belt","Southeastern Louisiana","Southland","NA NA",NA,NA,NA,NA,NA,57.5,-13,NA,NA
"430",2,"Stanford","ACC","Cal Poly","Big Sky","Stanford -33.9",NA,NA,67,-3.5,1.37,34.5,-36,-33.9,"Stanford"
"431",2,"South Dakota State","MVFC","Incarnate Word","Southland","South Dakota State -13.5",NA,NA,70,-0.5,1,57.5,-13,-13.5,"South Dakota State"
"432",2,"North Dakota","MVFC","Montana","Big Sky","Montana -5.5",NA,NA,59,-11.5,1,65.5,-5,-5.5,"Montana"
"433",2,"Murray State","MVFC","Butler","Pioneer","NA NA",NA,NA,42,-28.5,1,NA,NA,NA,NA
"434",2,"Eastern Illinois","Big South-OVC","Indiana State","MVFC","Indiana State -15.5",NA,NA,30.5,-40,1,47,-23.5,-15.5,"Indiana State"
"435",2,"North Alabama","UAC","Illinois State","MVFC","Illinois State -8",NA,NA,41,-29.5,1,50,-20.5,-8,"Illinois State"
"436",2,"Nevada","Mountain West","Georgia Southern","Sun Belt","Nevada -2.5",NA,NA,60,-16.7,2.062,59.6,-10.3,-2.5,"Nevada"
"437",2,"Illinois","Big Ten","Kansas","Big 12","Kansas -12",NA,NA,71.5,0.1,1.504,85,9.7,-12,"Kansas"
"438",2,"Missouri","SEC","Buffalo","Mid-American","Missouri -43",NA,NA,88.5,22.2,2.478,48,-17,-43,"Missouri"
"439",2,"Alabama","SEC","South Florida","American Athletic","Alabama -34.2",NA,NA,96,27.8,3.216,65,-5.6,-34.2,"Alabama"
"440",2,"Austin Peay","UAC","Southern Illinois","MVFC","Southern Illinois -10",NA,NA,50,-20.5,1,61,-9.5,-10,"Southern Illinois"
"441",2,"Georgia State","Sun Belt","Chattanooga","Southern","Georgia State -6.2",NA,NA,59.5,-11.3,1.668,55,-15.5,-6.2,"Georgia State"
"442",2,"Southeast Missouri State","Big South-OVC","UT Martin","Big South-OVC","NA NA",NA,NA,63,-7.5,NA,51,-19.5,NA,NA
"443",2,"Colorado State","Mountain West","Northern Colorado","Big Sky","Colorado State -26.5",NA,NA,63,-10.6,1.984,38.5,-32,-26.5,"Colorado State"
"444",2,"Northwestern State","Southland","Prairie View","SWAC","NA NA",NA,NA,36,-34.5,1,NA,NA,NA,NA
"445",2,"Erskine","Gulf South","Presbyterian College","Pioneer","NA NA",NA,NA,NA,NA,NA,NA,NA,NA,NA
"446",2,"Jackson State","SWAC","Lane","SIAC","NA NA",NA,NA,45,-25.5,1,NA,NA,NA,NA
"447",2,"Grambling","SWAC","Tuskegee","SIAC","NA NA",NA,NA,NA,NA,NA,NA,NA,NA,NA
"448",2,"Davidson","Pioneer","Catawba","South Atlantic","NA NA",NA,NA,NA,NA,NA,NA,NA,NA,NA
"449",2,"Southern","SWAC","Savannah State","SIAC","NA NA",NA,NA,33.5,-37,1,NA,NA,NA,NA
"450",2,"Augustana (IL)","CCIW","Simpson College","American Rivers","NA NA",NA,NA,NA,NA,NA,NA,NA,NA,NA
"451",2,"Alabama A&M","SWAC","Kentucky State","SIAC","NA NA",NA,NA,38.5,-32,1,NA,NA,NA,NA
"452",2,"North Carolina A&T","CAA","Winston-Salem","CIAA","NA NA",NA,NA,42,-28.5,1,NA,NA,NA,NA
"453",2,"Walsh","Great Midwest Athletic","Wheeling Jesuit","Mountain East","NA NA",NA,NA,NA,NA,NA,NA,NA,NA,NA
"454",2,"NC State","ACC","Tennessee","SEC","Tennessee -3.9",NA,NA,76,12.1,3.106,83,19.2,-3.9,"Tennessee"
"455",2,"Ohio State","Big Ten","Western Michigan","Mid-American","Ohio State -42",NA,NA,99,30.8,2.984,60,-12.9,-42,"Ohio State"
"456",2,"LSU","SEC","Nicholls","Southland","LSU -44.4",NA,NA,94,23.1,3.904,53.5,-17,-44.4,"LSU"
"457",2,"Vanderbilt","SEC","Alcorn State","SWAC","Vanderbilt -27.9",NA,NA,65,-7.3,0.874,38,-32.5,-27.9,"Vanderbilt"
"458",2,"North Texas","American Athletic","Stephen F. Austin","Southland","North Texas -4.4",NA,NA,57.5,-11.3,2.858,56,-14.5,-4.4,"North Texas"
"459",2,"Nebraska","Big Ten","Colorado","Big 12","Colorado -3",NA,NA,70.5,7.4,1.486,75,0.3,-3,"Colorado"
"460",2,"Oklahoma","SEC","Houston","Big 12","Oklahoma -15.2",NA,NA,89.5,19.8,3.25,77.5,-3.3,-15.2,"Oklahoma"
"461",2,"Northwestern (MN)","Upper Midwest","St. Olaf College","Minnesota","NA NA",NA,NA,NA,NA,NA,NA,NA,NA,NA
"462",2,"Rhodes","Southern Athletic","Washington (MO)","CCIW","NA NA",NA,NA,NA,NA,NA,NA,NA,NA,NA
"463",2,"Southwestern University","Southern Athletic","McMurry","Southern Collegiate Athletic","NA NA",NA,NA,NA,NA,NA,NA,NA,NA,NA
"464",2,"Monmouth (IL)","Midwest","Wartburg","American Rivers","NA NA",NA,NA,NA,NA,NA,NA,NA,NA,NA
"465",2,"Nebraska Wesleyan University","American Rivers","Dakota State",NA,"NA NA",NA,NA,NA,NA,NA,NA,NA,NA,NA
"466",2,"Weber State","Big Sky","Portland State","Big Sky","Weber State -11",NA,NA,59.5,-11,1,49.5,-21,-11,"Weber State"
"467",2,"TCU","Big 12","Long Island University","NEC","NA NA",NA,NA,71,8.7,2.232,NA,NA,NA,NA
"468",2,"Abilene Christian","UAC","West Georgia","UAC","NA NA",NA,NA,43,-27.5,1,NA,NA,NA,NA
"469",2,"Nebraska-Kearney","Mid America","Northwest Missouri State","Mid America","NA NA",NA,NA,NA,NA,NA,NA,NA,NA,NA
"470",2,"Missouri Southern State","Mid America","Pittsburg State","Mid America","NA NA",NA,NA,NA,NA,NA,NA,NA,NA,NA
"471",2,"Fort Hays State","Mid America","Missouri Western","Mid America","NA NA",NA,NA,NA,NA,NA,NA,NA,NA,NA
"472",2,"Central Oklahoma","Mid America","Langston",NA,"NA NA",NA,NA,NA,NA,NA,NA,NA,NA,NA
"473",2,"Colorado State-Pueblo","Rocky Mountain","University of Texas of the Permian Basin","Lone Star","NA NA",NA,NA,NA,NA,NA,NA,NA,NA,NA
"474",2,"Western State","Rocky Mountain","Midwestern State","Lone Star","NA NA",NA,NA,NA,NA,NA,NA,NA,NA,NA
"475",2,"Adams State","Rocky Mountain","Western New Mexico","Lone Star","NA NA",NA,NA,NA,NA,NA,NA,NA,NA,NA
"476",2,"Montana State","Big Sky","Maine","CAA","Montana State -20.5",NA,NA,65,-5.5,1,45.5,-25,-20.5,"Montana State"
"477",2,"Clemson","ACC","Appalachian State","Sun Belt","Clemson -12",NA,NA,88.5,18.8,2.464,79,0.5,-12,"Clemson"
"478",2,"Centenary","Southern Collegiate Athletic","Hendrix College","Southern Athletic","NA NA",NA,NA,NA,NA,NA,NA,NA,NA,NA
"479",2,"Eastern New Mexico","Lone Star","Sul Ross State","Lone Star","NA NA",NA,NA,NA,NA,NA,NA,NA,NA,NA
"480",2,"Arkansas-Pine Bluff","SWAC","Arkansas Baptist",NA,"NA NA",NA,NA,50,-25,1,NA,NA,NA,NA
"481",2,"UTEP","Conference USA","Southern Utah","UAC","UTEP -14",NA,NA,45,-17.8,2.468,33.5,-37,-14,"UTEP"
"482",2,"UC Davis","Big Sky","Texas A&M-Commerce","Southland","NA NA",NA,NA,54,-16.5,1,NA,NA,NA,NA
"483",2,"Redlands","So. Cal.","George Fox University","Northwest","NA NA",NA,NA,NA,NA,NA,NA,NA,NA,NA
"484",2,"Chapman","So. Cal.","Pacific (OR)","Northwest","NA NA",NA,NA,NA,NA,NA,NA,NA,NA,NA
"485",2,"Pacific Lutheran","Northwest","Simpson University (Ca)",NA,"NA NA",NA,NA,NA,NA,NA,NA,NA,NA,NA
"486",2,"Washington State","Pac-12","Texas Tech","Big 12","Washington State -1.8",NA,NA,70.5,0.6,3.292,72,7.4,-1.8,"Washington State"
"487",2,"Oregon","Big Ten","Boise State","Mountain West","Oregon -22",NA,NA,97.5,29,2.508,78,7.9,-22,"Oregon"
"488",2,"Arizona","Big 12","Northern Arizona","Big Sky","Arizona -37.7",NA,NA,81,12.4,2.7,46,-24.5,-37.7,"Arizona"
"489",2,"New Mexico State","Conference USA","Liberty","Conference USA","Liberty -19.5",NA,NA,53,-15.5,2.962,75.5,3.9,-19.5,"Liberty"
"490",2,"Arizona State","Big 12","Mississippi State","SEC","Mississippi State -8.8",NA,NA,66,-4,2.164,77,1.1,-8.8,"Mississippi State"
"491",2,"San Diego State","Mountain West","Oregon State","Pac-12","Oregon State -14.6",NA,NA,56.5,-8.9,1.934,73,3.2,-14.6,"Oregon State"
"492",2,"USC","Big Ten","Utah State","Mountain West","USC -28.4",NA,NA,87.5,13.9,2.358,61.5,-11.1,-28.4,"USC"
"493",3,"West Virginia State","Mountain East","Carson-Newman","South Atlantic","NA NA",NA,NA,NA,NA,NA,NA,NA,NA,NA
"494",3,"Northwestern Oklahoma State","Great American","Ouachita Baptist","Great American","NA NA",NA,NA,NA,NA,NA,NA,NA,NA,NA
"495",3,"Texas State","Sun Belt","Arizona State","Big 12","Texas State -8.8",NA,NA,72.5,-6.5,2.276,66,-4,-8.8,"Texas State"
"496",3,"South Alabama","Sun Belt","Northwestern State","Southland","South Alabama -27.5",NA,NA,61,-6.4,2.458,36,-34.5,-27.5,"South Alabama"
"497",3,"Wilkes","Landmark Conference","Rensselaer","Liberty League","NA NA",NA,NA,NA,NA,NA,NA,NA,NA,NA
"498",3,"Hiram","North Coast","Mount St. Joseph","Heartland","NA NA",NA,NA,NA,NA,NA,NA,NA,NA,NA
"499",3,"Mass Maritime","MSCAC","Western Connecticut State","MSCAC","NA NA",NA,NA,NA,NA,NA,NA,NA,NA,NA
"500",3,"Norwich","NEWMAC","St Lawrence","Liberty League","NA NA",NA,NA,NA,NA,NA,NA,NA,NA,NA
"501",3,"Worcester Polytechnic","NEWMAC","University of New England","Commonwealth Coast","NA NA",NA,NA,NA,NA,NA,NA,NA,NA,NA
"502",3,"Southern Connecticut State","Northeast 10","American International","Northeast 10","NA NA",NA,NA,NA,NA,NA,NA,NA,NA,NA
"503",3,"Pace","Northeast 10","New Haven","Northeast 10","NA NA",NA,NA,NA,NA,NA,NA,NA,NA,NA
"504",3,"Kansas","Big 12","UNLV","Mountain West","Kansas -16.9",NA,NA,85,9.7,2.394,70.5,-5.2,-16.9,"Kansas"
"505",3,"Kansas State","Big 12","Arizona","Big 12","Kansas State -10.8",NA,NA,88,16.4,3.824,81,12.4,-10.8,"Kansas State"
"506",3,"Mayville State",NA,"Nebraska Wesleyan University","American Rivers","NA NA",NA,NA,NA,NA,NA,NA,NA,NA,NA
"507",3,"Winston-Salem","CIAA","Ohio Dominican","Great Midwest Athletic","NA NA",NA,NA,NA,NA,NA,NA,NA,NA,NA
"508",3,"Catholic University","Landmark Conference","Capital","Ohio","NA NA",NA,NA,NA,NA,NA,NA,NA,NA,NA
"509",3,"Anderson (SC)","South Atlantic","LaGrange College","USA South","NA NA",NA,NA,NA,NA,NA,NA,NA,NA,NA
"510",3,"Fort Valley State","SIAC","Kentucky State","SIAC","NA NA",NA,NA,NA,NA,NA,NA,NA,NA,NA
"511",3,"Florida Memorial University",NA,"Clark Atlanta","SIAC","NA NA",NA,NA,NA,NA,NA,NA,NA,NA,NA
"512",3,"Sul Ross State","Lone Star","Wayland Baptist",NA,"NA NA",NA,NA,NA,NA,NA,NA,NA,NA,NA
"513",3,"Denison","North Coast","Alma College","Michigan","NA NA",NA,NA,NA,NA,NA,NA,NA,NA,NA
"514",3,"Western New Mexico","Lone Star","New Mexico Highlands","Rocky Mountain","NA NA",NA,NA,NA,NA,NA,NA,NA,NA,NA
"515",3,"Long Island University","NEC","Lehigh","Patriot","NA NA",NA,NA,NA,NA,NA,NA,NA,NA,NA
"516",3,"Robert Morris","NEC","Mercyhurst","NEC","NA NA",NA,NA,32.5,-38,1,NA,NA,NA,NA
"517",3,"Eastern University","Mid Atlantic","Widener","Mid Atlantic","NA NA",NA,NA,NA,NA,NA,NA,NA,NA,NA
"518",3,"Shepherd","Pennsylvania State Athletic","Slippery Rock","Pennsylvania State Athletic","NA NA",NA,NA,NA,NA,NA,NA,NA,NA,NA
"519",3,"Nichols","Commonwealth Coast","Maine Maritime","Independent DIII","NA NA",NA,NA,NA,NA,NA,NA,NA,NA,NA
"520",3,"Randolph-Macon","Old Dominion","Hobart","Liberty League","NA NA",NA,NA,NA,NA,NA,NA,NA,NA,NA
"521",3,"Fitchburg State","MSCAC","UMass Dartmouth","MSCAC","NA NA",NA,NA,NA,NA,NA,NA,NA,NA,NA
"522",3,"SUNY Cortland","Empire 8","Lycoming","Landmark Conference","NA NA",NA,NA,NA,NA,NA,NA,NA,NA,NA
"523",3,"Curry","Commonwealth Coast","Hardin-Simmons","American Southwest","NA NA",NA,NA,NA,NA,NA,NA,NA,NA,NA
"524",3,"Michigan Tech","GLIAC","Hillsdale","Great Midwest Athletic","NA NA",NA,NA,NA,NA,NA,NA,NA,NA,NA
"525",3,"Kutztown","Pennsylvania State Athletic","Edinboro","Pennsylvania State Athletic","NA NA",NA,NA,NA,NA,NA,NA,NA,NA,NA
"526",3,"West Chester","Pennsylvania State Athletic","California (PA)","Pennsylvania State Athletic","NA NA",NA,NA,NA,NA,NA,NA,NA,NA,NA
"527",3,"FDU-Florham","Mid Atlantic","Albright","Mid Atlantic","NA NA",NA,NA,NA,NA,NA,NA,NA,NA,NA
"528",3,"Moravian","Landmark Conference","Utica","Empire 8","NA NA",NA,NA,NA,NA,NA,NA,NA,NA,NA
"529",3,"Anna Maria College","ECFC","Coast Guard","NEWMAC","NA NA",NA,NA,NA,NA,NA,NA,NA,NA,NA
"530",3,"Bowie State","CIAA","Davenport","GLIAC","NA NA",NA,NA,NA,NA,NA,NA,NA,NA,NA
"531",3,"Greensboro","USA South","Averett","Old Dominion","NA NA",NA,NA,NA,NA,NA,NA,NA,NA,NA
"532",3,"Gallaudet","ECFC","Merchant Marine","NEWMAC","NA NA",NA,NA,NA,NA,NA,NA,NA,NA,NA
"533",3,"Muskingum","Ohio","Otterbein","Ohio","NA NA",NA,NA,NA,NA,NA,NA,NA,NA,NA
"534",3,"Wisconsin","Big Ten","Alabama","SEC","Alabama -16.5",NA,NA,77.5,12.9,1.952,96,27.8,-16.5,"Alabama"
"535",3,"Michigan","Big Ten","Arkansas State","Sun Belt","Michigan -31.9",NA,NA,94.5,25,2.884,65.5,-9.1,-31.9,"Michigan"
"536",3,"Florida State","ACC","Memphis","American Athletic","Florida State -14.4",NA,NA,85,19.9,1.904,72.5,6.1,-14.4,"Florida State"
"537",3,"NC State","ACC","Louisiana Tech","Conference USA","NC State -32.6",NA,NA,76,12.1,3.106,46.5,-16.7,-32.6,"NC State"
"538",3,"Miami (OH)","Mid-American","Cincinnati","Big 12","NA NA",NA,NA,NA,NA,NA,72,-0.1,NA,NA
"539",3,"Illinois","Big Ten","Central Michigan","Mid-American","Illinois -17",NA,NA,71.5,0.1,1.504,56,-15.9,-17,"Illinois"
"540",3,"Texas Tech","Big 12","North Texas","American Athletic","Texas Tech -17.7",NA,NA,72,7.4,3.244,57.5,-11.3,-17.7,"Texas Tech"
"541",3,"Tulsa","American Athletic","Oklahoma State","Big 12","Oklahoma State -32.8",NA,NA,52.5,-13.2,0.738,86,14,-32.8,"Oklahoma State"
"542",3,"South Carolina","SEC","LSU","SEC","LSU -14.2",NA,NA,77.5,9.5,2.282,94,23.1,-14.2,"LSU"
"543",3,"Worcester State College","MSCAC","Plymouth State","MSCAC","NA NA",NA,NA,NA,NA,NA,NA,NA,NA,NA
"544",3,"St Francis (PA)","NEC","Central Connecticut","NEC","NA NA",NA,NA,NA,NA,NA,20,-19,NA,NA
"545",3,"Buffalo State","Liberty League","Hilbert College","Empire 8","NA NA",NA,NA,NA,NA,NA,NA,NA,NA,NA
"546",3,"The Citadel","Southern","North Greenville","Gulf South","NA NA",NA,NA,38,-32.5,1,NA,NA,NA,NA
"547",3,"Lafayette","Patriot","Marist","Pioneer","NA NA",NA,NA,32.5,-38,1,NA,NA,NA,NA
"548",3,"Missouri","SEC","Boston College","ACC","Missouri -22",NA,NA,88.5,22.2,2.478,69,-2.4,-22,"Missouri"
"549",3,"Alfred","Empire 8","Juniata","Landmark Conference","NA NA",NA,NA,NA,NA,NA,NA,NA,NA,NA
"550",3,"Buffalo","Mid-American","UMass","FBS Independents","UMass -0.2",NA,NA,48,-17,2.782,51,-20.1,-0.2,"UMass"
"551",3,"North Carolina A&T","CAA","Delaware","CAA","Delaware -4",NA,NA,42,-28.5,1,47,-23.5,-4,"Delaware"
"552",3,"Fordham","Patriot","Stony Brook","CAA","Stony Brook -4.5",NA,NA,40,-30.5,1,45.5,-25,-4.5,"Stony Brook"
"553",3,"Illinois State","MVFC","Western Illinois","Big South-OVC","NA NA",NA,NA,50,-20.5,1,NA,NA,NA,NA
"554",3,"Sacred Heart","FCS Independents","Georgetown","Patriot","NA NA",NA,NA,NA,NA,NA,NA,NA,NA,NA
"555",3,"Northwood (MI)","Great Midwest Athletic","Saginaw Valley","GLIAC","NA NA",NA,NA,NA,NA,NA,NA,NA,NA,NA
"556",3,"Erskine","Gulf South","Elizabeth City State","CIAA","NA NA",NA,NA,NA,NA,NA,NA,NA,NA,NA
"557",3,"West Liberty","Mountain East","Frostburg State","Mountain East","NA NA",NA,NA,NA,NA,NA,NA,NA,NA,NA
"558",3,"Emory & Henry","South Atlantic","Bluefield","CIAA","NA NA",NA,NA,NA,NA,NA,NA,NA,NA,NA
"559",3,"Delaware Valley","Mid Atlantic","Alvernia University","Mid Atlantic","NA NA",NA,NA,NA,NA,NA,NA,NA,NA,NA
"560",3,"Lebanon Valley","Mid Atlantic","Stevenson","Mid Atlantic","NA NA",NA,NA,NA,NA,NA,NA,NA,NA,NA
"561",3,"Wayne State (MI)","GLIAC","Findlay","Great Midwest Athletic","NA NA",NA,NA,NA,NA,NA,NA,NA,NA,NA
"562",3,"William Paterson","New Jersey","Dickinson","Centennial","NA NA",NA,NA,NA,NA,NA,NA,NA,NA,NA
"563",3,"Trinity (CT)","NESCAC","Colby","NESCAC","NA NA",NA,NA,NA,NA,NA,NA,NA,NA,NA
"564",3,"King's College (PA)","Mid Atlantic","Misericordia","Mid Atlantic","NA NA",NA,NA,NA,NA,NA,NA,NA,NA,NA
"565",3,"Western New England","Commonwealth Coast","Salve Regina","NEWMAC","NA NA",NA,NA,NA,NA,NA,NA,NA,NA,NA
"566",3,"St. Anselm","Northeast 10","Bentley","Northeast 10","NA NA",NA,NA,NA,NA,NA,NA,NA,NA,NA
"567",3,"Franklin Pierce","Northeast 10","Assumption","Northeast 10","NA NA",NA,NA,NA,NA,NA,NA,NA,NA,NA
"568",3,"Rowan","New Jersey","McDaniel College","Centennial","NA NA",NA,NA,NA,NA,NA,NA,NA,NA,NA
"569",3,"Keystone","Landmark Conference","Hartwick","Empire 8","NA NA",NA,NA,NA,NA,NA,NA,NA,NA,NA
"570",3,"Carnegie Mellon","Presidents'","Geneva College","Presidents'","NA NA",NA,NA,NA,NA,NA,NA,NA,NA,NA
"571",3,"Allegheny","Presidents'","St. Vincent","Presidents'","NA NA",NA,NA,NA,NA,NA,NA,NA,NA,NA
"572",3,"Westminster PA","Presidents'","Waynesburg","Presidents'","NA NA",NA,NA,NA,NA,NA,NA,NA,NA,NA
"573",3,"College of New Jersey","New Jersey","Franklin & Marshall","Centennial","NA NA",NA,NA,NA,NA,NA,NA,NA,NA,NA
"574",3,"Kean","New Jersey","Ursinus","Centennial","NA NA",NA,NA,NA,NA,NA,NA,NA,NA,NA
"575",3,"Middlebury","NESCAC","Wesleyan","NESCAC","NA NA",NA,NA,NA,NA,NA,NA,NA,NA,NA
"576",3,"Amherst College","NESCAC","Bates College","NESCAC","NA NA",NA,NA,NA,NA,NA,NA,NA,NA,NA
"577",3,"Oberlin","North Coast","Anderson (IN)","Heartland","NA NA",NA,NA,NA,NA,NA,NA,NA,NA,NA
"578",3,"Berry College","Southern Athletic","DePauw","North Coast","NA NA",NA,NA,NA,NA,NA,NA,NA,NA,NA
"579",3,"Shippensburg","Pennsylvania State Athletic","Clarion","Pennsylvania State Athletic","NA NA",NA,NA,NA,NA,NA,NA,NA,NA,NA
"580",3,"Brevard College","USA South","Hampden-Sydney","Old Dominion","NA NA",NA,NA,NA,NA,NA,NA,NA,NA,NA
"581",3,"St. Norbert","NACC","Wisconsin-Stevens Point","Wisconsin","NA NA",NA,NA,NA,NA,NA,NA,NA,NA,NA
"582",3,"Roosevelt","GLIAC","UW-Whitewater","Wisconsin","NA NA",NA,NA,NA,NA,NA,NA,NA,NA,NA
"583",3,"Johnson C Smith","CIAA","Lincoln (PA)","CIAA","NA NA",NA,NA,NA,NA,NA,NA,NA,NA,NA
"584",3,"Shorter","Gulf South","Webber International",NA,"NA NA",NA,NA,NA,NA,NA,NA,NA,NA,NA
"585",3,"Olivet College","Michigan","Wooster","North Coast","NA NA",NA,NA,NA,NA,NA,NA,NA,NA,NA
"586",3,"Kalamazoo","Michigan","Kenyon","North Coast","NA NA",NA,NA,NA,NA,NA,NA,NA,NA,NA
"587",3,"Framingham State","MSCAC","Castleton State College","MSCAC","NA NA",NA,NA,NA,NA,NA,NA,NA,NA,NA
"588",3,"Ithaca","Liberty League","Endicott College","Commonwealth Coast","NA NA",NA,NA,NA,NA,NA,NA,NA,NA,NA
"589",3,"Susquehanna","Landmark Conference","Brockport State (NY)","Empire 8","NA NA",NA,NA,NA,NA,NA,NA,NA,NA,NA
"590",3,"Hope","Michigan","Franklin","Heartland","NA NA",NA,NA,NA,NA,NA,NA,NA,NA,NA
"591",3,"Albion","Michigan","Bluffton","Heartland","NA NA",NA,NA,NA,NA,NA,NA,NA,NA,NA
"592",3,"Husson","Commonwealth Coast","Springfield","NEWMAC","NA NA",NA,NA,NA,NA,NA,NA,NA,NA,NA
"593",3,"Presbyterian College","Pioneer","Virginia Lynchburg",NA,"NA NA",NA,NA,NA,NA,NA,NA,NA,NA,NA
"594",3,"Williams","NESCAC","Hamilton","NESCAC","NA NA",NA,NA,NA,NA,NA,NA,NA,NA,NA
"595",3,"Wilmington (OH)","Ohio","Baldwin-Wallace","Ohio","NA NA",NA,NA,NA,NA,NA,NA,NA,NA,NA
"596",3,"Washington & Lee","Old Dominion","Apprentice School","Independent DIII","NA NA",NA,NA,NA,NA,NA,NA,NA,NA,NA
"597",3,"Concordia (WI)","NACC","Calvin University","Michigan","NA NA",NA,NA,NA,NA,NA,NA,NA,NA,NA
"598",3,"Wisconsin-Platteville","Wisconsin","Dubuque","American Rivers","NA NA",NA,NA,NA,NA,NA,NA,NA,NA,NA
"599",3,"Richmond","CAA","Charleston Southern","Big South-OVC","Richmond -8.5",NA,NA,51,-19.5,1,43.5,-27,-8.5,"Richmond"
"600",3,"Norfolk State","MEAC","Hampton","CAA","Norfolk State -0.5",NA,NA,36,-34.5,1,36.5,-34,-0.5,"Norfolk State"
"601",3,"St. Johns (MN)","Minnesota","Wartburg","American Rivers","NA NA",NA,NA,NA,NA,NA,NA,NA,NA,NA
"602",3,"St. Olaf College","Minnesota","Luther","American Rivers","NA NA",NA,NA,NA,NA,NA,NA,NA,NA,NA
"603",3,"Ripon","Midwest","Grinnell","Midwest","NA NA",NA,NA,NA,NA,NA,NA,NA,NA,NA
"604",3,"Lawrence","Midwest","Cornell College (IA)","Midwest","NA NA",NA,NA,NA,NA,NA,NA,NA,NA,NA
"605",3,"Wisconsin Lutheran","NACC","Buena Vista","American Rivers","NA NA",NA,NA,NA,NA,NA,NA,NA,NA,NA
"606",3,"Wisconsin-Eau Claire","Wisconsin","Coe","American Rivers","NA NA",NA,NA,NA,NA,NA,NA,NA,NA,NA
"607",3,"Wisconsin-La Crosse","Wisconsin","Northern Michigan","GLIAC","NA NA",NA,NA,NA,NA,NA,NA,NA,NA,NA
"608",3,"Dickinson State",NA,"UW-Stout","Wisconsin","NA NA",NA,NA,NA,NA,NA,NA,NA,NA,NA
"609",3,"Bloomsburg","Pennsylvania State Athletic","Seton Hill College","Pennsylvania State Athletic","NA NA",NA,NA,NA,NA,NA,NA,NA,NA,NA
"610",3,"Lake Forest","Midwest","Illinois College","Midwest","NA NA",NA,NA,NA,NA,NA,NA,NA,NA,NA
"611",3,"Westfield State","MSCAC","Bridgewater State","MSCAC","NA NA",NA,NA,NA,NA,NA,NA,NA,NA,NA
"612",3,"St. Scholastica","Minnesota","Rockford","NACC","NA NA",NA,NA,NA,NA,NA,NA,NA,NA,NA
"613",3,"Temple","American Athletic","Coastal Carolina","Sun Belt","Coastal Carolina -8.6",NA,NA,44.5,-21.9,2.856,56,-6.5,-8.6,"Coastal Carolina"
"614",3,"Washburn","Mid America","Colorado Mines","Rocky Mountain","NA NA",NA,NA,NA,NA,NA,NA,NA,NA,NA
"615",3,"Sioux Falls","Northern Sun","University of Mary","Northern Sun","NA NA",NA,NA,NA,NA,NA,NA,NA,NA,NA
"616",3,"Wabash College","North Coast","Ohio Wesleyan","North Coast","NA NA",NA,NA,NA,NA,NA,NA,NA,NA,NA
"617",3,"Bryant","CAA","Holy Cross","Patriot","Holy Cross -14",NA,NA,36.5,-34,1,51.5,-19,-14,"Holy Cross"
"618",3,"Chicago","Midwest","Monmouth (IL)","Midwest","NA NA",NA,NA,NA,NA,NA,NA,NA,NA,NA
"619",3,"Youngstown State","MVFC","Duquesne","NEC","Youngstown State -15.5",NA,NA,52.5,-18,1,38,-32.5,-15.5,"Youngstown State"
"620",3,"North Dakota","MVFC","Idaho State","Big Sky","North Dakota -21",NA,NA,59,-11.5,1,39,-31.5,-21,"North Dakota"
"621",3,"Sewanee Univ. of the South","Southern Athletic","Westminster","Upper Midwest","NA NA",NA,NA,NA,NA,NA,NA,NA,NA,NA
"622",3,"Bridgewater (VA)","Old Dominion","Southern Virginia","USA South","NA NA",NA,NA,NA,NA,NA,NA,NA,NA,NA
"623",3,"Furman","Southern","Stetson","Pioneer","NA NA",NA,NA,49.5,-21,1,NA,NA,NA,NA
"624",3,"Jackson State","SWAC","Southern","SWAC","Jackson State -12.5",NA,NA,45,-25.5,1,33.5,-37,-12.5,"Jackson State"
"625",3,"St. Thomas (MN)","Pioneer","Black Hills State","Rocky Mountain","NA NA",NA,NA,NA,NA,NA,NA,NA,NA,NA
"626",3,"Lake Erie College","Great Midwest Athletic","Post University","Northeast 10","NA NA",NA,NA,NA,NA,NA,NA,NA,NA,NA
"627",3,"UW-Oshkosh","Wisconsin","Linfield","Northwest","NA NA",NA,NA,NA,NA,NA,NA,NA,NA,NA
"628",3,"Southern Nazarene","Great American","Arkansas Tech","Great American","NA NA",NA,NA,NA,NA,NA,NA,NA,NA,NA
"629",3,"Delaware State","MEAC","Wagner","NEC","NA NA",NA,NA,NA,NA,NA,16.5,-54,NA,NA
"630",3,"Montana","Big Sky","Morehead State","Pioneer","NA NA",NA,NA,65.5,-5,1,NA,NA,NA,NA
"631",3,"Colorado Mesa","Rocky Mountain","Central Washington","Lone Star","NA NA",NA,NA,NA,NA,NA,NA,NA,NA,NA
"632",3,"Minot State","Northern Sun","Northern State","Northern Sun","NA NA",NA,NA,NA,NA,NA,NA,NA,NA,NA
"633",3,"Concord","Mountain East","UVA-Wise","South Atlantic","NA NA",NA,NA,NA,NA,NA,NA,NA,NA,NA
"634",3,"Bemidji State","Northern Sun","Southwest Minnesota State","Northern Sun","NA NA",NA,NA,NA,NA,NA,NA,NA,NA,NA
"635",3,"Minnesota-Duluth","Northern Sun","Minnesota St-Moorhead","Northern Sun","NA NA",NA,NA,NA,NA,NA,NA,NA,NA,NA
"636",3,"Montclair State","New Jersey","Gettysburg","Centennial","NA NA",NA,NA,NA,NA,NA,NA,NA,NA,NA
"637",3,"Wingate","South Atlantic","Delta State","Gulf South","NA NA",NA,NA,NA,NA,NA,NA,NA,NA,NA
"638",3,"Tufts","NESCAC","Bowdoin","NESCAC","NA NA",NA,NA,NA,NA,NA,NA,NA,NA,NA
"639",3,"Howard","MEAC","Morehouse","SIAC","NA NA",NA,NA,25.5,-45,1,NA,NA,NA,NA
"640",3,"Oregon State","Pac-12","Oregon","Big Ten","Oregon -21",NA,NA,73,3.2,3.542,97.5,29,-21,"Oregon"
"641",3,"Washington","Big Ten","Washington State","Pac-12","Washington -18.6",NA,NA,87,10.3,2.096,70.5,0.6,-18.6,"Washington"
"642",3,"Purdue","Big Ten","Notre Dame","FBS Independents","Notre Dame -18.2",NA,NA,69.5,-1.4,1.26,89,23.4,-18.2,"Notre Dame"
"643",3,"Pittsburgh","ACC","West Virginia","Big 12","West Virginia -12.1",NA,NA,66.5,-0.8,1.948,80.5,9.7,-12.1,"West Virginia"
"644",3,"Maine","CAA","Monmouth","CAA","Monmouth -5.5",NA,NA,45.5,-25,1,52,-18.5,-5.5,"Monmouth"
"645",3,"Michigan State","Big Ten","Prairie View","SWAC","NA NA",NA,NA,67.5,-2.4,2.004,NA,NA,NA,NA
"646",3,"Oklahoma","SEC","Tulane","American Athletic","Oklahoma -19.8",NA,NA,89.5,19.8,3.25,73,-0.8,-19.8,"Oklahoma"
"647",3,"Concordia (IL)","NACC","Manchester","Heartland","NA NA",NA,NA,NA,NA,NA,NA,NA,NA,NA
"648",3,"Georgia Tech","ACC","VMI","Southern","Georgia Tech -32.4",NA,NA,76,0.6,1.368,45,-25.5,-32.4,"Georgia Tech"
"649",3,"Villanova","CAA","Towson","CAA","Villanova -17",NA,NA,59.5,-11,1,43.5,-27,-17,"Villanova"
"650",3,"Minnesota","Big Ten","Nevada","Mountain West","Minnesota -13.9",NA,NA,71.5,4.2,2.436,60,-16.7,-13.9,"Minnesota"
"651",3,"Ohio","Mid-American","Morgan State","MEAC","Ohio -35.9",NA,NA,56.5,-12,2.9,23.5,-47,-35.9,"Ohio"
"652",3,"Florida","SEC","Texas A&M","SEC","Texas A&M -3.5",NA,NA,82,13.2,2.478,88,19.2,-3.5,"Texas A&M"
"653",3,"Miami","ACC","Ball State","Mid-American","Miami -34.7",NA,NA,86.5,15.5,1.734,53.5,-16.9,-34.7,"Miami"
"654",3,"Union","Liberty League","SUNY Maritime","NEWMAC","NA NA",NA,NA,NA,NA,NA,NA,NA,NA,NA
"655",3,"Idaho","Big Sky","Albany","CAA","Idaho -7",NA,NA,46,-24.5,1,40,-30.5,-7,"Idaho"
"656",3,"Northern Colorado","Big Sky","Abilene Christian","UAC","Abilene Christian -3.5",NA,NA,38.5,-32,1,43,-27.5,-3.5,"Abilene Christian"
"657",3,"East Carolina","American Athletic","Appalachian State","Sun Belt","Appalachian State -18.5",NA,NA,60.5,-9.5,0,79,0.5,-18.5,"Appalachian State"
"658",3,"Iowa","Big Ten","Troy","Sun Belt","Iowa -17.4",NA,NA,83,13.2,2.436,68,-0.7,-17.4,"Iowa"
"659",3,"Puget Sound","Northwest","Southwestern University","Southern Athletic","NA NA",NA,NA,NA,NA,NA,NA,NA,NA,NA
"660",3,"Whitworth","Northwest","Eastern Oregon",NA,"NA NA",NA,NA,NA,NA,NA,NA,NA,NA,NA
"661",3,"Pacific Lutheran","Northwest","Concordia (MN)","Minnesota","NA NA",NA,NA,NA,NA,NA,NA,NA,NA,NA
"662",3,"George Fox University","Northwest","Willamette","Northwest","NA NA",NA,NA,NA,NA,NA,NA,NA,NA,NA
"663",3,"Fort Lewis","Rocky Mountain","Arizona Christian",NA,"NA NA",NA,NA,NA,NA,NA,NA,NA,NA,NA
"664",3,"Cal Lutheran","So. Cal.","Central","American Rivers","NA NA",NA,NA,NA,NA,NA,NA,NA,NA,NA
"665",3,"Salisbury","New Jersey","Muhlenberg","Centennial","NA NA",NA,NA,NA,NA,NA,NA,NA,NA,NA
"666",3,"Arkansas","SEC","UAB","American Athletic","Arkansas -14.9",NA,NA,75.5,6.1,2.358,63,-10.6,-14.9,"Arkansas"
"667",3,"Utah State","Mountain West","Utah","Big 12","Utah -23.8",NA,NA,61.5,-11.1,2.748,88,15.8,-23.8,"Utah"
"668",3,"Christopher Newport","New Jersey","Johns Hopkins","Centennial","NA NA",NA,NA,NA,NA,NA,NA,NA,NA,NA
"669",3,"East Tennessee State","Southern","North Dakota State","MVFC","NA NA",NA,NA,36.5,-34,NA,76,5.5,NA,NA
"670",3,"New Hampshire","CAA","Stonehill","NEC","NA NA",NA,NA,40,-30.5,1,NA,NA,NA,NA
"671",3,"Elon","CAA","Western Carolina","Southern","Elon -5.5",NA,NA,48,-22.5,1,43.5,-27,-5.5,"Elon"
"672",3,"Akron","Mid-American","Colgate","Patriot","Akron -15.7",NA,NA,48.5,-22.2,0.726,33.5,-37,-15.7,"Akron"
"673",3,"St. Francis (IN)",NA,"Defiance","Heartland","NA NA",NA,NA,NA,NA,NA,NA,NA,NA,NA
"674",3,"Lenoir-Rhyne","South Atlantic","Tiffin","Great Midwest Athletic","NA NA",NA,NA,NA,NA,NA,NA,NA,NA,NA
"675",3,"Charlotte","American Athletic","Gardner-Webb","Big South-OVC","Charlotte -24.2",NA,NA,60.5,-18.1,1.67,38,-32.5,-24.2,"Charlotte"
"676",3,"Indianapolis","Great Lakes","Truman State","Great Lakes","NA NA",NA,NA,NA,NA,NA,NA,NA,NA,NA
"677",3,"WV Wesleyan","Mountain East","Wheeling Jesuit","Mountain East","NA NA",NA,NA,NA,NA,NA,NA,NA,NA,NA
"678",3,"South Dakota Mines","Rocky Mountain","Upper Iowa","Great Lakes","NA NA",NA,NA,NA,NA,NA,NA,NA,NA,NA
"679",3,"Ferris State","GLIAC","Ashland","Great Midwest Athletic","NA NA",NA,NA,NA,NA,NA,NA,NA,NA,NA
"680",3,"Old Dominion","Sun Belt","Virginia Tech","ACC","Virginia Tech -13.8",NA,NA,62.5,-13.1,1.668,78,9.4,-13.8,"Virginia Tech"
"681",3,"Rhode Island","CAA","Campbell","CAA","Rhode Island -6.5",NA,NA,44.5,-26,1,39,-31.5,-6.5,"Rhode Island"
"682",3,"Livingstone","CIAA","Allen","SIAC","NA NA",NA,NA,NA,NA,NA,NA,NA,NA,NA
"683",3,"Indiana State","MVFC","Dayton","Pioneer","NA NA",NA,NA,47,-23.5,1,NA,NA,NA,NA
"684",3,"Chattanooga","Southern","Mercer","Southern","Chattanooga -5",NA,NA,55,-15.5,1,51,-19.5,-5,"Chattanooga"
"685",3,"Eastern Kentucky","UAC","West Georgia","UAC","NA NA",NA,NA,52,-18.5,1,NA,NA,NA,NA
"686",3,"Benedict College","SIAC","Lane","SIAC","NA NA",NA,NA,NA,NA,NA,NA,NA,NA,NA
"687",3,"Chowan","Gulf South","Barton College","South Atlantic","NA NA",NA,NA,NA,NA,NA,NA,NA,NA,NA
"688",3,"Wofford","Southern","William & Mary","CAA","William & Mary -9",NA,NA,37.5,-33,1,47.5,-23,-9,"William & Mary"
"689",3,"Duke","ACC","Connecticut","FBS Independents","NA NA",NA,NA,67,3.1,3.184,NA,NA,NA,NA
"690",3,"Florida Atlantic","American Athletic","Florida International","Conference USA","Florida Atlantic -13.8",NA,NA,62.5,-12.2,1.772,50.5,-19,-13.8,"Florida Atlantic"
"691",3,"North Carolina","ACC","North Carolina Central","MEAC","NA NA",NA,NA,78,7.9,2.5,NA,NA,NA,NA
"692",3,"Georgia Southern","Sun Belt","South Carolina State","MEAC","NA NA",NA,NA,59.6,-10.3,3.634,NA,NA,NA,NA
"693",3,"Bucknell","Patriot","Merrimack","FCS Independents","NA NA",NA,NA,20,-50.5,1,NA,NA,NA,NA
"694",3,"Lock Haven","Pennsylvania State Athletic","Indiana (PA)","Pennsylvania State Athletic","NA NA",NA,NA,NA,NA,NA,NA,NA,NA,NA
"695",3,"NC Wesleyan","USA South","Ferrum","Old Dominion","NA NA",NA,NA,NA,NA,NA,NA,NA,NA,NA
"696",3,"Liberty","Conference USA","UTEP","Conference USA","Liberty -34",NA,NA,75.5,3.9,3.488,45,-17.8,-34,"Liberty"
"697",3,"Butler","Pioneer","Hanover","Heartland","NA NA",NA,NA,NA,NA,NA,NA,NA,NA,NA
"698",3,"East Stroudsburg","Pennsylvania State Athletic","Gannon","Pennsylvania State Athletic","NA NA",NA,NA,NA,NA,NA,NA,NA,NA,NA
"699",3,"Western Michigan","Mid-American","Bethune-Cookman","SWAC","Western Michigan -32",NA,NA,60,-12.9,2.514,30.5,-40,-32,"Western Michigan"
"700",3,"Wake Forest","ACC","Ole Miss","SEC","Ole Miss -24",NA,NA,64,-2.6,3.008,91,24.7,-24,"Ole Miss"
"701",3,"South Dakota State","MVFC","Augustana (SD)","Northern Sun","NA NA",NA,NA,70,-0.5,1,NA,NA,NA,NA
"702",3,"Alcorn State","SWAC","Edward Waters","SIAC","NA NA",NA,NA,38,-32.5,1,NA,NA,NA,NA
"703",3,"Alabama A&M","SWAC","Georgetown (KY)",NA,"NA NA",NA,NA,38.5,-32,1,NA,NA,NA,NA
"704",3,"San José State","Mountain West","Kennesaw State","Conference USA","NA NA",NA,NA,NA,NA,NA,57.5,-13,NA,NA
"705",3,"Middle Tennessee","Conference USA","Western Kentucky","Conference USA","Western Kentucky -7.8",NA,NA,53,-13.4,3.182,64,-1.6,-7.8,"Western Kentucky"
"706",3,"Sam Houston State","Conference USA","Hawai'i","Mountain West","NA NA",NA,NA,NA,NA,NA,59.5,-12.6,NA,NA
"707",3,"Southern Mississippi","Sun Belt","South Florida","American Athletic","NA NA",NA,NA,NA,NA,NA,65,-5.6,NA,NA
"708",3,"Houston Christian","Southland","Louisiana College",NA,"NA NA",NA,NA,NA,NA,NA,NA,NA,NA,NA
"709",3,"Davidson","Pioneer","Point University",NA,"NA NA",NA,NA,NA,NA,NA,NA,NA,NA,NA
"710",3,"Eastern Michigan","Mid-American","Jacksonville State","Conference USA","Jacksonville State -10",NA,NA,49,-15.9,1.492,60.5,-9.9,-10,"Jacksonville State"
"711",3,"Alfred State College","ECFC","Rochester","Liberty League","NA NA",NA,NA,NA,NA,NA,NA,NA,NA,NA
"712",3,"Georgia State","Sun Belt","Vanderbilt","SEC","Vanderbilt -3.8",NA,NA,59.5,-11.3,1.668,65,-7.3,-3.8,"Vanderbilt"
"713",3,"Texas","SEC","UT San Antonio","American Athletic","NA NA",NA,NA,97,27.7,2.978,NA,NA,NA,NA
"714",3,"Central Arkansas","UAC","Austin Peay","UAC","Austin Peay 0",NA,NA,49,-21.5,1,50,-20.5,0,"Austin Peay"
"715",3,"Missouri State","MVFC","Lindenwood","Big South-OVC","NA NA",NA,NA,63,-7.5,1,NA,NA,NA,NA
"716",3,"Murray State","MVFC","Mississippi Valley State","SWAC","NA NA",NA,NA,42,-28.5,1,NA,NA,NA,NA
"717",3,"Southern Illinois","MVFC","Incarnate Word","Southland","Southern Illinois -4.5",NA,NA,61,-9.5,1,57.5,-13,-4.5,"Southern Illinois"
"718",3,"Samford","Southern","Alabama State","SWAC","Samford -18",NA,NA,47,-23.5,1,30,-40.5,-18,"Samford"
"719",3,"Tennessee State","Big South-OVC","Arkansas-Pine Bluff","SWAC","Arkansas-Pine Bluff -12.5",NA,NA,36.5,-34,1,50,-25,-12.5,"Arkansas-Pine Bluff"
"720",3,"UT Martin","Big South-OVC","North Alabama","UAC","UT Martin -11",NA,NA,51,-19.5,1,41,-29.5,-11,"UT Martin"
"721",3,"Texas A&M-Commerce","Southland","Grambling","SWAC","NA NA",NA,NA,NA,NA,NA,NA,NA,NA,NA
"722",3,"Lamar","Southland","Weber State","Big Sky","Weber State -28.5",NA,NA,30,-40.5,1,59.5,-11,-28.5,"Weber State"
"723",3,"Southeastern Louisiana","Southland","Eastern Washington","Big Sky","Eastern Washington -6.5",NA,NA,57.5,-13,1,65,-5.5,-6.5,"Eastern Washington"
"724",3,"Hamline","Minnesota","Minnesota-Morris","Upper Midwest","NA NA",NA,NA,NA,NA,NA,NA,NA,NA,NA
"725",3,"Macalester","Minnesota","Martin Luther College","Upper Midwest","NA NA",NA,NA,NA,NA,NA,NA,NA,NA,NA
"726",3,"Beloit College","Midwest","Knox College","Midwest","NA NA",NA,NA,NA,NA,NA,NA,NA,NA,NA
"727",3,"Valdosta State","Gulf South","Fayetteville State","CIAA","NA NA",NA,NA,NA,NA,NA,NA,NA,NA,NA
"728",3,"Thomas More","Great Midwest Athletic","Kentucky Christian",NA,"NA NA",NA,NA,NA,NA,NA,NA,NA,NA,NA
"729",3,"Mississippi College","Gulf South","Texas A&M-Kingsville","Lone Star","NA NA",NA,NA,NA,NA,NA,NA,NA,NA,NA
"730",3,"West Alabama","Gulf South","Limestone","South Atlantic","NA NA",NA,NA,NA,NA,NA,NA,NA,NA,NA
"731",3,"Angelo State","Lone Star","Eastern New Mexico","Lone Star","NA NA",NA,NA,NA,NA,NA,NA,NA,NA,NA
"732",3,"Savannah State","SIAC","Central State","SIAC","NA NA",NA,NA,NA,NA,NA,NA,NA,NA,NA
"733",3,"Shaw","CIAA","Catawba","South Atlantic","NA NA",NA,NA,NA,NA,NA,NA,NA,NA,NA
"734",3,"Wayne State (NE)","Northern Sun","Minnesota State","Northern Sun","NA NA",NA,NA,NA,NA,NA,NA,NA,NA,NA
"735",3,"Simpson College","American Rivers","Crown College","Upper Midwest","NA NA",NA,NA,NA,NA,NA,NA,NA,NA,NA
"736",3,"Guilford","Old Dominion","Methodist","USA South","NA NA",NA,NA,NA,NA,NA,NA,NA,NA,NA
"737",3,"Centre","Southern Athletic","Maryville TN","USA South","NA NA",NA,NA,NA,NA,NA,NA,NA,NA,NA
"738",3,"Belhaven College","USA South","Trinity (TX)","Southern Athletic","NA NA",NA,NA,NA,NA,NA,NA,NA,NA,NA
"739",3,"Eureka College","NACC","Greenville","Upper Midwest","NA NA",NA,NA,NA,NA,NA,NA,NA,NA,NA
"740",3,"Case Western Reserve","Presidents'","Bethany (WV)","Presidents'","NA NA",NA,NA,NA,NA,NA,NA,NA,NA,NA
"741",3,"Thiel College","Presidents'","Washington & Jefferson","Presidents'","NA NA",NA,NA,NA,NA,NA,NA,NA,NA,NA
"742",3,"Newberry","South Atlantic","Keiser (Fl)",NA,"NA NA",NA,NA,NA,NA,NA,NA,NA,NA,NA
"743",3,"Pacific (OR)","Northwest","Lewis & Clark","Northwest","NA NA",NA,NA,NA,NA,NA,NA,NA,NA,NA
"744",3,"Northwestern (MN)","Upper Midwest","Bethel (MN)","Minnesota","NA NA",NA,NA,NA,NA,NA,NA,NA,NA,NA
"745",3,"Adrian","Michigan","Madonna University (Mich.)",NA,"NA NA",NA,NA,NA,NA,NA,NA,NA,NA,NA
"746",3,"Rose-Hulman","Heartland","Trine","Michigan","NA NA",NA,NA,NA,NA,NA,NA,NA,NA,NA
"747",3,"Aurora","NACC","North Central","CCIW","NA NA",NA,NA,NA,NA,NA,NA,NA,NA,NA
"748",3,"Texas Lutheran","Southern Collegiate Athletic","Centenary","Southern Collegiate Athletic","NA NA",NA,NA,NA,NA,NA,NA,NA,NA,NA
"749",3,"McMurry","Southern Collegiate Athletic","Lyon College","Southern Collegiate Athletic","NA NA",NA,NA,NA,NA,NA,NA,NA,NA,NA
"750",3,"Southwestern Assemblies of God",NA,"Howard Payne","American Southwest","NA NA",NA,NA,NA,NA,NA,NA,NA,NA,NA
"751",3,"Austin College","Southern Collegiate Athletic","Rhodes","Southern Athletic","NA NA",NA,NA,NA,NA,NA,NA,NA,NA,NA
"752",3,"Loras College","American Rivers","Benedictine (IL)","NACC","NA NA",NA,NA,NA,NA,NA,NA,NA,NA,NA
"753",3,"Kentucky Wesleyan","Great Midwest Athletic","William Jewell College","Great Lakes","NA NA",NA,NA,NA,NA,NA,NA,NA,NA,NA
"754",3,"Southwest Baptist","Great Lakes","OK Panhandle St","Independent DII","NA NA",NA,NA,NA,NA,NA,NA,NA,NA,NA
"755",3,"Missouri S&T","Great Lakes","Lincoln University (CA)","Independent DII","NA NA",NA,NA,NA,NA,NA,NA,NA,NA,NA
"756",3,"Henderson State","Great American","Southeastern Oklahoma","Great American","NA NA",NA,NA,NA,NA,NA,NA,NA,NA,NA
"757",3,"Southern Arkansas","Great American","East Central","Great American","NA NA",NA,NA,NA,NA,NA,NA,NA,NA,NA
"758",3,"Southwestern Oklahoma","Great American","Arkansas-Monticello","Great American","NA NA",NA,NA,NA,NA,NA,NA,NA,NA,NA
"759",3,"Missouri Western","Mid America","Missouri Southern State","Mid America","NA NA",NA,NA,NA,NA,NA,NA,NA,NA,NA
"760",3,"Northwest Missouri State","Mid America","Fort Hays State","Mid America","NA NA",NA,NA,NA,NA,NA,NA,NA,NA,NA
"761",3,"University of Texas of the Permian Basin","Lone Star","Adams State","Rocky Mountain","NA NA",NA,NA,NA,NA,NA,NA,NA,NA,NA
"762",3,"Concordia-St. Paul","Northern Sun","Winona State","Northern Sun","NA NA",NA,NA,NA,NA,NA,NA,NA,NA,NA
"763",3,"Northwestern","Big Ten","Eastern Illinois","Big South-OVC","Northwestern -46.6",NA,NA,75,-2.8,2.132,30.5,-40,-46.6,"Northwestern"
"764",3,"UCLA","Big Ten","Indiana","Big Ten","UCLA -0.2",NA,NA,75,8.8,1.732,76.5,-4.5,-0.2,"UCLA"
"765",3,"Nebraska","Big Ten","Northern Iowa","MVFC","Nebraska -8",NA,NA,70.5,7.4,1.486,64,-6.5,-8,"Nebraska"
"766",3,"Mississippi State","SEC","Toledo","Mid-American","Mississippi State -17.1",NA,NA,77,1.1,2.64,62.5,-7,-17.1,"Mississippi State"
"767",3,"TCU","Big 12","UCF","Big 12","UCF -5.8",NA,NA,71,8.7,2.232,79,5.9,-5.8,"UCF"
"768",3,"Valparaiso","Pioneer","Indiana Wesleyan",NA,"NA NA",NA,NA,NA,NA,NA,NA,NA,NA,NA
"769",3,"Colorado State","Mountain West","Colorado","Big 12","Colorado -10",NA,NA,63,-10.6,1.984,75,0.3,-10,"Colorado"
"770",3,"Baylor","Big 12","Air Force","Mountain West","Baylor -11",NA,NA,70.5,2.2,2.464,62,-7.1,-11,"Baylor"
"771",3,"Auburn","SEC","New Mexico","Mountain West","Auburn -31.6",NA,NA,83.5,13.1,2.62,54.5,-20.6,-31.6,"Auburn"
"772",3,"Kentucky","SEC","Georgia","SEC","Georgia -20.8",NA,NA,78,13.8,2.738,101.5,34.2,-20.8,"Georgia"
"773",3,"Tennessee","SEC","Kent State","Mid-American","Tennessee -40.8",NA,NA,83,19.2,2.338,44.5,-20.9,-40.8,"Tennessee"
"774",3,"Pittsburg State","Mid America","Emporia State","Mid America","NA NA",NA,NA,NA,NA,NA,NA,NA,NA,NA
"775",3,"Colorado State-Pueblo","Rocky Mountain","Grand Valley State","GLIAC","NA NA",NA,NA,NA,NA,NA,NA,NA,NA,NA
"776",3,"Virginia","ACC","Maryland","Big Ten","Maryland -4.7",NA,NA,66,-3.5,3.304,74,5.2,-4.7,"Maryland"
"777",3,"West Texas A&M","Lone Star","Western State","Rocky Mountain","NA NA",NA,NA,NA,NA,NA,NA,NA,NA,NA
"778",3,"Southern Utah","UAC","UC Davis","Big Sky","UC Davis -19.5",NA,NA,33.5,-37,1,54,-16.5,-19.5,"UC Davis"
"779",3,"Central Oklahoma","Mid America","Central Missouri State","Mid America","NA NA",NA,NA,NA,NA,NA,NA,NA,NA,NA
"780",3,"Oklahoma Baptist","Great American","Harding","Great American","NA NA",NA,NA,NA,NA,NA,NA,NA,NA,NA
"781",3,"McNeese","Southland","Stephen F. Austin","Southland","Stephen F. Austin -8",NA,NA,47,-23.5,1,56,-14.5,-8,"Stephen F. Austin"
"782",3,"Hendrix College","Southern Athletic","East Texas Baptist","American Southwest","NA NA",NA,NA,NA,NA,NA,NA,NA,NA,NA
"783",3,"Houston","Big 12","Rice","American Athletic","Houston -11.2",NA,NA,77.5,-3.3,1.67,68,-9,-11.2,"Houston"
"784",3,"Cal Poly","Big Sky","Western Oregon","Lone Star","NA NA",NA,NA,34.5,-36,1,NA,NA,NA,NA
"785",3,"Lincoln (MO)","Great Lakes","McKendree","Great Lakes","NA NA",NA,NA,NA,NA,NA,NA,NA,NA,NA
"786",3,"Wyoming","Mountain West","BYU","Big 12","Wyoming -2.5",NA,NA,71,-8,3.028,71.5,-1.5,-2.5,"Wyoming"
"787",3,"Sacramento State","Big Sky","Nicholls","Southland","Sacramento State -8",NA,NA,60.5,-10,1,53.5,-17,-8,"Sacramento State"
"788",3,"Portland State","Big Sky","South Dakota","MVFC","South Dakota -9",NA,NA,49.5,-21,1,59.5,-11,-9,"South Dakota"
"789",3,"Utah Tech","UAC","Northern Arizona","Big Sky","NA NA",NA,NA,NA,NA,NA,46,-24.5,NA,NA
"790",3,"Fresno State","Mountain West","New Mexico State","Conference USA","Fresno State -25.7",NA,NA,76,-0.1,2.684,53,-15.5,-25.7,"Fresno State"
"791",3,"California","ACC","San Diego State","Mountain West","California -25.8",NA,NA,79.5,2.8,2.802,56.5,-8.9,-25.8,"California"
"792",4,"Franklin & Marshall","Centennial","Montclair State","New Jersey","NA NA",NA,NA,NA,NA,NA,NA,NA,NA,NA
"793",4,"Fairmont State","Mountain East","Glenville State","Mountain East","NA NA",NA,NA,NA,NA,NA,NA,NA,NA,NA
"794",4,"Arkansas-Monticello","Great American","Harding","Great American","NA NA",NA,NA,NA,NA,NA,NA,NA,NA,NA
"795",4,"Appalachian State","Sun Belt","South Alabama","Sun Belt","Appalachian State -19.8",NA,NA,79,0.5,1.806,61,-6.4,-19.8,"Appalachian State"
"796",4,"Benedict College","SIAC","Edward Waters","SIAC","NA NA",NA,NA,NA,NA,NA,NA,NA,NA,NA
"797",4,"Rensselaer","Liberty League","Worcester Polytechnic","NEWMAC","NA NA",NA,NA,NA,NA,NA,NA,NA,NA,NA
"798",4,"Bentley","Northeast 10","Southern Connecticut State","Northeast 10","NA NA",NA,NA,NA,NA,NA,NA,NA,NA,NA
"799",4,"St Lawrence","Liberty League","Western New England","Commonwealth Coast","NA NA",NA,NA,NA,NA,NA,NA,NA,NA,NA
"800",4,"Springfield","NEWMAC","Union","Liberty League","NA NA",NA,NA,NA,NA,NA,NA,NA,NA,NA
"801",4,"UMass Dartmouth","MSCAC","Framingham State","MSCAC","NA NA",NA,NA,NA,NA,NA,NA,NA,NA,NA
"802",4,"Syracuse","ACC","Stanford","ACC","Syracuse -5.9",NA,NA,70,-1,2.892,67,-3.5,-5.9,"Syracuse"
"803",4,"Nebraska","Big Ten","Illinois","Big Ten","Nebraska -0.5",NA,NA,70.5,7.4,1.486,71.5,0.1,-0.5,"Nebraska"
"804",4,"Washington State","Pac-12","San José State","Mountain West","NA NA",NA,NA,70.5,0.6,3.292,NA,NA,NA,NA
"805",4,"BYU","Big 12","Kansas State","Big 12","Kansas State -14.4",NA,NA,71.5,-1.5,2.052,88,16.4,-14.4,"Kansas State"
"806",4,"Colorado","Big 12","Baylor","Big 12","Colorado -7.1",NA,NA,75,0.3,2.572,70.5,2.2,-7.1,"Colorado"
"807",4,"Oklahoma State","Big 12","Utah","Big 12","Oklahoma State -0.8",NA,NA,86,14,2.828,88,15.8,-0.8,"Oklahoma State"
"808",4,"Texas Tech","Big 12","Arizona State","Big 12","Texas Tech -9.2",NA,NA,72,7.4,3.244,66,-4,-9.2,"Texas Tech"
"809",4,"West Virginia","Big 12","Kansas","Big 12","Kansas -1.1",NA,NA,80.5,9.7,3.386,85,9.7,-1.1,"Kansas"
"810",4,"Hampton","CAA","Howard","MEAC","Hampton -12",NA,NA,36.5,-34,1,25.5,-45,-12,"Hampton"
"811",4,"Liberty","Conference USA","East Carolina","American Athletic","Liberty -18.5",NA,NA,75.5,3.9,3.488,60.5,-9.5,-18.5,"Liberty"
"812",4,"Oklahoma","SEC","Tennessee","SEC","Oklahoma -9.8",NA,NA,89.5,19.8,3.25,83,19.2,-9.8,"Oklahoma"
"813",4,"Missouri","SEC","Vanderbilt","SEC","Missouri -26",NA,NA,88.5,22.2,2.478,65,-7.3,-26,"Missouri"
"814",4,"LSU","SEC","UCLA","Big Ten","LSU -22.9",NA,NA,94,23.1,3.904,75,8.8,-22.9,"LSU"
"815",4,"Maryland","Big Ten","Villanova","CAA","Maryland -16.8",NA,NA,74,5.2,2.252,59.5,-11,-16.8,"Maryland"
"816",4,"Boston College","ACC","Michigan State","Big Ten","Boston College -3.4",NA,NA,69,-2.4,1.852,67.5,-2.4,-3.4,"Boston College"
"817",4,"Washington","Big Ten","Northwestern","Big Ten","Washington -14.1",NA,NA,87,10.3,2.096,75,-2.8,-14.1,"Washington"
"818",4,"Ohio State","Big Ten","Marshall","Sun Belt","Ohio State -40.5",NA,NA,99,30.8,2.984,61.5,-9.9,-40.5,"Ohio State"
"819",4,"Penn State","Big Ten","Kent State","Mid-American","Penn State -55.4",NA,NA,96.5,26.1,3.408,44.5,-20.9,-55.4,"Penn State"
"820",4,"Virginia Tech","ACC","Rutgers","Big Ten","Virginia Tech -3.3",NA,NA,78,9.4,2.308,77,3.5,-3.3,"Virginia Tech"
"821",4,"Auburn","SEC","Arkansas","SEC","Auburn -10.6",NA,NA,83.5,13.1,2.62,75.5,6.1,-10.6,"Auburn"
"822",4,"Florida State","ACC","California","ACC","Florida State -7.4",NA,NA,85,19.9,1.904,79.5,2.8,-7.4,"Florida State"
"823",4,"Clemson","ACC","NC State","ACC","Clemson -15",NA,NA,88.5,18.8,2.464,76,12.1,-15,"Clemson"
"824",4,"Middle Tennessee","Conference USA","Duke","ACC","Duke -10.8",NA,NA,53,-13.4,3.182,67,3.1,-10.8,"Duke"
"825",4,"Louisville","ACC","Georgia Tech","ACC","Louisville -11.9",NA,NA,85,11.3,2.864,76,0.6,-11.9,"Louisville"
"826",4,"South Florida","American Athletic","Miami","ACC","Miami -18.9",NA,NA,65,-5.6,2.564,86.5,15.5,-18.9,"Miami"
"827",4,"North Carolina","ACC","James Madison","Sun Belt","North Carolina -11",NA,NA,78,7.9,2.5,69.5,0.7,-11,"North Carolina"
"828",4,"SMU","ACC","TCU","Big 12","SMU -13.9",NA,NA,81.5,12.7,3.37,71,8.7,-13.9,"SMU"
"829",4,"Coastal Carolina","Sun Belt","Virginia","ACC","Virginia -7.7",NA,NA,56,-6.5,2.256,66,-3.5,-7.7,"Virginia"
"830",4,"Cincinnati","Big 12","Houston","Big 12","Houston -3.4",NA,NA,72,-0.1,2.08,77.5,-3.3,-3.4,"Houston"
"831",4,"South Carolina","SEC","Akron","Mid-American","South Carolina -31.3",NA,NA,77.5,9.5,2.282,48.5,-22.2,-31.3,"South Carolina"
"832",4,"Indiana","Big Ten","Charlotte","American Athletic","Indiana -17.9",NA,NA,76.5,-4.5,1.9,60.5,-18.1,-17.9,"Indiana"
"833",4,"Minnesota","Big Ten","Iowa","Big Ten","Iowa -9.1",NA,NA,71.5,4.2,2.436,83,13.2,-9.1,"Iowa"
"834",4,"Northern Illinois","Mid-American","Buffalo","Mid-American","Northern Illinois -13.1",NA,NA,60,-10.6,1.072,48,-17,-13.1,"Northern Illinois"
"835",4,"Stevenson","Mid Atlantic","Delaware Valley","Mid Atlantic","NA NA",NA,NA,NA,NA,NA,NA,NA,NA,NA
"836",4,"Missouri Southern State","Mid America","Northwest Missouri State","Mid America","NA NA",NA,NA,NA,NA,NA,NA,NA,NA,NA
"837",4,"Charleston (WV)","Mountain East","UNC Pembroke","Mountain East","NA NA",NA,NA,NA,NA,NA,NA,NA,NA,NA
"838",4,"Walsh","Great Midwest Athletic","Kentucky Wesleyan","Great Midwest Athletic","NA NA",NA,NA,NA,NA,NA,NA,NA,NA,NA
"839",4,"Ohio Dominican","Great Midwest Athletic","Thomas More","Great Midwest Athletic","NA NA",NA,NA,NA,NA,NA,NA,NA,NA,NA
"840",4,"Western New Mexico","Lone Star","Angelo State","Lone Star","NA NA",NA,NA,NA,NA,NA,NA,NA,NA,NA
"841",4,"Sul Ross State","Lone Star","Western Oregon","Lone Star","NA NA",NA,NA,NA,NA,NA,NA,NA,NA,NA
"842",4,"University of Texas of the Permian Basin","Lone Star","Texas A&M-Kingsville","Lone Star","NA NA",NA,NA,NA,NA,NA,NA,NA,NA,NA
"843",4,"Central State","SIAC","Albany State (GA)","SIAC","NA NA",NA,NA,NA,NA,NA,NA,NA,NA,NA
"844",4,"Tuskegee","SIAC","Savannah State","SIAC","NA NA",NA,NA,NA,NA,NA,NA,NA,NA,NA
"845",4,"Anderson (SC)","South Atlantic","Limestone","South Atlantic","NA NA",NA,NA,NA,NA,NA,NA,NA,NA,NA
"846",4,"Lincoln University (CA)","Independent DII","Webber International",NA,"NA NA",NA,NA,NA,NA,NA,NA,NA,NA,NA
"847",4,"Wesleyan","NESCAC","Tufts","NESCAC","NA NA",NA,NA,NA,NA,NA,NA,NA,NA,NA
"848",4,"Randolph-Macon","Old Dominion","Berry College","Southern Athletic","NA NA",NA,NA,NA,NA,NA,NA,NA,NA,NA
"849",4,"Seton Hill College","Pennsylvania State Athletic","West Chester","Pennsylvania State Athletic","NA NA",NA,NA,NA,NA,NA,NA,NA,NA,NA
"850",4,"West Virginia State","Mountain East","West Liberty","Mountain East","NA NA",NA,NA,NA,NA,NA,NA,NA,NA,NA
"851",4,"Hampden-Sydney","Old Dominion","Centre","Southern Athletic","NA NA",NA,NA,NA,NA,NA,NA,NA,NA,NA
"852",4,"Millsaps","Southern Athletic","Bridgewater (VA)","Old Dominion","NA NA",NA,NA,NA,NA,NA,NA,NA,NA,NA
"853",4,"Pacific (OR)","Northwest","Pomona-Pitzer","So. Cal.","NA NA",NA,NA,NA,NA,NA,NA,NA,NA,NA
"854",4,"Central Michigan","Mid-American","Ball State","Mid-American","Central Michigan -4.2",NA,NA,56,-15.9,1.658,53.5,-16.9,-4.2,"Central Michigan"
"855",4,"Louisiana","Sun Belt","Tulane","American Athletic","Tulane -0.8",NA,NA,69.5,-2.4,2.73,73,-0.8,-0.8,"Tulane"
"856",4,"North Texas","American Athletic","Wyoming","Mountain West","Wyoming -10.6",NA,NA,57.5,-11.3,2.858,71,-8,-10.6,"Wyoming"
"857",4,"Temple","American Athletic","Utah State","Mountain West","Utah State -14.1",NA,NA,44.5,-21.9,2.856,61.5,-11.1,-14.1,"Utah State"
"858",4,"Western Kentucky","Conference USA","Toledo","Mid-American","Western Kentucky -4.3",NA,NA,64,-1.6,2.812,62.5,-7,-4.3,"Western Kentucky"
"859",4,"Sam Houston State","Conference USA","New Mexico State","Conference USA","NA NA",NA,NA,NA,NA,NA,53,-15.5,NA,NA
"860",4,"Louisiana Tech","Conference USA","Tulsa","American Athletic","Tulsa -3.6",NA,NA,46.5,-16.7,2.37,52.5,-13.2,-3.6,"Tulsa"
"861",4,"Jacksonville State","Conference USA","Southern Mississippi","Sun Belt","NA NA",NA,NA,60.5,-9.9,2.5,NA,NA,NA,NA
"862",4,"Catholic University","Landmark Conference","Morrisville State","Empire 8","NA NA",NA,NA,NA,NA,NA,NA,NA,NA,NA
"863",4,"Dayton","Pioneer","Ave Maria",NA,"NA NA",NA,NA,NA,NA,NA,NA,NA,NA,NA
"864",4,"Duquesne","NEC","WV Wesleyan","Mountain East","NA NA",NA,NA,38,-32.5,1,NA,NA,NA,NA
"865",4,"MIT","NEWMAC","Alfred State College","ECFC","NA NA",NA,NA,NA,NA,NA,NA,NA,NA,NA
"866",4,"Misericordia","Mid Atlantic","FDU-Florham","Mid Atlantic","NA NA",NA,NA,NA,NA,NA,NA,NA,NA,NA
"867",4,"Davenport","GLIAC","Central Missouri State","Mid America","NA NA",NA,NA,NA,NA,NA,NA,NA,NA,NA
"868",4,"Edinboro","Pennsylvania State Athletic","Bloomsburg","Pennsylvania State Athletic","NA NA",NA,NA,NA,NA,NA,NA,NA,NA,NA
"869",4,"Gannon","Pennsylvania State Athletic","Kutztown","Pennsylvania State Athletic","NA NA",NA,NA,NA,NA,NA,NA,NA,NA,NA
"870",4,"Dean College","ECFC","Curry","Commonwealth Coast","NA NA",NA,NA,NA,NA,NA,NA,NA,NA,NA
"871",4,"Susquehanna","Landmark Conference","SUNY Cortland","Empire 8","NA NA",NA,NA,NA,NA,NA,NA,NA,NA,NA
"872",4,"Utica","Empire 8","Lycoming","Landmark Conference","NA NA",NA,NA,NA,NA,NA,NA,NA,NA,NA
"873",4,"Rochester","Liberty League","Salve Regina","NEWMAC","NA NA",NA,NA,NA,NA,NA,NA,NA,NA,NA
"874",4,"Castleton State College","MSCAC","Mass Maritime","MSCAC","NA NA",NA,NA,NA,NA,NA,NA,NA,NA,NA
"875",4,"Fitchburg State","MSCAC","Worcester State College","MSCAC","NA NA",NA,NA,NA,NA,NA,NA,NA,NA,NA
"876",4,"Findlay","Great Midwest Athletic","Lake Erie College","Great Midwest Athletic","NA NA",NA,NA,NA,NA,NA,NA,NA,NA,NA
"877",4,"Tiffin","Great Midwest Athletic","Northwood (MI)","Great Midwest Athletic","NA NA",NA,NA,NA,NA,NA,NA,NA,NA,NA
"878",4,"Plymouth State","MSCAC","Bridgewater State","MSCAC","NA NA",NA,NA,NA,NA,NA,NA,NA,NA,NA
"879",4,"NC Wesleyan","USA South","Huntingdon","USA South","NA NA",NA,NA,NA,NA,NA,NA,NA,NA,NA
"880",4,"Army","American Athletic","Rice","American Athletic","Rice -7.7",NA,NA,58.5,-11.1,1.806,68,-9,-7.7,"Rice"
"881",4,"Endicott College","Commonwealth Coast","Hilbert College","Empire 8","NA NA",NA,NA,NA,NA,NA,NA,NA,NA,NA
"882",4,"University of New England","Commonwealth Coast","Gallaudet","ECFC","NA NA",NA,NA,NA,NA,NA,NA,NA,NA,NA
"883",4,"American International","Northeast 10","St. Anselm","Northeast 10","NA NA",NA,NA,NA,NA,NA,NA,NA,NA,NA
"884",4,"St. John Fisher","Empire 8","Keystone","Landmark Conference","NA NA",NA,NA,NA,NA,NA,NA,NA,NA,NA
"885",4,"Shepherd","Pennsylvania State Athletic","Clarion","Pennsylvania State Athletic","NA NA",NA,NA,NA,NA,NA,NA,NA,NA,NA
"886",4,"Columbia","Ivy","Lafayette","Patriot","NA NA",NA,NA,NA,NA,NA,32.5,-38,NA,NA
"887",4,"Mississippi State","SEC","Florida","SEC","Florida -2.4",NA,NA,77,1.1,2.64,82,13.2,-2.4,"Florida"
"888",4,"Long Island University","NEC","Rhode Island","CAA","NA NA",NA,NA,NA,NA,NA,44.5,-26,NA,NA
"889",4,"Harvard","Ivy","Stetson","Pioneer","NA NA",NA,NA,NA,NA,NA,NA,NA,NA,NA
"890",4,"Lehigh","Patriot","Princeton","Ivy","NA NA",NA,NA,NA,NA,NA,NA,NA,NA,NA
"891",4,"Kentucky","SEC","Ohio","Mid-American","Kentucky -24.2",NA,NA,78,13.8,2.738,56.5,-12,-24.2,"Kentucky"
"892",4,"Stonehill","NEC","Sacred Heart","FCS Independents","NA NA",NA,NA,NA,NA,NA,NA,NA,NA,NA
"893",4,"Georgetown","Patriot","Brown","Ivy","NA NA",NA,NA,NA,NA,NA,NA,NA,NA,NA
"894",4,"Dartmouth","Ivy","Fordham","Patriot","NA NA",NA,NA,NA,NA,NA,40,-30.5,NA,NA
"895",4,"Merrimack","FCS Independents","Maine","CAA","NA NA",NA,NA,NA,NA,NA,45.5,-25,NA,NA
"896",4,"Colgate","Patriot","Cornell","Ivy","NA NA",NA,NA,33.5,-37,1,NA,NA,NA,NA
"897",4,"SUNY Maritime","NEWMAC","Anna Maria College","ECFC","NA NA",NA,NA,NA,NA,NA,NA,NA,NA,NA
"898",4,"Bowdoin","NESCAC","Middlebury","NESCAC","NA NA",NA,NA,NA,NA,NA,NA,NA,NA,NA
"899",4,"Alvernia University","Mid Atlantic","King's College (PA)","Mid Atlantic","NA NA",NA,NA,NA,NA,NA,NA,NA,NA,NA
"900",4,"Shippensburg","Pennsylvania State Athletic","Slippery Rock","Pennsylvania State Athletic","NA NA",NA,NA,NA,NA,NA,NA,NA,NA,NA
"901",4,"Nichols","Commonwealth Coast","Coast Guard","NEWMAC","NA NA",NA,NA,NA,NA,NA,NA,NA,NA,NA
"902",4,"Mars Hill","South Atlantic","Lenoir-Rhyne","South Atlantic","NA NA",NA,NA,NA,NA,NA,NA,NA,NA,NA
"903",4,"Tusculum","South Atlantic","Newberry","South Atlantic","NA NA",NA,NA,NA,NA,NA,NA,NA,NA,NA
"904",4,"Defiance","Heartland","Judson University",NA,"NA NA",NA,NA,NA,NA,NA,NA,NA,NA,NA
"905",4,"Minnesota State","Northern Sun","Minot State","Northern Sun","NA NA",NA,NA,NA,NA,NA,NA,NA,NA,NA
"906",4,"Eastern University","Mid Atlantic","Lebanon Valley","Mid Atlantic","NA NA",NA,NA,NA,NA,NA,NA,NA,NA,NA
"907",4,"Hobart","Liberty League","Moravian","Landmark Conference","NA NA",NA,NA,NA,NA,NA,NA,NA,NA,NA
"908",4,"Emory & Henry","South Atlantic","Barton College","South Atlantic","NA NA",NA,NA,NA,NA,NA,NA,NA,NA,NA
"909",4,"Carson-Newman","South Atlantic","Wingate","South Atlantic","NA NA",NA,NA,NA,NA,NA,NA,NA,NA,NA
"910",4,"Hanover","Heartland","Olivet College","Michigan","NA NA",NA,NA,NA,NA,NA,NA,NA,NA,NA
"911",4,"Muhlenberg","Centennial","College of New Jersey","New Jersey","NA NA",NA,NA,NA,NA,NA,NA,NA,NA,NA
"912",4,"Lincoln (MO)","Great Lakes","William Jewell College","Great Lakes","NA NA",NA,NA,NA,NA,NA,NA,NA,NA,NA
"913",4,"Bates College","NESCAC","Trinity (CT)","NESCAC","NA NA",NA,NA,NA,NA,NA,NA,NA,NA,NA
"914",4,"Ohio Wesleyan","North Coast","Oberlin","North Coast","NA NA",NA,NA,NA,NA,NA,NA,NA,NA,NA
"915",4,"Denison","North Coast","Kenyon","North Coast","NA NA",NA,NA,NA,NA,NA,NA,NA,NA,NA
"916",4,"Brevard College","USA South","Belhaven College","USA South","NA NA",NA,NA,NA,NA,NA,NA,NA,NA,NA
"917",4,"Southern Virginia","USA South","Maryville TN","USA South","NA NA",NA,NA,NA,NA,NA,NA,NA,NA,NA
"918",4,"Kentucky State","SIAC","Morehouse","SIAC","NA NA",NA,NA,NA,NA,NA,NA,NA,NA,NA
"919",4,"Hillsdale","Great Midwest Athletic","Ashland","Great Midwest Athletic","NA NA",NA,NA,NA,NA,NA,NA,NA,NA,NA
"920",4,"Virginia State","CIAA","Winston-Salem","CIAA","NA NA",NA,NA,NA,NA,NA,NA,NA,NA,NA
"921",4,"DePauw","North Coast","Wooster","North Coast","NA NA",NA,NA,NA,NA,NA,NA,NA,NA,NA
"922",4,"Mount St. Joseph","Heartland","Albion","Michigan","NA NA",NA,NA,NA,NA,NA,NA,NA,NA,NA
"923",4,"Widener","Mid Atlantic","Albright","Mid Atlantic","NA NA",NA,NA,NA,NA,NA,NA,NA,NA,NA
"924",4,"Brockport State (NY)","Empire 8","Wilkes","Landmark Conference","NA NA",NA,NA,NA,NA,NA,NA,NA,NA,NA
"925",4,"UW-Oshkosh","Wisconsin","Michigan Tech","GLIAC","NA NA",NA,NA,NA,NA,NA,NA,NA,NA,NA
"926",4,"Frostburg State","Mountain East","Concord","Mountain East","NA NA",NA,NA,NA,NA,NA,NA,NA,NA,NA
"927",4,"Lock Haven","Pennsylvania State Athletic","California (PA)","Pennsylvania State Athletic","NA NA",NA,NA,NA,NA,NA,NA,NA,NA,NA
"928",4,"Gettysburg","Centennial","Christopher Newport","New Jersey","NA NA",NA,NA,NA,NA,NA,NA,NA,NA,NA
"929",4,"Dickinson","Centennial","Kean","New Jersey","NA NA",NA,NA,NA,NA,NA,NA,NA,NA,NA
"930",4,"Hartwick","Empire 8","Juniata","Landmark Conference","NA NA",NA,NA,NA,NA,NA,NA,NA,NA,NA
"931",4,"Manchester","Heartland","Kalamazoo","Michigan","NA NA",NA,NA,NA,NA,NA,NA,NA,NA,NA
"932",4,"McKendree","Great Lakes","Minnesota St-Moorhead","Northern Sun","NA NA",NA,NA,NA,NA,NA,NA,NA,NA,NA
"933",4,"Northern Michigan","GLIAC","Alma College","Michigan","NA NA",NA,NA,NA,NA,NA,NA,NA,NA,NA
"934",4,"Hamilton","NESCAC","Amherst College","NESCAC","NA NA",NA,NA,NA,NA,NA,NA,NA,NA,NA
"935",4,"Colby","NESCAC","Williams","NESCAC","NA NA",NA,NA,NA,NA,NA,NA,NA,NA,NA
"936",4,"McDaniel College","Centennial","William Paterson","New Jersey","NA NA",NA,NA,NA,NA,NA,NA,NA,NA,NA
"937",4,"Trinity (TX)","Southern Athletic","Washington & Lee","Old Dominion","NA NA",NA,NA,NA,NA,NA,NA,NA,NA,NA
"938",4,"Guilford","Old Dominion","Sewanee Univ. of the South","Southern Athletic","NA NA",NA,NA,NA,NA,NA,NA,NA,NA,NA
"939",4,"Averett","Old Dominion","Ferrum","Old Dominion","NA NA",NA,NA,NA,NA,NA,NA,NA,NA,NA
"940",4,"Waynesburg","Presidents'","Washington & Jefferson","Presidents'","NA NA",NA,NA,NA,NA,NA,NA,NA,NA,NA
"941",4,"St. Vincent","Presidents'","Grove City College","Presidents'","NA NA",NA,NA,NA,NA,NA,NA,NA,NA,NA
"942",4,"Shaw","CIAA","Lincoln (PA)","CIAA","NA NA",NA,NA,NA,NA,NA,NA,NA,NA,NA
"943",4,"New Haven","Northeast 10","Franklin Pierce","Northeast 10","NA NA",NA,NA,NA,NA,NA,NA,NA,NA,NA
"944",4,"Post University","Northeast 10","Pace","Northeast 10","NA NA",NA,NA,NA,NA,NA,NA,NA,NA,NA
"945",4,"Franklin","Heartland","Adrian","Michigan","NA NA",NA,NA,NA,NA,NA,NA,NA,NA,NA
"946",4,"Rose-Hulman","Heartland","Hope","Michigan","NA NA",NA,NA,NA,NA,NA,NA,NA,NA,NA
"947",4,"Anderson (IN)","Heartland","Calvin University","Michigan","NA NA",NA,NA,NA,NA,NA,NA,NA,NA,NA
"948",4,"Capital","Ohio","Baldwin-Wallace","Ohio","NA NA",NA,NA,NA,NA,NA,NA,NA,NA,NA
"949",4,"Mount Union","Ohio","John Carroll","Ohio","NA NA",NA,NA,NA,NA,NA,NA,NA,NA,NA
"950",4,"VMI","Southern","Norfolk State","MEAC","VMI -10",NA,NA,45,-25.5,1,36,-34.5,-10,"VMI"
"951",4,"Iowa State","Big 12","Arkansas State","Sun Belt","Iowa State -28.2",NA,NA,91,11.5,2.708,65.5,-9.1,-28.2,"Iowa State"
"952",4,"Eastern Michigan","Mid-American","St Francis (PA)","NEC","NA NA",NA,NA,49,-15.9,1.492,NA,NA,NA,NA
"953",4,"North Dakota","MVFC","San Diego","Pioneer","NA NA",NA,NA,59,-11.5,1,NA,NA,NA,NA
"954",4,"North Dakota State","MVFC","Towson","CAA","North Dakota State -33.5",NA,NA,76,5.5,1,43.5,-27,-33.5,"North Dakota State"
"955",4,"South Dakota","MVFC","Drake","Pioneer","NA NA",NA,NA,59.5,-11,1,NA,NA,NA,NA
"956",4,"Holy Cross","Patriot","Yale","Ivy","Holy Cross -3",NA,NA,51.5,-19,1,49.5,-21,-3,"Holy Cross"
"957",4,"Lindenwood","Big South-OVC","St. Thomas (MN)","Pioneer","NA NA",NA,NA,NA,NA,NA,NA,NA,NA,NA
"958",4,"Illinois College","Midwest","Ripon","Midwest","NA NA",NA,NA,NA,NA,NA,NA,NA,NA,NA
"959",4,"Hendrix College","Southern Athletic","Southwestern University","Southern Athletic","NA NA",NA,NA,NA,NA,NA,NA,NA,NA,NA
"960",4,"Otterbein","Ohio","Marietta","Ohio","NA NA",NA,NA,NA,NA,NA,NA,NA,NA,NA
"961",4,"UW-River Falls","Wisconsin","Greenville","Upper Midwest","NA NA",NA,NA,NA,NA,NA,NA,NA,NA,NA
"962",4,"Millersville","Pennsylvania State Athletic","Indiana (PA)","Pennsylvania State Athletic","NA NA",NA,NA,NA,NA,NA,NA,NA,NA,NA
"963",4,"Concordia (IL)","NACC","Lakeland University","NACC","NA NA",NA,NA,NA,NA,NA,NA,NA,NA,NA
"964",4,"Aurora","NACC","St. Norbert","NACC","NA NA",NA,NA,NA,NA,NA,NA,NA,NA,NA
"965",4,"Westfield State","MSCAC","Western Connecticut State","MSCAC","NA NA",NA,NA,NA,NA,NA,NA,NA,NA,NA
"966",4,"UW-Stout","Wisconsin","Northwestern (MN)","Upper Midwest","NA NA",NA,NA,NA,NA,NA,NA,NA,NA,NA
"967",4,"UW-Whitewater","Wisconsin","Mary Hardin-Baylor","American Southwest","NA NA",NA,NA,NA,NA,NA,NA,NA,NA,NA
"968",4,"Luther","American Rivers","Coe","American Rivers","NA NA",NA,NA,NA,NA,NA,NA,NA,NA,NA
"969",4,"Winona State","Northern Sun","Wayne State (NE)","Northern Sun","NA NA",NA,NA,NA,NA,NA,NA,NA,NA,NA
"970",4,"Southwest Minnesota State","Northern Sun","Concordia-St. Paul","Northern Sun","NA NA",NA,NA,NA,NA,NA,NA,NA,NA,NA
"971",4,"Augustana (SD)","Northern Sun","Northern State","Northern Sun","NA NA",NA,NA,NA,NA,NA,NA,NA,NA,NA
"972",4,"UVA-Wise","South Atlantic","Catawba","South Atlantic","NA NA",NA,NA,NA,NA,NA,NA,NA,NA,NA
"973",4,"Wisconsin-Platteville","Wisconsin","Wabash College","North Coast","NA NA",NA,NA,NA,NA,NA,NA,NA,NA,NA
"974",4,"Benedictine (IL)","NACC","Rockford","NACC","NA NA",NA,NA,NA,NA,NA,NA,NA,NA,NA
"975",4,"Monmouth (IL)","Midwest","Lawrence","Midwest","NA NA",NA,NA,NA,NA,NA,NA,NA,NA,NA
"976",4,"Valparaiso","Pioneer","Roosevelt","GLIAC","NA NA",NA,NA,NA,NA,NA,NA,NA,NA,NA
"977",4,"Cornell College (IA)","Midwest","Lake Forest","Midwest","NA NA",NA,NA,NA,NA,NA,NA,NA,NA,NA
"978",4,"Saginaw Valley","GLIAC","Truman State","Great Lakes","NA NA",NA,NA,NA,NA,NA,NA,NA,NA,NA
"979",4,"South Dakota Mines","Rocky Mountain","New Mexico Highlands","Rocky Mountain","NA NA",NA,NA,NA,NA,NA,NA,NA,NA,NA
"980",4,"Chadron State","Rocky Mountain","Colorado Mines","Rocky Mountain","NA NA",NA,NA,NA,NA,NA,NA,NA,NA,NA
"981",4,"Bethel (MN)","Minnesota","Wisconsin-Eau Claire","Wisconsin","NA NA",NA,NA,NA,NA,NA,NA,NA,NA,NA
"982",4,"Washington (MO)","CCIW","Carroll (WI)","CCIW","NA NA",NA,NA,NA,NA,NA,NA,NA,NA,NA
"983",4,"Martin Luther College","Upper Midwest","Augsburg","Minnesota","NA NA",NA,NA,NA,NA,NA,NA,NA,NA,NA
"984",4,"Wisconsin-Stevens Point","Wisconsin","Gustavus Adolphus","Minnesota","NA NA",NA,NA,NA,NA,NA,NA,NA,NA,NA
"985",4,"Grinnell","Midwest","Beloit College","Midwest","NA NA",NA,NA,NA,NA,NA,NA,NA,NA,NA
"986",4,"Knox College","Midwest","Chicago","Midwest","NA NA",NA,NA,NA,NA,NA,NA,NA,NA,NA
"987",4,"Norwich","NEWMAC","Husson","Commonwealth Coast","NA NA",NA,NA,NA,NA,NA,NA,NA,NA,NA
"988",4,"Johns Hopkins","Centennial","Salisbury","New Jersey","NA NA",NA,NA,NA,NA,NA,NA,NA,NA,NA
"989",4,"Dubuque","American Rivers","Simpson College","American Rivers","NA NA",NA,NA,NA,NA,NA,NA,NA,NA,NA
"990",4,"Central","American Rivers","Wartburg","American Rivers","NA NA",NA,NA,NA,NA,NA,NA,NA,NA,NA
"991",4,"Loras College","American Rivers","Buena Vista","American Rivers","NA NA",NA,NA,NA,NA,NA,NA,NA,NA,NA
"992",4,"Southwest Baptist","Great Lakes","Upper Iowa","Great Lakes","NA NA",NA,NA,NA,NA,NA,NA,NA,NA,NA
"993",4,"Sioux Falls","Northern Sun","Bemidji State","Northern Sun","NA NA",NA,NA,NA,NA,NA,NA,NA,NA,NA
"994",4,"Washburn","Mid America","Pittsburg State","Mid America","NA NA",NA,NA,NA,NA,NA,NA,NA,NA,NA
"995",4,"Emporia State","Mid America","Missouri Western","Mid America","NA NA",NA,NA,NA,NA,NA,NA,NA,NA,NA
"996",4,"Carthage","CCIW","North Central","CCIW","NA NA",NA,NA,NA,NA,NA,NA,NA,NA,NA
"997",4,"North Park","CCIW","Millikin","CCIW","NA NA",NA,NA,NA,NA,NA,NA,NA,NA,NA
"998",4,"Tennessee Tech","Big South-OVC","Tennessee State","Big South-OVC","Tennessee State -4",NA,NA,31.5,-39,1,36.5,-34,-4,"Tennessee State"
"999",4,"Montana State","Big Sky","Mercyhurst","NEC","NA NA",NA,NA,65,-5.5,1,NA,NA,NA,NA
"1000",4,"Montana","Big Sky","Western Carolina","Southern","Montana -23",NA,NA,65.5,-5,1,43.5,-27,-23,"Montana"
"1001",4,"New Hampshire","CAA","Bryant","CAA","New Hampshire -4.5",NA,NA,40,-30.5,1,36.5,-34,-4.5,"New Hampshire"
"1002",4,"Nevada","Mountain West","Eastern Washington","Big Sky","Eastern Washington -2.9",NA,NA,60,-16.7,2.062,65,-5.5,-2.9,"Eastern Washington"
"1003",4,"Bethune-Cookman","SWAC","Clark Atlanta","SIAC","NA NA",NA,NA,30.5,-40,1,NA,NA,NA,NA
"1004",4,"Wilmington (OH)","Ohio","Muskingum","Ohio","NA NA",NA,NA,NA,NA,NA,NA,NA,NA,NA
"1005",4,"Carleton","Minnesota","Minnesota-Morris","Upper Midwest","NA NA",NA,NA,NA,NA,NA,NA,NA,NA,NA
"1006",4,"University of Mary","Northern Sun","Minnesota-Duluth","Northern Sun","NA NA",NA,NA,NA,NA,NA,NA,NA,NA,NA
"1007",4,"Pittsburgh","ACC","Youngstown State","MVFC","Pittsburgh -15.9",NA,NA,66.5,-0.8,1.948,52.5,-18,-15.9,"Pittsburgh"
"1008",4,"Navy","American Athletic","Memphis","American Athletic","Memphis -11.4",NA,NA,58.5,-13.3,2.612,72.5,6.1,-11.4,"Memphis"
"1009",4,"Michigan","Big Ten","USC","Big Ten","Michigan -9.9",NA,NA,94.5,25,2.884,87.5,13.9,-9.9,"Michigan"
"1010",4,"UT San Antonio","American Athletic","Houston Christian","Southland","NA NA",NA,NA,NA,NA,NA,NA,NA,NA,NA
"1011",4,"UMass","FBS Independents","Central Connecticut","NEC","UMass -32.6",NA,NA,51,-20.1,1.59,20,-19,-32.6,"UMass"
"1012",4,"Notre Dame","FBS Independents","Miami (OH)","Mid-American","NA NA",NA,NA,89,23.4,3.242,NA,NA,NA,NA
"1013",4,"Nicholls","Southland","Mississippi Valley State","SWAC","NA NA",NA,NA,53.5,-17,1,NA,NA,NA,NA
"1014",4,"Wagner","NEC","Robert Morris","NEC","Robert Morris -15",NA,NA,16.5,-54,1,32.5,-38,-15,"Robert Morris"
"1015",4,"Hiram","North Coast","Wittenberg","North Coast","NA NA",NA,NA,NA,NA,NA,NA,NA,NA,NA
"1016",4,"Southern Nazarene","Great American","Northwestern Oklahoma State","Great American","NA NA",NA,NA,NA,NA,NA,NA,NA,NA,NA
"1017",4,"Colorado State-Pueblo","Rocky Mountain","Colorado Mesa","Rocky Mountain","NA NA",NA,NA,NA,NA,NA,NA,NA,NA,NA
"1018",4,"Black Hills State","Rocky Mountain","Fort Lewis","Rocky Mountain","NA NA",NA,NA,NA,NA,NA,NA,NA,NA,NA
"1019",4,"Erskine","Gulf South","Valdosta State","Gulf South","NA NA",NA,NA,NA,NA,NA,NA,NA,NA,NA
"1020",4,"Lewis & Clark","Northwest","Montana-Western",NA,"NA NA",NA,NA,NA,NA,NA,NA,NA,NA,NA
"1021",4,"Whitworth","Northwest","Chapman","So. Cal.","NA NA",NA,NA,NA,NA,NA,NA,NA,NA,NA
"1022",4,"Cal Lutheran","So. Cal.","Pacific Lutheran","Northwest","NA NA",NA,NA,NA,NA,NA,NA,NA,NA,NA
"1023",4,"George Fox University","Northwest","Claremont","So. Cal.","NA NA",NA,NA,NA,NA,NA,NA,NA,NA,NA
"1024",4,"Linfield","Northwest","Redlands","So. Cal.","NA NA",NA,NA,NA,NA,NA,NA,NA,NA,NA
"1025",4,"Bowie State","CIAA","Livingstone","CIAA","NA NA",NA,NA,NA,NA,NA,NA,NA,NA,NA
"1026",4,"Miles","SIAC","Lane","SIAC","NA NA",NA,NA,NA,NA,NA,NA,NA,NA,NA
"1027",4,"Campbell","CAA","Stony Brook","CAA","Stony Brook -5.5",NA,NA,39,-31.5,1,45.5,-25,-5.5,"Stony Brook"
"1028",4,"Eastern Kentucky","UAC","Morehead State","Pioneer","NA NA",NA,NA,52,-18.5,1,NA,NA,NA,NA
"1029",4,"William & Mary","CAA","Furman","Southern","Furman -1",NA,NA,47.5,-23,1,49.5,-21,-1,"Furman"
"1030",4,"Florida International","Conference USA","Monmouth","CAA","Florida International -0.3",NA,NA,50.5,-19,1.83,52,-18.5,-0.3,"Florida International"
"1031",4,"Delaware State","MEAC","Richmond","CAA","NA NA",NA,NA,NA,NA,NA,51,-19.5,NA,NA
"1032",4,"Elon","CAA","East Tennessee State","Southern","Elon -12.5",NA,NA,48,-22.5,1,36.5,-34,-12.5,"Elon"
"1033",4,"Delaware","CAA","Pennsylvania","Ivy","NA NA",NA,NA,47,-23.5,1,NA,NA,NA,NA
"1034",4,"Bucknell","Patriot","Marist","Pioneer","NA NA",NA,NA,20,-50.5,1,NA,NA,NA,NA
"1035",4,"Idaho State","Big Sky","Southern Utah","UAC","Idaho State -6.5",NA,NA,39,-31.5,1,33.5,-37,-6.5,"Idaho State"
"1036",4,"Mercer","Southern","The Citadel","Southern","Mercer -14",NA,NA,51,-19.5,1,38,-32.5,-14,"Mercer"
"1037",4,"Fayetteville State","CIAA","Elizabeth City State","CIAA","NA NA",NA,NA,NA,NA,NA,NA,NA,NA,NA
"1038",4,"Johnson C Smith","CIAA","Virginia Union","CIAA","NA NA",NA,NA,NA,NA,NA,NA,NA,NA,NA
"1039",4,"Colorado State","Mountain West","UTEP","Conference USA","Colorado State -20",NA,NA,63,-10.6,1.984,45,-17.8,-20,"Colorado State"
"1040",4,"Methodist","USA South","Greensboro","USA South","NA NA",NA,NA,NA,NA,NA,NA,NA,NA,NA
"1041",4,"Warner",NA,"Shorter","Gulf South","NA NA",NA,NA,NA,NA,NA,NA,NA,NA,NA
"1042",4,"Wayne State (MI)","GLIAC","Indianapolis","Great Lakes","NA NA",NA,NA,NA,NA,NA,NA,NA,NA,NA
"1043",4,"Elmhurst","CCIW","Illinois Wesleyan","CCIW","NA NA",NA,NA,NA,NA,NA,NA,NA,NA,NA
"1044",4,"Wheaton College (Ill)","CCIW","Augustana (IL)","CCIW","NA NA",NA,NA,NA,NA,NA,NA,NA,NA,NA
"1045",4,"Southeastern Oklahoma","Great American","Oklahoma Baptist","Great American","NA NA",NA,NA,NA,NA,NA,NA,NA,NA,NA
"1046",4,"Ursinus","Centennial","Rowan","New Jersey","NA NA",NA,NA,NA,NA,NA,NA,NA,NA,NA
"1047",4,"Geneva College","Presidents'","Thiel College","Presidents'","NA NA",NA,NA,NA,NA,NA,NA,NA,NA,NA
"1048",4,"Carnegie Mellon","Presidents'","Bethany (WV)","Presidents'","NA NA",NA,NA,NA,NA,NA,NA,NA,NA,NA
"1049",4,"Westminster","Upper Midwest","William Woods",NA,"NA NA",NA,NA,NA,NA,NA,NA,NA,NA,NA
"1050",4,"Allegheny","Presidents'","Westminster PA","Presidents'","NA NA",NA,NA,NA,NA,NA,NA,NA,NA,NA
"1051",4,"Heidelberg","Ohio","Ohio Northern","Ohio","NA NA",NA,NA,NA,NA,NA,NA,NA,NA,NA
"1052",4,"Shenandoah","Old Dominion","Rhodes","Southern Athletic","NA NA",NA,NA,NA,NA,NA,NA,NA,NA,NA
"1053",4,"Wisconsin Lutheran","NACC","Eureka College","NACC","NA NA",NA,NA,NA,NA,NA,NA,NA,NA,NA
"1054",4,"Allen","SIAC","Point University",NA,"NA NA",NA,NA,NA,NA,NA,NA,NA,NA,NA
"1055",4,"West Florida","Gulf South","West Alabama","Gulf South","NA NA",NA,NA,NA,NA,NA,NA,NA,NA,NA
"1056",4,"Mississippi College","Gulf South","North Greenville","Gulf South","NA NA",NA,NA,NA,NA,NA,NA,NA,NA,NA
"1057",4,"Delta State","Gulf South","Fort Valley State","SIAC","NA NA",NA,NA,NA,NA,NA,NA,NA,NA,NA
"1058",4,"Bluffton","Heartland","Trine","Michigan","NA NA",NA,NA,NA,NA,NA,NA,NA,NA,NA
"1059",4,"McMurry","Southern Collegiate Athletic","Texas Lutheran","Southern Collegiate Athletic","NA NA",NA,NA,NA,NA,NA,NA,NA,NA,NA
"1060",4,"Lyon College","Southern Collegiate Athletic","Howard Payne","American Southwest","NA NA",NA,NA,NA,NA,NA,NA,NA,NA,NA
"1061",4,"Austin College","Southern Collegiate Athletic","Centenary","Southern Collegiate Athletic","NA NA",NA,NA,NA,NA,NA,NA,NA,NA,NA
"1062",4,"Grand Valley State","GLIAC","Wisconsin-La Crosse","Wisconsin","NA NA",NA,NA,NA,NA,NA,NA,NA,NA,NA
"1063",4,"Missouri S&T","Great Lakes","Quincy","Great Lakes","NA NA",NA,NA,NA,NA,NA,NA,NA,NA,NA
"1064",4,"Southern Arkansas","Great American","Ouachita Baptist","Great American","NA NA",NA,NA,NA,NA,NA,NA,NA,NA,NA
"1065",4,"East Central","Great American","Southwestern Oklahoma","Great American","NA NA",NA,NA,NA,NA,NA,NA,NA,NA,NA
"1066",4,"Henderson State","Great American","Arkansas Tech","Great American","NA NA",NA,NA,NA,NA,NA,NA,NA,NA,NA
"1067",4,"Morgan State","MEAC","Virginia Lynchburg",NA,"NA NA",NA,NA,23.5,-47,1,NA,NA,NA,NA
"1068",4,"Lamar","Southland","Texas Southern","SWAC","Lamar -3",NA,NA,30,-40.5,1,28,-42.5,-3,"Lamar"
"1069",4,"Connecticut","FBS Independents","Florida Atlantic","American Athletic","NA NA",NA,NA,NA,NA,NA,62.5,-12.2,NA,NA
"1070",4,"Troy","Sun Belt","Florida A&M","SWAC","Troy -23.7",NA,NA,68,-0.7,1.656,46,-24.5,-23.7,"Troy"
"1071",4,"Illinois State","MVFC","Eastern Illinois","Big South-OVC","Illinois State -20.5",NA,NA,50,-20.5,1,30.5,-40,-20.5,"Illinois State"
"1072",4,"North Alabama","UAC","Tarleton State","UAC","Tarleton State -1",NA,NA,41,-29.5,1,43,-27.5,-1,"Tarleton State"
"1073",4,"UT Martin","Big South-OVC","Missouri State","MVFC","Missouri State -11",NA,NA,51,-19.5,1,63,-7.5,-11,"Missouri State"
"1074",4,"Southeastern Louisiana","Southland","South Dakota State","MVFC","South Dakota State -11.5",NA,NA,57.5,-13,1,70,-0.5,-11.5,"South Dakota State"
"1075",4,"Southern Illinois","MVFC","Southeast Missouri State","Big South-OVC","Southeast Missouri State -1",NA,NA,61,-9.5,1,63,-7.5,-1,"Southeast Missouri State"
"1076",4,"Grambling","SWAC","Jackson State","SWAC","NA NA",NA,NA,NA,NA,NA,45,-25.5,NA,NA
"1077",4,"Incarnate Word","Southland","Northern Arizona","Big Sky","Incarnate Word -12.5",NA,NA,57.5,-13,1,46,-24.5,-12.5,"Incarnate Word"
"1078",4,"Prairie View","SWAC","Southern","SWAC","NA NA",NA,NA,NA,NA,NA,33.5,-37,NA,NA
"1079",4,"Texas A&M-Commerce","Southland","Sacramento State","Big Sky","NA NA",NA,NA,NA,NA,NA,60.5,-10,NA,NA
"1080",4,"Northwestern State","Southland","Weber State","Big Sky","Weber State -22.5",NA,NA,36,-34.5,1,59.5,-11,-22.5,"Weber State"
"1081",4,"Presbyterian College","Pioneer","Gardner-Webb","Big South-OVC","NA NA",NA,NA,NA,NA,NA,38,-32.5,NA,NA
"1082",4,"North Carolina Central","MEAC","North Carolina A&T","CAA","NA NA",NA,NA,NA,NA,NA,42,-28.5,NA,NA
"1083",4,"Arkansas-Pine Bluff","SWAC","Central Arkansas","UAC","Arkansas-Pine Bluff -2",NA,NA,50,-25,1,49,-21.5,-2,"Arkansas-Pine Bluff"
"1084",4,"Austin Peay","UAC","Alabama A&M","SWAC","Austin Peay -12.5",NA,NA,50,-20.5,1,38.5,-32,-12.5,"Austin Peay"
"1085",4,"Texas A&M","SEC","Bowling Green","Mid-American","Texas A&M -25",NA,NA,88,19.2,2.516,65.5,-11.2,-25,"Texas A&M"
"1086",4,"Ole Miss","SEC","Georgia Southern","Sun Belt","Ole Miss -33.8",NA,NA,91,24.7,2.424,59.6,-10.3,-33.8,"Ole Miss"
"1087",4,"McNeese","Southland","Alcorn State","SWAC","McNeese -10",NA,NA,47,-23.5,1,38,-32.5,-10,"McNeese"
"1088",4,"Stephen F. Austin","Southland","Northern Colorado","Big Sky","Stephen F. Austin -18.5",NA,NA,56,-14.5,1,38.5,-32,-18.5,"Stephen F. Austin"
"1089",4,"Abilene Christian","UAC","Idaho","Big Sky","Idaho -2",NA,NA,43,-27.5,1,46,-24.5,-2,"Idaho"
"1090",4,"Texas","SEC","Louisiana Monroe","Sun Belt","NA NA",NA,NA,97,27.7,2.978,NA,NA,NA,NA
"1091",4,"West Texas A&M","Lone Star","Central Washington","Lone Star","NA NA",NA,NA,NA,NA,NA,NA,NA,NA,NA
"1092",4,"Eastern New Mexico","Lone Star","Midwestern State","Lone Star","NA NA",NA,NA,NA,NA,NA,NA,NA,NA,NA
"1093",4,"Western State","Rocky Mountain","Adams State","Rocky Mountain","NA NA",NA,NA,NA,NA,NA,NA,NA,NA,NA
"1094",4,"Nebraska-Kearney","Mid America","Central Oklahoma","Mid America","NA NA",NA,NA,NA,NA,NA,NA,NA,NA,NA
"1095",4,"Fort Hays State","Mid America","Northeastern State","Independent DII","NA NA",NA,NA,NA,NA,NA,NA,NA,NA,NA
"1096",4,"Crown College","Upper Midwest","St. Scholastica","Minnesota","NA NA",NA,NA,NA,NA,NA,NA,NA,NA,NA
"1097",4,"Oregon State","Pac-12","Purdue","Big Ten","Oregon State -7",NA,NA,73,3.2,3.542,69.5,-1.4,-7,"Oregon State"
"1098",4,"New Mexico","Mountain West","Fresno State","Mountain West","Fresno State -20.6",NA,NA,54.5,-20.6,0.856,76,-0.1,-20.6,"Fresno State"
"1099",4,"Boise State","Mountain West","Portland State","Big Sky","Boise State -31.3",NA,NA,78,7.9,2.786,49.5,-21,-31.3,"Boise State"
"1100",4,"UC Davis","Big Sky","Utah Tech","UAC","NA NA",NA,NA,54,-16.5,1,NA,NA,NA,NA
"1101",4,"La Verne","So. Cal.","Puget Sound","Northwest","NA NA",NA,NA,NA,NA,NA,NA,NA,NA,NA
"1102",4,"Hawai'i","Mountain West","Northern Iowa","MVFC","Northern Iowa -2.4",NA,NA,59.5,-12.6,2.098,64,-6.5,-2.4,"Northern Iowa"
"1103",5,"Temple","American Athletic","Army","American Athletic","Army -11.1",NA,NA,44.5,-21.9,2.856,58.5,-11.1,-11.1,"Army"
"1104",5,"Miami","ACC","Virginia Tech","ACC","Miami -10.2",NA,NA,86.5,15.5,1.734,78,9.4,-10.2,"Miami"
"1105",5,"Rutgers","Big Ten","Washington","Big Ten","Washington -7.9",NA,NA,77,3.5,2.144,87,10.3,-7.9,"Washington"
"1106",5,"NC State","ACC","Northern Illinois","Mid-American","NC State -19.1",NA,NA,76,12.1,3.106,60,-10.6,-19.1,"NC State"
"1107",5,"Florida International","Conference USA","Louisiana Tech","Conference USA","Florida International -5.8",NA,NA,50.5,-19,1.83,46.5,-16.7,-5.8,"Florida International"
"1108",5,"Appalachian State","Sun Belt","Liberty","Conference USA","Appalachian State -5.3",NA,NA,79,0.5,1.806,75.5,3.9,-5.3,"Appalachian State"
"1109",5,"Memphis","American Athletic","Middle Tennessee","Conference USA","Memphis -22",NA,NA,72.5,6.1,2.464,53,-13.4,-22,"Memphis"
"1110",5,"New Mexico State","Conference USA","New Mexico","Mountain West","New Mexico State -1.5",NA,NA,53,-15.5,2.962,54.5,-20.6,-1.5,"New Mexico State"
"1111",5,"Central Michigan","Mid-American","San Diego State","Mountain West","Central Michigan -1.2",NA,NA,56,-15.9,1.658,56.5,-8.9,-1.2,"Central Michigan"
"1112",5,"Georgia State","Sun Belt","Georgia Southern","Sun Belt","Georgia State -1.6",NA,NA,59.5,-11.3,1.668,59.6,-10.3,-1.6,"Georgia State"
"1113",5,"James Madison","Sun Belt","Ball State","Mid-American","James Madison -18.7",NA,NA,69.5,0.7,2.7,53.5,-16.9,-18.7,"James Madison"
"1114",5,"Ohio Dominican","Great Midwest Athletic","Kentucky Wesleyan","Great Midwest Athletic","NA NA",NA,NA,NA,NA,NA,NA,NA,NA,NA
"1115",5,"Denison","North Coast","Hiram","North Coast","NA NA",NA,NA,NA,NA,NA,NA,NA,NA,NA
"1116",5,"Hendrix College","Southern Athletic","Huntingdon","USA South","NA NA",NA,NA,NA,NA,NA,NA,NA,NA,NA
"1117",5,"Texas A&M","SEC","Arkansas","SEC","Texas A&M -15",NA,NA,88,19.2,2.516,75.5,6.1,-15,"Texas A&M"
"1118",5,"Auburn","SEC","Oklahoma","SEC","Oklahoma -3.4",NA,NA,83.5,13.1,2.62,89.5,19.8,-3.4,"Oklahoma"
"1119",5,"USC","Big Ten","Wisconsin","Big Ten","USC -12.4",NA,NA,87.5,13.9,2.358,77.5,12.9,-12.4,"USC"
"1120",5,"Miami (OH)","Mid-American","UMass","FBS Independents","NA NA",NA,NA,NA,NA,NA,51,-20.1,NA,NA
"1121",5,"Boston College","ACC","Western Kentucky","Conference USA","Boston College -6.9",NA,NA,69,-2.4,1.852,64,-1.6,-6.9,"Boston College"
"1122",5,"Clemson","ACC","Stanford","ACC","Clemson -24",NA,NA,88.5,18.8,2.464,67,-3.5,-24,"Clemson"
"1123",5,"Duke","ACC","North Carolina","ACC","North Carolina -7.8",NA,NA,67,3.1,3.184,78,7.9,-7.8,"North Carolina"
"1124",5,"SMU","ACC","Florida State","ACC","Florida State -0.1",NA,NA,81.5,12.7,3.37,85,19.9,-0.1,"Florida State"
"1125",5,"Central Missouri State","Mid America","Nebraska-Kearney","Mid America","NA NA",NA,NA,NA,NA,NA,NA,NA,NA,NA
"1126",5,"Northeastern State","Independent DII","Missouri Southern State","Mid America","NA NA",NA,NA,NA,NA,NA,NA,NA,NA,NA
"1127",5,"Glenville State","Mountain East","UNC Pembroke","Mountain East","NA NA",NA,NA,NA,NA,NA,NA,NA,NA,NA
"1128",5,"Alma College","Michigan","Hope","Michigan","NA NA",NA,NA,NA,NA,NA,NA,NA,NA,NA
"1129",5,"Utah","Big 12","Arizona","Big 12","Utah -10.3",NA,NA,88,15.8,3.3,81,12.4,-10.3,"Utah"
"1130",5,"West Virginia State","Mountain East","WV Wesleyan","Mountain East","NA NA",NA,NA,NA,NA,NA,NA,NA,NA,NA
"1131",5,"Tulane","American Athletic","South Florida","American Athletic","Tulane -11.1",NA,NA,73,-0.8,3.148,65,-5.6,-11.1,"Tulane"
"1132",5,"North Texas","American Athletic","Tulsa","American Athletic","North Texas -7.9",NA,NA,57.5,-11.3,2.858,52.5,-13.2,-7.9,"North Texas"
"1133",5,"Mississippi Valley State","SWAC","Alcorn State","SWAC","NA NA",NA,NA,NA,NA,NA,38,-32.5,NA,NA
"1134",5,"East Carolina","American Athletic","UT San Antonio","American Athletic","NA NA",NA,NA,60.5,-9.5,0,NA,NA,NA,NA
"1135",5,"Rice","American Athletic","Charlotte","American Athletic","Rice -10.4",NA,NA,68,-9,2.946,60.5,-18.1,-10.4,"Rice"
"1136",5,"UAB","American Athletic","Navy","American Athletic","UAB -8.3",NA,NA,63,-10.6,3.838,58.5,-13.3,-8.3,"UAB"
"1137",5,"Kent State","Mid-American","Eastern Michigan","Mid-American","Eastern Michigan -2.4",NA,NA,44.5,-20.9,2.114,49,-15.9,-2.4,"Eastern Michigan"
"1138",5,"Ohio","Mid-American","Akron","Mid-American","Ohio -10.9",NA,NA,56.5,-12,2.9,48.5,-22.2,-10.9,"Ohio"
"1139",5,"Troy","Sun Belt","Louisiana Monroe","Sun Belt","NA NA",NA,NA,68,-0.7,1.656,NA,NA,NA,NA
"1140",5,"Bowling Green","Mid-American","Old Dominion","Sun Belt","Bowling Green -4.5",NA,NA,65.5,-11.2,1.458,62.5,-13.1,-4.5,"Bowling Green"
"1141",5,"Marshall","Sun Belt","Western Michigan","Mid-American","Marshall -2.8",NA,NA,61.5,-9.9,1.262,60,-12.9,-2.8,"Marshall"
"1142",5,"Drake","Pioneer","San Diego","Pioneer","NA NA",NA,NA,NA,NA,NA,NA,NA,NA,NA
"1143",5,"Boise State","Mountain West","Washington State","Pac-12","Boise State -10.3",NA,NA,78,7.9,2.786,70.5,0.6,-10.3,"Boise State"
"1144",5,"Sam Houston State","Conference USA","Texas State","Sun Belt","NA NA",NA,NA,NA,NA,NA,72.5,-6.5,NA,NA
"1145",5,"Kalamazoo","Michigan","Calvin University","Michigan","NA NA",NA,NA,NA,NA,NA,NA,NA,NA,NA
"1146",5,"Franklin Pierce","Northeast 10","Pace","Northeast 10","NA NA",NA,NA,NA,NA,NA,NA,NA,NA,NA
"1147",5,"Texas","SEC","Mississippi State","SEC","Texas -23",NA,NA,97,27.7,2.978,77,1.1,-23,"Texas"
"1148",5,"Penn State","Big Ten","Illinois","Big Ten","Penn State -28.4",NA,NA,96.5,26.1,3.408,71.5,0.1,-28.4,"Penn State"
"1149",5,"Indiana","Big Ten","Maryland","Big Ten","Indiana -4.4",NA,NA,76.5,-4.5,1.9,74,5.2,-4.4,"Indiana"
"1150",5,"Michigan","Big Ten","Minnesota","Big Ten","Michigan -25.9",NA,NA,94.5,25,2.884,71.5,4.2,-25.9,"Michigan"
"1151",5,"Michigan State","Big Ten","Ohio State","Big Ten","Ohio State -29.5",NA,NA,67.5,-2.4,2.004,99,30.8,-29.5,"Ohio State"
"1152",5,"UCLA","Big Ten","Oregon","Big Ten","Oregon -20.8",NA,NA,75,8.8,1.732,97.5,29,-20.8,"Oregon"
"1153",5,"Wake Forest","ACC","Louisiana","Sun Belt","Louisiana -2.5",NA,NA,64,-2.6,3.008,69.5,-2.4,-2.5,"Louisiana"
"1154",5,"Baylor","Big 12","BYU","Big 12","Baylor -1.5",NA,NA,70.5,2.2,2.464,71.5,-1.5,-1.5,"Baylor"
"1155",5,"Houston","Big 12","Iowa State","Big 12","Iowa State -11.8",NA,NA,77.5,-3.3,1.67,91,11.5,-11.8,"Iowa State"
"1156",5,"Kansas","Big 12","TCU","Big 12","Kansas -16.4",NA,NA,85,9.7,2.394,71,8.7,-16.4,"Kansas"
"1157",5,"Kansas State","Big 12","Oklahoma State","Big 12","Kansas State -5.8",NA,NA,88,16.4,3.824,86,14,-5.8,"Kansas State"
"1158",5,"Texas Tech","Big 12","Cincinnati","Big 12","Texas Tech -3.2",NA,NA,72,7.4,3.244,72,-0.1,-3.2,"Texas Tech"
"1159",5,"UCF","Big 12","Colorado","Big 12","UCF -6.7",NA,NA,79,5.9,2.692,75,0.3,-6.7,"UCF"
"1160",5,"Connecticut","FBS Independents","Buffalo","Mid-American","NA NA",NA,NA,NA,NA,NA,48,-17,NA,NA
"1161",5,"Limestone","South Atlantic","Emory & Henry","South Atlantic","NA NA",NA,NA,NA,NA,NA,NA,NA,NA,NA
"1162",5,"Morrisville State","Empire 8","Moravian","Landmark Conference","NA NA",NA,NA,NA,NA,NA,NA,NA,NA,NA
"1163",5,"FDU-Florham","Mid Atlantic","Lebanon Valley","Mid Atlantic","NA NA",NA,NA,NA,NA,NA,NA,NA,NA,NA
"1164",5,"California (PA)","Pennsylvania State Athletic","Gannon","Pennsylvania State Athletic","NA NA",NA,NA,NA,NA,NA,NA,NA,NA,NA
"1165",5,"American International","Northeast 10","Ferris State","GLIAC","NA NA",NA,NA,NA,NA,NA,NA,NA,NA,NA
"1166",5,"Curry","Commonwealth Coast","Ithaca","Liberty League","NA NA",NA,NA,NA,NA,NA,NA,NA,NA,NA
"1167",5,"Lycoming","Landmark Conference","Hilbert College","Empire 8","NA NA",NA,NA,NA,NA,NA,NA,NA,NA,NA
"1168",5,"Wilkes","Landmark Conference","St. John Fisher","Empire 8","NA NA",NA,NA,NA,NA,NA,NA,NA,NA,NA
"1169",5,"Keystone","Landmark Conference","Hobart","Liberty League","NA NA",NA,NA,NA,NA,NA,NA,NA,NA,NA
"1170",5,"Endicott College","Commonwealth Coast","Rensselaer","Liberty League","NA NA",NA,NA,NA,NA,NA,NA,NA,NA,NA
"1171",5,"Albright","Mid Atlantic","Eastern University","Mid Atlantic","NA NA",NA,NA,NA,NA,NA,NA,NA,NA,NA
"1172",5,"UMass Dartmouth","MSCAC","Castleton State College","MSCAC","NA NA",NA,NA,NA,NA,NA,NA,NA,NA,NA
"1173",5,"Bridgewater State","MSCAC","Framingham State","MSCAC","NA NA",NA,NA,NA,NA,NA,NA,NA,NA,NA
"1174",5,"Greensboro","USA South","Southern Virginia","USA South","NA NA",NA,NA,NA,NA,NA,NA,NA,NA,NA
"1175",5,"Belhaven College","USA South","NC Wesleyan","USA South","NA NA",NA,NA,NA,NA,NA,NA,NA,NA,NA
"1176",5,"DePauw","North Coast","Oberlin","North Coast","NA NA",NA,NA,NA,NA,NA,NA,NA,NA,NA
"1177",5,"SUNY Maritime","NEWMAC","Merchant Marine","NEWMAC","NA NA",NA,NA,NA,NA,NA,NA,NA,NA,NA
"1178",5,"Worcester Polytechnic","NEWMAC","Norwich","NEWMAC","NA NA",NA,NA,NA,NA,NA,NA,NA,NA,NA
"1179",5,"Dean College","ECFC","Nichols","Commonwealth Coast","NA NA",NA,NA,NA,NA,NA,NA,NA,NA,NA
"1180",5,"Mount St. Joseph","Heartland","UW-River Falls","Wisconsin","NA NA",NA,NA,NA,NA,NA,NA,NA,NA,NA
"1181",5,"Salve Regina","NEWMAC","MIT","NEWMAC","NA NA",NA,NA,NA,NA,NA,NA,NA,NA,NA
"1182",5,"Lehigh","Patriot","Bucknell","Patriot","NA NA",NA,NA,NA,NA,NA,20,-50.5,NA,NA
"1183",5,"Brown","Ivy","Harvard","Ivy","NA NA",NA,NA,NA,NA,NA,NA,NA,NA,NA
"1184",5,"Marist","Pioneer","Dayton","Pioneer","NA NA",NA,NA,NA,NA,NA,NA,NA,NA,NA
"1185",5,"Syracuse","ACC","Holy Cross","Patriot","Syracuse -21.4",NA,NA,70,-1,2.892,51.5,-19,-21.4,"Syracuse"
"1186",5,"Purdue","Big Ten","Nebraska","Big Ten","Purdue -0.3",NA,NA,69.5,-1.4,1.26,70.5,7.4,-0.3,"Purdue"
"1187",5,"Ole Miss","SEC","Kentucky","SEC","Ole Miss -15.4",NA,NA,91,24.7,2.424,78,13.8,-15.4,"Ole Miss"
"1188",5,"Campbellsville University",NA,"Roosevelt","GLIAC","NA NA",NA,NA,NA,NA,NA,NA,NA,NA,NA
"1189",5,"Georgetown","Patriot","Columbia","Ivy","NA NA",NA,NA,NA,NA,NA,NA,NA,NA,NA
"1190",5,"Minnesota St-Moorhead","Northern Sun","Augustana (SD)","Northern Sun","NA NA",NA,NA,NA,NA,NA,NA,NA,NA,NA
"1191",5,"Wittenberg","North Coast","Howard Payne","American Southwest","NA NA",NA,NA,NA,NA,NA,NA,NA,NA,NA
"1192",5,"Anna Maria College","ECFC","Husson","Commonwealth Coast","NA NA",NA,NA,NA,NA,NA,NA,NA,NA,NA
"1193",5,"North Central","CCIW","Washington (MO)","CCIW","NA NA",NA,NA,NA,NA,NA,NA,NA,NA,NA
"1194",5,"Sewanee Univ. of the South","Southern Athletic","Millsaps","Southern Athletic","NA NA",NA,NA,NA,NA,NA,NA,NA,NA,NA
"1195",5,"St. Vincent","Presidents'","Waynesburg","Presidents'","NA NA",NA,NA,NA,NA,NA,NA,NA,NA,NA
"1196",5,"St. Anselm","Northeast 10","Southern Connecticut State","Northeast 10","NA NA",NA,NA,NA,NA,NA,NA,NA,NA,NA
"1197",5,"Shippensburg","Pennsylvania State Athletic","Shepherd","Pennsylvania State Athletic","NA NA",NA,NA,NA,NA,NA,NA,NA,NA,NA
"1198",5,"Coast Guard","NEWMAC","Springfield","NEWMAC","NA NA",NA,NA,NA,NA,NA,NA,NA,NA,NA
"1199",5,"Tufts","NESCAC","Amherst College","NESCAC","NA NA",NA,NA,NA,NA,NA,NA,NA,NA,NA
"1200",5,"Bowdoin","NESCAC","Hamilton","NESCAC","NA NA",NA,NA,NA,NA,NA,NA,NA,NA,NA
"1201",5,"Wesleyan","NESCAC","Bates College","NESCAC","NA NA",NA,NA,NA,NA,NA,NA,NA,NA,NA
"1202",5,"Lock Haven","Pennsylvania State Athletic","Millersville","Pennsylvania State Athletic","NA NA",NA,NA,NA,NA,NA,NA,NA,NA,NA
"1203",5,"Maryville TN","USA South","Brevard College","USA South","NA NA",NA,NA,NA,NA,NA,NA,NA,NA,NA
"1204",5,"LaGrange College","USA South","Methodist","USA South","NA NA",NA,NA,NA,NA,NA,NA,NA,NA,NA
"1205",5,"Luther","American Rivers","Anderson (IN)","Heartland","NA NA",NA,NA,NA,NA,NA,NA,NA,NA,NA
"1206",5,"Morehead State","Pioneer","Valparaiso","Pioneer","NA NA",NA,NA,NA,NA,NA,NA,NA,NA,NA
"1207",5,"Wheeling Jesuit","Mountain East","Fairmont State","Mountain East","NA NA",NA,NA,NA,NA,NA,NA,NA,NA,NA
"1208",5,"Western New England","Commonwealth Coast","Susquehanna","Landmark Conference","NA NA",NA,NA,NA,NA,NA,NA,NA,NA,NA
"1209",5,"Rochester","Liberty League","University of New England","Commonwealth Coast","NA NA",NA,NA,NA,NA,NA,NA,NA,NA,NA
"1210",5,"Lenoir-Rhyne","South Atlantic","Tusculum","South Atlantic","NA NA",NA,NA,NA,NA,NA,NA,NA,NA,NA
"1211",5,"Defiance","Heartland","Siena Heights",NA,"NA NA",NA,NA,NA,NA,NA,NA,NA,NA,NA
"1212",5,"Middlebury","NESCAC","Colby","NESCAC","NA NA",NA,NA,NA,NA,NA,NA,NA,NA,NA
"1213",5,"King's College (PA)","Mid Atlantic","Widener","Mid Atlantic","NA NA",NA,NA,NA,NA,NA,NA,NA,NA,NA
"1214",5,"Alfred","Empire 8","Catholic University","Landmark Conference","NA NA",NA,NA,NA,NA,NA,NA,NA,NA,NA
"1215",5,"Juniata","Landmark Conference","Shenandoah","Old Dominion","NA NA",NA,NA,NA,NA,NA,NA,NA,NA,NA
"1216",5,"Stevenson","Mid Atlantic","Alvernia University","Mid Atlantic","NA NA",NA,NA,NA,NA,NA,NA,NA,NA,NA
"1217",5,"Mass Maritime","MSCAC","Plymouth State","MSCAC","NA NA",NA,NA,NA,NA,NA,NA,NA,NA,NA
"1218",5,"Trine","Michigan","Albion","Michigan","NA NA",NA,NA,NA,NA,NA,NA,NA,NA,NA
"1219",5,"Kenyon","North Coast","Wooster","North Coast","NA NA",NA,NA,NA,NA,NA,NA,NA,NA,NA
"1220",5,"Delaware Valley","Mid Atlantic","Misericordia","Mid Atlantic","NA NA",NA,NA,NA,NA,NA,NA,NA,NA,NA
"1221",5,"Winston-Salem","CIAA","Bowie State","CIAA","NA NA",NA,NA,NA,NA,NA,NA,NA,NA,NA
"1222",5,"Virginia Union","CIAA","Shaw","CIAA","NA NA",NA,NA,NA,NA,NA,NA,NA,NA,NA
"1223",5,"Ashland","Great Midwest Athletic","Tiffin","Great Midwest Athletic","NA NA",NA,NA,NA,NA,NA,NA,NA,NA,NA
"1224",5,"Chowan","Gulf South","Mississippi College","Gulf South","NA NA",NA,NA,NA,NA,NA,NA,NA,NA,NA
"1225",5,"Monmouth","CAA","Fordham","Patriot","Monmouth -13",NA,NA,52,-18.5,1,40,-30.5,-13,"Monmouth"
"1226",5,"Concordia-St. Paul","Northern Sun","Minnesota State","Northern Sun","NA NA",NA,NA,NA,NA,NA,NA,NA,NA,NA
"1227",5,"Concord","Mountain East","Charleston (WV)","Mountain East","NA NA",NA,NA,NA,NA,NA,NA,NA,NA,NA
"1228",5,"Morehouse","SIAC","Benedict College","SIAC","NA NA",NA,NA,NA,NA,NA,NA,NA,NA,NA
"1229",5,"Pennsylvania","Ivy","Colgate","Patriot","NA NA",NA,NA,NA,NA,NA,33.5,-37,NA,NA
"1230",5,"Merrimack","FCS Independents","Dartmouth","Ivy","NA NA",NA,NA,NA,NA,NA,NA,NA,NA,NA
"1231",5,"Indiana State","MVFC","Houston Christian","Southland","NA NA",NA,NA,47,-23.5,1,NA,NA,NA,NA
"1232",5,"Mercyhurst","NEC","Frostburg State","Mountain East","NA NA",NA,NA,NA,NA,NA,NA,NA,NA,NA
"1233",5,"Butler","Pioneer","Virginia Lynchburg",NA,"NA NA",NA,NA,NA,NA,NA,NA,NA,NA,NA
"1234",5,"Minnesota-Duluth","Northern Sun","Southwest Minnesota State","Northern Sun","NA NA",NA,NA,NA,NA,NA,NA,NA,NA,NA
"1235",5,"John Carroll","Ohio","Heidelberg","Ohio","NA NA",NA,NA,NA,NA,NA,NA,NA,NA,NA
"1236",5,"Ohio Northern","Ohio","Wilmington (OH)","Ohio","NA NA",NA,NA,NA,NA,NA,NA,NA,NA,NA
"1237",5,"Marietta","Ohio","Capital","Ohio","NA NA",NA,NA,NA,NA,NA,NA,NA,NA,NA
"1238",5,"Franklin","Heartland","Ohio Wesleyan","North Coast","NA NA",NA,NA,NA,NA,NA,NA,NA,NA,NA
"1239",5,"Trinity (CT)","NESCAC","Williams","NESCAC","NA NA",NA,NA,NA,NA,NA,NA,NA,NA,NA
"1240",5,"Wofford","Southern","Mercer","Southern","Mercer -12.5",NA,NA,37.5,-33,1,51,-19.5,-12.5,"Mercer"
"1241",5,"Findlay","Great Midwest Athletic","Hillsdale","Great Midwest Athletic","NA NA",NA,NA,NA,NA,NA,NA,NA,NA,NA
"1242",5,"Elon","CAA","Richmond","CAA","Richmond -2",NA,NA,48,-22.5,1,51,-19.5,-2,"Richmond"
"1243",5,"Campbell","CAA","Delaware State","MEAC","NA NA",NA,NA,39,-31.5,1,NA,NA,NA,NA
"1244",5,"West Georgia","UAC","North Alabama","UAC","NA NA",NA,NA,NA,NA,NA,41,-29.5,NA,NA
"1245",5,"Austin Peay","UAC","Southern Utah","UAC","Austin Peay -17.5",NA,NA,50,-20.5,1,33.5,-37,-17.5,"Austin Peay"
"1246",5,"Eastern Kentucky","UAC","Robert Morris","NEC","Eastern Kentucky -20.5",NA,NA,52,-18.5,1,32.5,-38,-20.5,"Eastern Kentucky"
"1247",5,"The Citadel","Southern","East Tennessee State","Southern","The Citadel -2.5",NA,NA,38,-32.5,1,36.5,-34,-2.5,"The Citadel"
"1248",5,"North Dakota","MVFC","Murray State","MVFC","North Dakota -18",NA,NA,59,-11.5,1,42,-28.5,-18,"North Dakota"
"1249",5,"South Dakota","MVFC","Southern Illinois","MVFC","Southern Illinois -0.5",NA,NA,59.5,-11,1,61,-9.5,-0.5,"Southern Illinois"
"1250",5,"Furman","Southern","Samford","Southern","Furman -3.5",NA,NA,49.5,-21,1,47,-23.5,-3.5,"Furman"
"1251",5,"Cornell","Ivy","Yale","Ivy","NA NA",NA,NA,NA,NA,NA,49.5,-21,NA,NA
"1252",5,"New Mexico Highlands","Rocky Mountain","Western State","Rocky Mountain","NA NA",NA,NA,NA,NA,NA,NA,NA,NA,NA
"1253",5,"Millikin","CCIW","Augustana (IL)","CCIW","NA NA",NA,NA,NA,NA,NA,NA,NA,NA,NA
"1254",5,"Carroll (WI)","CCIW","Wheaton College (Ill)","CCIW","NA NA",NA,NA,NA,NA,NA,NA,NA,NA,NA
"1255",5,"Illinois Wesleyan","CCIW","Carthage","CCIW","NA NA",NA,NA,NA,NA,NA,NA,NA,NA,NA
"1256",5,"Elmhurst","CCIW","North Park","CCIW","NA NA",NA,NA,NA,NA,NA,NA,NA,NA,NA
"1257",5,"Bloomsburg","Pennsylvania State Athletic","West Chester","Pennsylvania State Athletic","NA NA",NA,NA,NA,NA,NA,NA,NA,NA,NA
"1258",5,"Southwest Baptist","Great Lakes","Lincoln (MO)","Great Lakes","NA NA",NA,NA,NA,NA,NA,NA,NA,NA,NA
"1259",5,"Truman State","Great Lakes","Wayne State (MI)","GLIAC","NA NA",NA,NA,NA,NA,NA,NA,NA,NA,NA
"1260",5,"Quincy","Great Lakes","Upper Iowa","Great Lakes","NA NA",NA,NA,NA,NA,NA,NA,NA,NA,NA
"1261",5,"William Jewell College","Great Lakes","Davenport","GLIAC","NA NA",NA,NA,NA,NA,NA,NA,NA,NA,NA
"1262",5,"Buena Vista","American Rivers","Central","American Rivers","NA NA",NA,NA,NA,NA,NA,NA,NA,NA,NA
"1263",5,"Coe","American Rivers","Dubuque","American Rivers","NA NA",NA,NA,NA,NA,NA,NA,NA,NA,NA
"1264",5,"Simpson College","American Rivers","Loras College","American Rivers","NA NA",NA,NA,NA,NA,NA,NA,NA,NA,NA
"1265",5,"Wartburg","American Rivers","Nebraska Wesleyan University","American Rivers","NA NA",NA,NA,NA,NA,NA,NA,NA,NA,NA
"1266",5,"Austin College","Southern Collegiate Athletic","McMurry","Southern Collegiate Athletic","NA NA",NA,NA,NA,NA,NA,NA,NA,NA,NA
"1267",5,"Hardin-Simmons","American Southwest","North American University",NA,"NA NA",NA,NA,NA,NA,NA,NA,NA,NA,NA
"1268",5,"Augsburg","Minnesota","Gustavus Adolphus","Minnesota","NA NA",NA,NA,NA,NA,NA,NA,NA,NA,NA
"1269",5,"Bethel (MN)","Minnesota","St. Johns (MN)","Minnesota","NA NA",NA,NA,NA,NA,NA,NA,NA,NA,NA
"1270",5,"Hamline","Minnesota","Carleton","Minnesota","NA NA",NA,NA,NA,NA,NA,NA,NA,NA,NA
"1271",5,"Concordia (MN)","Minnesota","St. Scholastica","Minnesota","NA NA",NA,NA,NA,NA,NA,NA,NA,NA,NA
"1272",5,"Rockford","NACC","St. Norbert","NACC","NA NA",NA,NA,NA,NA,NA,NA,NA,NA,NA
"1273",5,"Virginia State","CIAA","Fayetteville State","CIAA","NA NA",NA,NA,NA,NA,NA,NA,NA,NA,NA
"1274",5,"Albany State (GA)","SIAC","Kentucky State","SIAC","NA NA",NA,NA,NA,NA,NA,NA,NA,NA,NA
"1275",5,"Barton College","South Atlantic","Anderson (SC)","South Atlantic","NA NA",NA,NA,NA,NA,NA,NA,NA,NA,NA
"1276",5,"Aurora","NACC","Concordia (IL)","NACC","NA NA",NA,NA,NA,NA,NA,NA,NA,NA,NA
"1277",5,"Benedictine (IL)","NACC","Concordia (WI)","NACC","NA NA",NA,NA,NA,NA,NA,NA,NA,NA,NA
"1278",5,"Baldwin-Wallace","Ohio","Mount Union","Ohio","NA NA",NA,NA,NA,NA,NA,NA,NA,NA,NA
"1279",5,"Washington & Jefferson","Presidents'","Carnegie Mellon","Presidents'","NA NA",NA,NA,NA,NA,NA,NA,NA,NA,NA
"1280",5,"Bentley","Northeast 10","New Haven","Northeast 10","NA NA",NA,NA,NA,NA,NA,NA,NA,NA,NA
"1281",5,"Northwest Missouri State","Mid America","Emporia State","Mid America","NA NA",NA,NA,NA,NA,NA,NA,NA,NA,NA
"1282",5,"Worcester State College","MSCAC","Westfield State","MSCAC","NA NA",NA,NA,NA,NA,NA,NA,NA,NA,NA
"1283",5,"Adrian","Michigan","Olivet College","Michigan","NA NA",NA,NA,NA,NA,NA,NA,NA,NA,NA
"1284",5,"Grand Valley State","GLIAC","West Florida","Gulf South","NA NA",NA,NA,NA,NA,NA,NA,NA,NA,NA
"1285",5,"Bemidji State","Northern Sun","University of Mary","Northern Sun","NA NA",NA,NA,NA,NA,NA,NA,NA,NA,NA
"1286",5,"Minot State","Northern Sun","Sioux Falls","Northern Sun","NA NA",NA,NA,NA,NA,NA,NA,NA,NA,NA
"1287",5,"Geneva College","Presidents'","Case Western Reserve","Presidents'","NA NA",NA,NA,NA,NA,NA,NA,NA,NA,NA
"1288",5,"Missouri Western","Mid America","Washburn","Mid America","NA NA",NA,NA,NA,NA,NA,NA,NA,NA,NA
"1289",5,"Colorado Mesa","Rocky Mountain","Chadron State","Rocky Mountain","NA NA",NA,NA,NA,NA,NA,NA,NA,NA,NA
"1290",5,"Colorado Mines","Rocky Mountain","Black Hills State","Rocky Mountain","NA NA",NA,NA,NA,NA,NA,NA,NA,NA,NA
"1291",5,"Adams State","Rocky Mountain","Colorado State-Pueblo","Rocky Mountain","NA NA",NA,NA,NA,NA,NA,NA,NA,NA,NA
"1292",5,"Norfolk State","MEAC","North Carolina Central","MEAC","NA NA",NA,NA,36,-34.5,1,NA,NA,NA,NA
"1293",5,"Princeton","Ivy","Howard","MEAC","NA NA",NA,NA,NA,NA,NA,25.5,-45,NA,NA
"1294",5,"Bethune-Cookman","SWAC","Alabama State","SWAC","Bethune-Cookman -1.5",NA,NA,30.5,-40,1,30,-40.5,-1.5,"Bethune-Cookman"
"1295",5,"Missouri State","MVFC","Youngstown State","MVFC","Missouri State -11.5",NA,NA,63,-7.5,1,52.5,-18,-11.5,"Missouri State"
"1296",5,"Illinois State","MVFC","North Dakota State","MVFC","North Dakota State -25",NA,NA,50,-20.5,1,76,5.5,-25,"North Dakota State"
"1297",5,"Northern Colorado","Big Sky","Cal Poly","Big Sky","Northern Colorado -5",NA,NA,38.5,-32,1,34.5,-36,-5,"Northern Colorado"
"1298",5,"Thiel College","Presidents'","Westminster PA","Presidents'","NA NA",NA,NA,NA,NA,NA,NA,NA,NA,NA
"1299",5,"Eastern Illinois","Big South-OVC","Lindenwood","Big South-OVC","NA NA",NA,NA,30.5,-40,1,NA,NA,NA,NA
"1300",5,"Lane","SIAC","Clark Atlanta","SIAC","NA NA",NA,NA,NA,NA,NA,NA,NA,NA,NA
"1301",5,"Notre Dame","FBS Independents","Louisville","ACC","Notre Dame -7.2",NA,NA,89,23.4,3.242,85,11.3,-7.2,"Notre Dame"
"1302",5,"Albany","CAA","Maine","CAA","Maine -4.5",NA,NA,40,-30.5,1,45.5,-25,-4.5,"Maine"
"1303",5,"Delaware","CAA","Sacred Heart","FCS Independents","NA NA",NA,NA,47,-23.5,1,NA,NA,NA,NA
"1304",5,"Stony Brook","CAA","Morgan State","MEAC","Stony Brook -23",NA,NA,45.5,-25,1,23.5,-47,-23,"Stony Brook"
"1305",5,"UNLV","Mountain West","Fresno State","Mountain West","Fresno State -3.4",NA,NA,70.5,-5.2,2.106,76,-0.1,-3.4,"Fresno State"
"1306",5,"Northern Arizona","Big Sky","Sacramento State","Big Sky","Sacramento State -13.5",NA,NA,46,-24.5,1,60.5,-10,-13.5,"Sacramento State"
"1307",5,"Gardner-Webb","Big South-OVC","Tennessee Tech","Big South-OVC","Gardner-Webb -7.5",NA,NA,38,-32.5,1,31.5,-39,-7.5,"Gardner-Webb"
"1308",5,"Erskine","Gulf South","Delta State","Gulf South","NA NA",NA,NA,NA,NA,NA,NA,NA,NA,NA
"1309",5,"Fort Lewis","Rocky Mountain","South Dakota Mines","Rocky Mountain","NA NA",NA,NA,NA,NA,NA,NA,NA,NA,NA
"1310",5,"Indiana (PA)","Pennsylvania State Athletic","Clarion","Pennsylvania State Athletic","NA NA",NA,NA,NA,NA,NA,NA,NA,NA,NA
"1311",5,"La Verne","So. Cal.","Pomona-Pitzer","So. Cal.","NA NA",NA,NA,NA,NA,NA,NA,NA,NA,NA
"1312",5,"Willamette","Northwest","Simpson University (Ca)",NA,"NA NA",NA,NA,NA,NA,NA,NA,NA,NA,NA
"1313",5,"Southeast Missouri State","Big South-OVC","Northwestern State","Southland","NA NA",NA,NA,63,-7.5,NA,36,-34.5,NA,NA
"1314",5,"Western Oregon","Lone Star","West Texas A&M","Lone Star","NA NA",NA,NA,NA,NA,NA,NA,NA,NA,NA
"1315",5,"Western Connecticut State","MSCAC","Fitchburg State","MSCAC","NA NA",NA,NA,NA,NA,NA,NA,NA,NA,NA
"1316",5,"Montclair State","New Jersey","Union","Liberty League","NA NA",NA,NA,NA,NA,NA,NA,NA,NA,NA
"1317",5,"Buffalo State","Liberty League","Alfred State College","ECFC","NA NA",NA,NA,NA,NA,NA,NA,NA,NA,NA
"1318",5,"Idaho State","Big Sky","Montana State","Big Sky","Montana State -25",NA,NA,39,-31.5,1,65,-5.5,-25,"Montana State"
"1319",5,"Chattanooga","Southern","Portland State","Big Sky","Chattanooga -6.5",NA,NA,55,-15.5,1,49.5,-21,-6.5,"Chattanooga"
"1320",5,"Villanova","CAA","Long Island University","NEC","NA NA",NA,NA,59.5,-11,1,NA,NA,NA,NA
"1321",5,"South Carolina State","MEAC","North Carolina A&T","CAA","NA NA",NA,NA,NA,NA,NA,42,-28.5,NA,NA
"1322",5,"William & Mary","CAA","Hampton","CAA","William & Mary -12",NA,NA,47.5,-23,1,36.5,-34,-12,"William & Mary"
"1323",5,"Wingate","South Atlantic","Mars Hill","South Atlantic","NA NA",NA,NA,NA,NA,NA,NA,NA,NA,NA
"1324",5,"Florida Atlantic","American Athletic","Wagner","NEC","Florida Atlantic -47.8",NA,NA,62.5,-12.2,1.772,16.5,-54,-47.8,"Florida Atlantic"
"1325",5,"Tennessee State","Big South-OVC","Charleston Southern","Big South-OVC","Charleston Southern -6",NA,NA,36.5,-34,1,43.5,-27,-6,"Charleston Southern"
"1326",5,"Indianapolis","Great Lakes","Saginaw Valley","GLIAC","NA NA",NA,NA,NA,NA,NA,NA,NA,NA,NA
"1327",5,"Catawba","South Atlantic","Carson-Newman","South Atlantic","NA NA",NA,NA,NA,NA,NA,NA,NA,NA,NA
"1328",5,"Slippery Rock","Pennsylvania State Athletic","Edinboro","Pennsylvania State Athletic","NA NA",NA,NA,NA,NA,NA,NA,NA,NA,NA
"1329",5,"Lake Erie College","Great Midwest Athletic","Northwood (MI)","Great Midwest Athletic","NA NA",NA,NA,NA,NA,NA,NA,NA,NA,NA
"1330",5,"Savannah State","SIAC","Fort Valley State","SIAC","NA NA",NA,NA,NA,NA,NA,NA,NA,NA,NA
"1331",5,"Bluefield","CIAA","Johnson C Smith","CIAA","NA NA",NA,NA,NA,NA,NA,NA,NA,NA,NA
"1332",5,"Lincoln (PA)","CIAA","Livingstone","CIAA","NA NA",NA,NA,NA,NA,NA,NA,NA,NA,NA
"1333",5,"Assumption","Northeast 10","Post University","Northeast 10","NA NA",NA,NA,NA,NA,NA,NA,NA,NA,NA
"1334",5,"Kennesaw State","Conference USA","UT Martin","Big South-OVC","Kennesaw State -7.5",NA,NA,57.5,-13,1,51,-19.5,-7.5,"Kennesaw State"
"1335",5,"Florida A&M","SWAC","Alabama A&M","SWAC","Florida A&M -8.5",NA,NA,46,-24.5,1,38.5,-32,-8.5,"Florida A&M"
"1336",5,"East Stroudsburg","Pennsylvania State Athletic","Kutztown","Pennsylvania State Athletic","NA NA",NA,NA,NA,NA,NA,NA,NA,NA,NA
"1337",5,"Lyon College","Southern Collegiate Athletic","Texas Lutheran","Southern Collegiate Athletic","NA NA",NA,NA,NA,NA,NA,NA,NA,NA,NA
"1338",5,"Arkansas Tech","Great American","Southern Arkansas","Great American","NA NA",NA,NA,NA,NA,NA,NA,NA,NA,NA
"1339",5,"Ouachita Baptist","Great American","Arkansas-Monticello","Great American","NA NA",NA,NA,NA,NA,NA,NA,NA,NA,NA
"1340",5,"Oklahoma Baptist","Great American","East Central","Great American","NA NA",NA,NA,NA,NA,NA,NA,NA,NA,NA
"1341",5,"Northwestern Oklahoma State","Great American","Southeastern Oklahoma","Great American","NA NA",NA,NA,NA,NA,NA,NA,NA,NA,NA
"1342",5,"Southwestern Oklahoma","Great American","Southern Nazarene","Great American","NA NA",NA,NA,NA,NA,NA,NA,NA,NA,NA
"1343",5,"Thomas More","Great Midwest Athletic","Walsh","Great Midwest Athletic","NA NA",NA,NA,NA,NA,NA,NA,NA,NA,NA
"1344",5,"North Greenville","Gulf South","Shorter","Gulf South","NA NA",NA,NA,NA,NA,NA,NA,NA,NA,NA
"1345",5,"Valdosta State","Gulf South","West Alabama","Gulf South","NA NA",NA,NA,NA,NA,NA,NA,NA,NA,NA
"1346",5,"Allen","SIAC","Miles","SIAC","NA NA",NA,NA,NA,NA,NA,NA,NA,NA,NA
"1347",5,"Edward Waters","SIAC","Tuskegee","SIAC","NA NA",NA,NA,NA,NA,NA,NA,NA,NA,NA
"1348",5,"Northern State","Northern Sun","Winona State","Northern Sun","NA NA",NA,NA,NA,NA,NA,NA,NA,NA,NA
"1349",5,"Lakeland University","NACC","Wisconsin Lutheran","NACC","NA NA",NA,NA,NA,NA,NA,NA,NA,NA,NA
"1350",5,"Newberry","South Atlantic","UVA-Wise","South Atlantic","NA NA",NA,NA,NA,NA,NA,NA,NA,NA,NA
"1351",5,"Grove City College","Presidents'","Allegheny","Presidents'","NA NA",NA,NA,NA,NA,NA,NA,NA,NA,NA
"1352",5,"East Texas Baptist","American Southwest","Centenary","Southern Collegiate Athletic","NA NA",NA,NA,NA,NA,NA,NA,NA,NA,NA
"1353",5,"Central Arkansas","UAC","Lamar","Southland","Central Arkansas -20",NA,NA,49,-21.5,1,30,-40.5,-20,"Central Arkansas"
"1354",5,"Prairie View","SWAC","Grambling","SWAC","NA NA",NA,NA,NA,NA,NA,NA,NA,NA,NA
"1355",5,"Texas Southern","SWAC","Jackson State","SWAC","Jackson State -16",NA,NA,28,-42.5,1,45,-25.5,-16,"Jackson State"
"1356",5,"Presbyterian College","Pioneer","Davidson","Pioneer","NA NA",NA,NA,NA,NA,NA,NA,NA,NA,NA
"1357",5,"Tarleton State","UAC","Southeastern Louisiana","Southland","Southeastern Louisiana -13.5",NA,NA,43,-27.5,1,57.5,-13,-13.5,"Southeastern Louisiana"
"1358",5,"Western Illinois","Big South-OVC","McKendree","Great Lakes","NA NA",NA,NA,NA,NA,NA,NA,NA,NA,NA
"1359",5,"Alabama","SEC","Georgia","SEC","Georgia -2.3",NA,NA,96,27.8,3.216,101.5,34.2,-2.3,"Georgia"
"1360",5,"LSU","SEC","South Alabama","Sun Belt","LSU -36.9",NA,NA,94,23.1,3.904,61,-6.4,-36.9,"LSU"
"1361",5,"Harding","Great American","Henderson State","Great American","NA NA",NA,NA,NA,NA,NA,NA,NA,NA,NA
"1362",5,"Central Oklahoma","Mid America","Fort Hays State","Mid America","NA NA",NA,NA,NA,NA,NA,NA,NA,NA,NA
"1363",5,"Eastern Washington","Big Sky","Montana","Big Sky","Eastern Washington -0.5",NA,NA,65,-5.5,1,65.5,-5,-0.5,"Eastern Washington"
"1364",5,"Weber State","Big Sky","McNeese","Southland","Weber State -13.5",NA,NA,59.5,-11,1,47,-23.5,-13.5,"Weber State"
"1365",5,"Midwestern State","Lone Star","University of Texas of the Permian Basin","Lone Star","NA NA",NA,NA,NA,NA,NA,NA,NA,NA,NA
"1366",5,"Macalester","Minnesota","St. Olaf College","Minnesota","NA NA",NA,NA,NA,NA,NA,NA,NA,NA,NA
"1367",5,"Wyoming","Mountain West","Air Force","Mountain West","Wyoming -12",NA,NA,71,-8,3.028,62,-7.1,-12,"Wyoming"
"1368",5,"Texas A&M-Kingsville","Lone Star","Sul Ross State","Lone Star","NA NA",NA,NA,NA,NA,NA,NA,NA,NA,NA
"1369",5,"Central Washington","Lone Star","Western New Mexico","Lone Star","NA NA",NA,NA,NA,NA,NA,NA,NA,NA,NA
"1370",5,"Utah Tech","UAC","Abilene Christian","UAC","NA NA",NA,NA,NA,NA,NA,43,-27.5,NA,NA
"1371",5,"Redlands","So. Cal.","Chapman","So. Cal.","NA NA",NA,NA,NA,NA,NA,NA,NA,NA,NA
"1372",5,"UC Davis","Big Sky","Idaho","Big Sky","UC Davis -9",NA,NA,54,-16.5,1,46,-24.5,-9,"UC Davis"
"1373",5,"Cal Lutheran","So. Cal.","Claremont","So. Cal.","NA NA",NA,NA,NA,NA,NA,NA,NA,NA,NA
"1374",6,"Troy","Sun Belt","Texas State","Sun Belt","Texas State -2.8",NA,NA,68,-0.7,1.656,72.5,-6.5,-2.8,"Texas State"
"1375",6,"UTEP","Conference USA","Sam Houston State","Conference USA","NA NA",NA,NA,45,-17.8,2.468,NA,NA,NA,NA
"1376",6,"Johns Hopkins","Centennial","Rowan","New Jersey","NA NA",NA,NA,NA,NA,NA,NA,NA,NA,NA
"1377",6,"Juniata","Landmark Conference","Wilkes","Landmark Conference","NA NA",NA,NA,NA,NA,NA,NA,NA,NA,NA
"1378",6,"Gettysburg","Centennial","McDaniel College","Centennial","NA NA",NA,NA,NA,NA,NA,NA,NA,NA,NA
"1379",6,"Muhlenberg","Centennial","Ursinus","Centennial","NA NA",NA,NA,NA,NA,NA,NA,NA,NA,NA
"1380",6,"Mass Maritime","MSCAC","UMass Dartmouth","MSCAC","NA NA",NA,NA,NA,NA,NA,NA,NA,NA,NA
"1381",6,"Harvard","Ivy","New Hampshire","CAA","NA NA",NA,NA,NA,NA,NA,40,-30.5,NA,NA
"1382",6,"Kennesaw State","Conference USA","Jacksonville State","Conference USA","Jacksonville State -2",NA,NA,57.5,-13,1,60.5,-9.9,-2,"Jacksonville State"
"1383",6,"TCU","Big 12","Houston","Big 12","Houston -4.3",NA,NA,71,8.7,2.232,77.5,-3.3,-4.3,"Houston"
"1384",6,"UNLV","Mountain West","Syracuse","ACC","UNLV -2.6",NA,NA,70.5,-5.2,2.106,70,-1,-2.6,"UNLV"
"1385",6,"Oregon","Big Ten","Michigan State","Big Ten","Oregon -32.5",NA,NA,97.5,29,2.508,67.5,-2.4,-32.5,"Oregon"
"1386",6,"Western New Mexico","Lone Star","Western Oregon","Lone Star","NA NA",NA,NA,NA,NA,NA,NA,NA,NA,NA
"1387",6,"St. Anselm","Northeast 10","Post University","Northeast 10","NA NA",NA,NA,NA,NA,NA,NA,NA,NA,NA
"1388",6,"New Haven","Northeast 10","American International","Northeast 10","NA NA",NA,NA,NA,NA,NA,NA,NA,NA,NA
"1389",6,"Otterbein","Ohio","Mount Union","Ohio","NA NA",NA,NA,NA,NA,NA,NA,NA,NA,NA
"1390",6,"Marietta","Ohio","Ohio Northern","Ohio","NA NA",NA,NA,NA,NA,NA,NA,NA,NA,NA
"1391",6,"Calvin University","Michigan","Alma College","Michigan","NA NA",NA,NA,NA,NA,NA,NA,NA,NA,NA
"1392",6,"Merchant Marine","NEWMAC","Salve Regina","NEWMAC","NA NA",NA,NA,NA,NA,NA,NA,NA,NA,NA
"1393",6,"Tuskegee","SIAC","Morehouse","SIAC","NA NA",NA,NA,NA,NA,NA,NA,NA,NA,NA
"1394",6,"Kentucky State","SIAC","Lane","SIAC","NA NA",NA,NA,NA,NA,NA,NA,NA,NA,NA
"1395",6,"Clark Atlanta","SIAC","Savannah State","SIAC","NA NA",NA,NA,NA,NA,NA,NA,NA,NA,NA
"1396",6,"University of Texas of the Permian Basin","Lone Star","Angelo State","Lone Star","NA NA",NA,NA,NA,NA,NA,NA,NA,NA,NA
"1397",6,"Michigan Tech","GLIAC","Wayne State (MI)","GLIAC","NA NA",NA,NA,NA,NA,NA,NA,NA,NA,NA
"1398",6,"Wheeling Jesuit","Mountain East","UNC Pembroke","Mountain East","NA NA",NA,NA,NA,NA,NA,NA,NA,NA,NA
"1399",6,"Charleston (WV)","Mountain East","Glenville State","Mountain East","NA NA",NA,NA,NA,NA,NA,NA,NA,NA,NA
"1400",6,"Frostburg State","Mountain East","WV Wesleyan","Mountain East","NA NA",NA,NA,NA,NA,NA,NA,NA,NA,NA
"1401",6,"Alcorn State","SWAC","Arkansas-Pine Bluff","SWAC","Arkansas-Pine Bluff -11",NA,NA,38,-32.5,1,50,-25,-11,"Arkansas-Pine Bluff"
"1402",6,"Columbia","Ivy","Princeton","Ivy","NA NA",NA,NA,NA,NA,NA,NA,NA,NA,NA
"1403",6,"Arkansas","SEC","Tennessee","SEC","Tennessee -5.1",NA,NA,75.5,6.1,2.358,83,19.2,-5.1,"Tennessee"
"1404",6,"Florida","SEC","UCF","Big 12","Florida -5.5",NA,NA,82,13.2,2.478,79,5.9,-5.5,"Florida"
"1405",6,"Georgia","SEC","Auburn","SEC","Georgia -19.8",NA,NA,101.5,34.2,1.822,83.5,13.1,-19.8,"Georgia"
"1406",6,"South Carolina","SEC","Ole Miss","SEC","Ole Miss -11.2",NA,NA,77.5,9.5,2.282,91,24.7,-11.2,"Ole Miss"
"1407",6,"Vanderbilt","SEC","Alabama","SEC","Alabama -30.1",NA,NA,65,-7.3,0.874,96,27.8,-30.1,"Alabama"
"1408",6,"Northwestern","Big Ten","Indiana","Big Ten","Northwestern -0.6",NA,NA,75,-2.8,2.132,76.5,-4.5,-0.6,"Northwestern"
"1409",6,"Ohio State","Big Ten","Iowa","Big Ten","Ohio State -19",NA,NA,99,30.8,2.984,83,13.2,-19,"Ohio State"
"1410",6,"Washington","Big Ten","Michigan","Big Ten","Michigan -5.4",NA,NA,87,10.3,2.096,94.5,25,-5.4,"Michigan"
"1411",6,"Minnesota","Big Ten","USC","Big Ten","USC -13.6",NA,NA,71.5,4.2,2.436,87.5,13.9,-13.6,"USC"
"1412",6,"Nebraska","Big Ten","Rutgers","Big Ten","Rutgers -5",NA,NA,70.5,7.4,1.486,77,3.5,-5,"Rutgers"
"1413",6,"Wisconsin","Big Ten","Purdue","Big Ten","Wisconsin -10",NA,NA,77.5,12.9,1.952,69.5,-1.4,-10,"Wisconsin"
"1414",6,"Penn State","Big Ten","UCLA","Big Ten","Penn State -24.9",NA,NA,96.5,26.1,3.408,75,8.8,-24.9,"Penn State"
"1415",6,"Northern Illinois","Mid-American","UMass","FBS Independents","Northern Illinois -10.1",NA,NA,60,-10.6,1.072,51,-20.1,-10.1,"Northern Illinois"
"1416",6,"Virginia","ACC","Boston College","ACC","Virginia -0.3",NA,NA,66,-3.5,3.304,69,-2.4,-0.3,"Virginia"
"1417",6,"California","ACC","Miami","ACC","Miami -4.2",NA,NA,79.5,2.8,2.802,86.5,15.5,-4.2,"Miami"
"1418",6,"Florida State","ACC","Clemson","ACC","Clemson -1.6",NA,NA,85,19.9,1.904,88.5,18.8,-1.6,"Clemson"
"1419",6,"Georgia Tech","ACC","Duke","ACC","Georgia Tech -10.4",NA,NA,76,0.6,1.368,67,3.1,-10.4,"Georgia Tech"
"1420",6,"Louisville","ACC","SMU","ACC","Louisville -6.4",NA,NA,85,11.3,2.864,81.5,12.7,-6.4,"Louisville"
"1421",6,"North Carolina","ACC","Pittsburgh","ACC","North Carolina -14",NA,NA,78,7.9,2.5,66.5,-0.8,-14,"North Carolina"
"1422",6,"Stanford","ACC","Virginia Tech","ACC","Virginia Tech -9.6",NA,NA,67,-3.5,1.37,78,9.4,-9.6,"Virginia Tech"
"1423",6,"NC State","ACC","Wake Forest","ACC","NC State -15.1",NA,NA,76,12.1,3.106,64,-2.6,-15.1,"NC State"
"1424",6,"Arizona","Big 12","Texas Tech","Big 12","Arizona -11.7",NA,NA,81,12.4,2.7,72,7.4,-11.7,"Arizona"
"1425",6,"Arizona State","Big 12","Kansas","Big 12","Kansas -16.8",NA,NA,66,-4,2.164,85,9.7,-16.8,"Kansas"
"1426",6,"Iowa State","Big 12","Baylor","Big 12","Iowa State -23.2",NA,NA,91,11.5,2.708,70.5,2.2,-23.2,"Iowa State"
"1427",6,"Oklahoma State","Big 12","West Virginia","Big 12","Oklahoma State -8.3",NA,NA,86,14,2.828,80.5,9.7,-8.3,"Oklahoma State"
"1428",6,"Boise State","Mountain West","Utah State","Mountain West","Boise State -19.3",NA,NA,78,7.9,2.786,61.5,-11.1,-19.3,"Boise State"
"1429",6,"Coastal Carolina","Sun Belt","Old Dominion","Sun Belt","Old Dominion -4.2",NA,NA,56,-6.5,2.256,62.5,-13.1,-4.2,"Old Dominion"
"1430",6,"Marshall","Sun Belt","Appalachian State","Sun Belt","Appalachian State -16.2",NA,NA,61.5,-9.9,1.262,79,0.5,-16.2,"Appalachian State"
"1431",6,"Louisiana Monroe","Sun Belt","James Madison","Sun Belt","NA NA",NA,NA,NA,NA,NA,69.5,0.7,NA,NA
"1432",6,"Southern Mississippi","Sun Belt","Louisiana","Sun Belt","NA NA",NA,NA,NA,NA,NA,69.5,-2.4,NA,NA
"1433",6,"Toledo","Mid-American","Miami (OH)","Mid-American","NA NA",NA,NA,62.5,-7,2.644,NA,NA,NA,NA
"1434",6,"Akron","Mid-American","Bowling Green","Mid-American","Bowling Green -16.3",NA,NA,48.5,-22.2,0.726,65.5,-11.2,-16.3,"Bowling Green"
"1435",6,"Ball State","Mid-American","Western Michigan","Mid-American","Western Michigan -5",NA,NA,53.5,-16.9,1.5,60,-12.9,-5,"Western Michigan"
"1436",6,"UAB","American Athletic","Tulane","American Athletic","Tulane -6.2",NA,NA,63,-10.6,3.838,73,-0.8,-6.2,"Tulane"
"1437",6,"Tulsa","American Athletic","Army","American Athletic","Army -5.3",NA,NA,52.5,-13.2,0.738,58.5,-11.1,-5.3,"Army"
"1438",6,"Charlotte","American Athletic","East Carolina","American Athletic","Charlotte -1.7",NA,NA,60.5,-18.1,1.67,60.5,-9.5,-1.7,"Charlotte"
"1439",6,"Pace","Northeast 10","Bentley","Northeast 10","NA NA",NA,NA,NA,NA,NA,NA,NA,NA,NA
"1440",6,"Framingham State","MSCAC","Fitchburg State","MSCAC","NA NA",NA,NA,NA,NA,NA,NA,NA,NA,NA
"1441",6,"Rochester","Liberty League","Rensselaer","Liberty League","NA NA",NA,NA,NA,NA,NA,NA,NA,NA,NA
"1442",6,"Davenport","GLIAC","Grand Valley State","GLIAC","NA NA",NA,NA,NA,NA,NA,NA,NA,NA,NA
"1443",6,"Millersville","Pennsylvania State Athletic","East Stroudsburg","Pennsylvania State Athletic","NA NA",NA,NA,NA,NA,NA,NA,NA,NA,NA
"1444",6,"Kutztown","Pennsylvania State Athletic","Bloomsburg","Pennsylvania State Athletic","NA NA",NA,NA,NA,NA,NA,NA,NA,NA,NA
"1445",6,"Alfred State College","ECFC","Apprentice School","Independent DIII","NA NA",NA,NA,NA,NA,NA,NA,NA,NA,NA
"1446",6,"Brown","Ivy","Bryant","CAA","NA NA",NA,NA,NA,NA,NA,36.5,-34,NA,NA
"1447",6,"Yale","Ivy","Central Connecticut","NEC","Yale -30.5",NA,NA,49.5,-21,1,20,-19,-30.5,"Yale"
"1448",6,"Shorter","Gulf South","Valdosta State","Gulf South","NA NA",NA,NA,NA,NA,NA,NA,NA,NA,NA
"1449",6,"Walsh","Great Midwest Athletic","Lake Erie College","Great Midwest Athletic","NA NA",NA,NA,NA,NA,NA,NA,NA,NA,NA
"1450",6,"Shepherd","Pennsylvania State Athletic","Lock Haven","Pennsylvania State Athletic","NA NA",NA,NA,NA,NA,NA,NA,NA,NA,NA
"1451",6,"Texas A&M","SEC","Missouri","SEC","Texas A&M -2",NA,NA,88,19.2,2.516,88.5,22.2,-2,"Texas A&M"
"1452",6,"MIT","NEWMAC","Coast Guard","NEWMAC","NA NA",NA,NA,NA,NA,NA,NA,NA,NA,NA
"1453",6,"Gallaudet","ECFC","Nichols","Commonwealth Coast","NA NA",NA,NA,NA,NA,NA,NA,NA,NA,NA
"1454",6,"West Chester","Pennsylvania State Athletic","Shippensburg","Pennsylvania State Athletic","NA NA",NA,NA,NA,NA,NA,NA,NA,NA,NA
"1455",6,"Hartwick","Empire 8","Utica","Empire 8","NA NA",NA,NA,NA,NA,NA,NA,NA,NA,NA
"1456",6,"Springfield","NEWMAC","Worcester Polytechnic","NEWMAC","NA NA",NA,NA,NA,NA,NA,NA,NA,NA,NA
"1457",6,"Oberlin","North Coast","Kenyon","North Coast","NA NA",NA,NA,NA,NA,NA,NA,NA,NA,NA
"1458",6,"Plymouth State","MSCAC","Western Connecticut State","MSCAC","NA NA",NA,NA,NA,NA,NA,NA,NA,NA,NA
"1459",6,"Air Force","Mountain West","Navy","American Athletic","Air Force -6.7",NA,NA,62,-7.1,3.212,58.5,-13.3,-6.7,"Air Force"
"1460",6,"Colgate","Patriot","Holy Cross","Patriot","Holy Cross -17",NA,NA,33.5,-37,1,51.5,-19,-17,"Holy Cross"
"1461",6,"Stonehill","NEC","Wagner","NEC","NA NA",NA,NA,NA,NA,NA,16.5,-54,NA,NA
"1462",6,"West Liberty","Mountain East","Concord","Mountain East","NA NA",NA,NA,NA,NA,NA,NA,NA,NA,NA
"1463",6,"Hobart","Liberty League","Ithaca","Liberty League","NA NA",NA,NA,NA,NA,NA,NA,NA,NA,NA
"1464",6,"Catholic University","Landmark Conference","Susquehanna","Landmark Conference","NA NA",NA,NA,NA,NA,NA,NA,NA,NA,NA
"1465",6,"Defiance","Heartland","Manchester","Heartland","NA NA",NA,NA,NA,NA,NA,NA,NA,NA,NA
"1466",6,"Alfred","Empire 8","Hilbert College","Empire 8","NA NA",NA,NA,NA,NA,NA,NA,NA,NA,NA
"1467",6,"Franklin & Marshall","Centennial","Dickinson","Centennial","NA NA",NA,NA,NA,NA,NA,NA,NA,NA,NA
"1468",6,"Gannon","Pennsylvania State Athletic","Seton Hill College","Pennsylvania State Athletic","NA NA",NA,NA,NA,NA,NA,NA,NA,NA,NA
"1469",6,"Keystone","Landmark Conference","Moravian","Landmark Conference","NA NA",NA,NA,NA,NA,NA,NA,NA,NA,NA
"1470",6,"Emory & Henry","South Atlantic","Lenoir-Rhyne","South Atlantic","NA NA",NA,NA,NA,NA,NA,NA,NA,NA,NA
"1471",6,"St Lawrence","Liberty League","Union","Liberty League","NA NA",NA,NA,NA,NA,NA,NA,NA,NA,NA
"1472",6,"Monmouth","CAA","Delaware","CAA","Monmouth -6",NA,NA,52,-18.5,1,47,-23.5,-6,"Monmouth"
"1473",6,"Cornell","Ivy","Albany","CAA","NA NA",NA,NA,NA,NA,NA,40,-30.5,NA,NA
"1474",6,"Valparaiso","Pioneer","Drake","Pioneer","NA NA",NA,NA,NA,NA,NA,NA,NA,NA,NA
"1475",6,"Davidson","Pioneer","Marist","Pioneer","NA NA",NA,NA,NA,NA,NA,NA,NA,NA,NA
"1476",6,"Butler","Pioneer","Morehead State","Pioneer","NA NA",NA,NA,NA,NA,NA,NA,NA,NA,NA
"1477",6,"St. Thomas (MN)","Pioneer","Stetson","Pioneer","NA NA",NA,NA,NA,NA,NA,NA,NA,NA,NA
"1478",6,"Dartmouth","Ivy","Pennsylvania","Ivy","NA NA",NA,NA,NA,NA,NA,NA,NA,NA,NA
"1479",6,"Delaware State","MEAC","St Francis (PA)","NEC","NA NA",NA,NA,NA,NA,NA,NA,NA,NA,NA
"1480",6,"Sacred Heart","FCS Independents","Norfolk State","MEAC","NA NA",NA,NA,NA,NA,NA,36,-34.5,NA,NA
"1481",6,"Duquesne","NEC","Long Island University","NEC","NA NA",NA,NA,38,-32.5,1,NA,NA,NA,NA
"1482",6,"Fordham","Patriot","Lafayette","Patriot","Fordham -8.5",NA,NA,40,-30.5,1,32.5,-38,-8.5,"Fordham"
"1483",6,"Carson-Newman","South Atlantic","Barton College","South Atlantic","NA NA",NA,NA,NA,NA,NA,NA,NA,NA,NA
"1484",6,"Northern Michigan","GLIAC","Saginaw Valley","GLIAC","NA NA",NA,NA,NA,NA,NA,NA,NA,NA,NA
"1485",6,"LaGrange College","USA South","Maryville TN","USA South","NA NA",NA,NA,NA,NA,NA,NA,NA,NA,NA
"1486",6,"Morgan State","MEAC","Lincoln (PA)","CIAA","NA NA",NA,NA,23.5,-47,1,NA,NA,NA,NA
"1487",6,"Mercyhurst","NEC","Buffalo State","Liberty League","NA NA",NA,NA,NA,NA,NA,NA,NA,NA,NA
"1488",6,"Brockport State (NY)","Empire 8","St. John Fisher","Empire 8","NA NA",NA,NA,NA,NA,NA,NA,NA,NA,NA
"1489",6,"SUNY Cortland","Empire 8","Morrisville State","Empire 8","NA NA",NA,NA,NA,NA,NA,NA,NA,NA,NA
"1490",6,"Tusculum","South Atlantic","Limestone","South Atlantic","NA NA",NA,NA,NA,NA,NA,NA,NA,NA,NA
"1491",6,"University of New England","Commonwealth Coast","Dean College","ECFC","NA NA",NA,NA,NA,NA,NA,NA,NA,NA,NA
"1492",6,"Shaw","CIAA","Bluefield","CIAA","NA NA",NA,NA,NA,NA,NA,NA,NA,NA,NA
"1493",6,"St. Vincent","Presidents'","Geneva College","Presidents'","NA NA",NA,NA,NA,NA,NA,NA,NA,NA,NA
"1494",6,"Bethany (WV)","Presidents'","Grove City College","Presidents'","NA NA",NA,NA,NA,NA,NA,NA,NA,NA,NA
"1495",6,"Allegheny","Presidents'","Case Western Reserve","Presidents'","NA NA",NA,NA,NA,NA,NA,NA,NA,NA,NA
"1496",6,"Shenandoah","Old Dominion","Randolph-Macon","Old Dominion","NA NA",NA,NA,NA,NA,NA,NA,NA,NA,NA
"1497",6,"Hampden-Sydney","Old Dominion","Guilford","Old Dominion","NA NA",NA,NA,NA,NA,NA,NA,NA,NA,NA
"1498",6,"Westminster PA","Presidents'","Washington & Jefferson","Presidents'","NA NA",NA,NA,NA,NA,NA,NA,NA,NA,NA
"1499",6,"Centre","Southern Athletic","Trinity (TX)","Southern Athletic","NA NA",NA,NA,NA,NA,NA,NA,NA,NA,NA
"1500",6,"Kean","New Jersey","William Paterson","New Jersey","NA NA",NA,NA,NA,NA,NA,NA,NA,NA,NA
"1501",6,"Norwich","NEWMAC","SUNY Maritime","NEWMAC","NA NA",NA,NA,NA,NA,NA,NA,NA,NA,NA
"1502",6,"Williams","NESCAC","Bowdoin","NESCAC","NA NA",NA,NA,NA,NA,NA,NA,NA,NA,NA
"1503",6,"Hamilton","NESCAC","Wesleyan","NESCAC","NA NA",NA,NA,NA,NA,NA,NA,NA,NA,NA
"1504",6,"St. Norbert","NACC","Concordia (WI)","NACC","NA NA",NA,NA,NA,NA,NA,NA,NA,NA,NA
"1505",6,"Southern Virginia","USA South","Brevard College","USA South","NA NA",NA,NA,NA,NA,NA,NA,NA,NA,NA
"1506",6,"Wisconsin-Stevens Point","Wisconsin","UW-Stout","Wisconsin","NA NA",NA,NA,NA,NA,NA,NA,NA,NA,NA
"1507",6,"Northwood (MI)","Great Midwest Athletic","Hillsdale","Great Midwest Athletic","NA NA",NA,NA,NA,NA,NA,NA,NA,NA,NA
"1508",6,"Ashland","Great Midwest Athletic","Ohio Dominican","Great Midwest Athletic","NA NA",NA,NA,NA,NA,NA,NA,NA,NA,NA
"1509",6,"Virginia Union","CIAA","Winston-Salem","CIAA","NA NA",NA,NA,NA,NA,NA,NA,NA,NA,NA
"1510",6,"Fayetteville State","CIAA","Bowie State","CIAA","NA NA",NA,NA,NA,NA,NA,NA,NA,NA,NA
"1511",6,"Wooster","North Coast","Wabash College","North Coast","NA NA",NA,NA,NA,NA,NA,NA,NA,NA,NA
"1512",6,"Lawrence","Midwest","Grinnell","Midwest","NA NA",NA,NA,NA,NA,NA,NA,NA,NA,NA
"1513",6,"Hope","Michigan","Trine","Michigan","NA NA",NA,NA,NA,NA,NA,NA,NA,NA,NA
"1514",6,"Albion","Michigan","Adrian","Michigan","NA NA",NA,NA,NA,NA,NA,NA,NA,NA,NA
"1515",6,"Bluffton","Heartland","Anderson (IN)","Heartland","NA NA",NA,NA,NA,NA,NA,NA,NA,NA,NA
"1516",6,"Tufts","NESCAC","Trinity (CT)","NESCAC","NA NA",NA,NA,NA,NA,NA,NA,NA,NA,NA
"1517",6,"Capital","Ohio","Heidelberg","Ohio","NA NA",NA,NA,NA,NA,NA,NA,NA,NA,NA
"1518",6,"Muskingum","Ohio","John Carroll","Ohio","NA NA",NA,NA,NA,NA,NA,NA,NA,NA,NA
"1519",6,"Hanover","Heartland","Mount St. Joseph","Heartland","NA NA",NA,NA,NA,NA,NA,NA,NA,NA,NA
"1520",6,"Youngstown State","MVFC","Indiana State","MVFC","Youngstown State -6.5",NA,NA,52.5,-18,1,47,-23.5,-6.5,"Youngstown State"
"1521",6,"The Citadel","Southern","Furman","Southern","Furman -10.5",NA,NA,38,-32.5,1,49.5,-21,-10.5,"Furman"
"1522",6,"Loras College","American Rivers","Coe","American Rivers","NA NA",NA,NA,NA,NA,NA,NA,NA,NA,NA
"1523",6,"Central","American Rivers","Simpson College","American Rivers","NA NA",NA,NA,NA,NA,NA,NA,NA,NA,NA
"1524",6,"Nebraska Wesleyan University","American Rivers","Buena Vista","American Rivers","NA NA",NA,NA,NA,NA,NA,NA,NA,NA,NA
"1525",6,"Ferris State","GLIAC","Roosevelt","GLIAC","NA NA",NA,NA,NA,NA,NA,NA,NA,NA,NA
"1526",6,"William Jewell College","Great Lakes","Indianapolis","Great Lakes","NA NA",NA,NA,NA,NA,NA,NA,NA,NA,NA
"1527",6,"Augustana (IL)","CCIW","North Park","CCIW","NA NA",NA,NA,NA,NA,NA,NA,NA,NA,NA
"1528",6,"Henderson State","Great American","Oklahoma Baptist","Great American","NA NA",NA,NA,NA,NA,NA,NA,NA,NA,NA
"1529",6,"Clarion","Pennsylvania State Athletic","California (PA)","Pennsylvania State Athletic","NA NA",NA,NA,NA,NA,NA,NA,NA,NA,NA
"1530",6,"Winona State","Northern Sun","Minnesota St-Moorhead","Northern Sun","NA NA",NA,NA,NA,NA,NA,NA,NA,NA,NA
"1531",6,"Augustana (SD)","Northern Sun","Minnesota-Duluth","Northern Sun","NA NA",NA,NA,NA,NA,NA,NA,NA,NA,NA
"1532",6,"Fairmont State","Mountain East","West Virginia State","Mountain East","NA NA",NA,NA,NA,NA,NA,NA,NA,NA,NA
"1533",6,"Wayne State (NE)","Northern Sun","Minot State","Northern Sun","NA NA",NA,NA,NA,NA,NA,NA,NA,NA,NA
"1534",6,"Carroll (WI)","CCIW","Millikin","CCIW","NA NA",NA,NA,NA,NA,NA,NA,NA,NA,NA
"1535",6,"Southwest Minnesota State","Northern Sun","Nebraska-Kearney","Mid America","NA NA",NA,NA,NA,NA,NA,NA,NA,NA,NA
"1536",6,"Carthage","CCIW","Elmhurst","CCIW","NA NA",NA,NA,NA,NA,NA,NA,NA,NA,NA
"1537",6,"Richmond","CAA","North Carolina A&T","CAA","Richmond -10",NA,NA,51,-19.5,1,42,-28.5,-10,"Richmond"
"1538",6,"Chadron State","Rocky Mountain","Adams State","Rocky Mountain","NA NA",NA,NA,NA,NA,NA,NA,NA,NA,NA
"1539",6,"Lindenwood","Big South-OVC","Tennessee State","Big South-OVC","NA NA",NA,NA,NA,NA,NA,36.5,-34,NA,NA
"1540",6,"Hampton","CAA","Rhode Island","CAA","Rhode Island -7",NA,NA,36.5,-34,1,44.5,-26,-7,"Rhode Island"
"1541",6,"West Georgia","UAC","Austin Peay","UAC","NA NA",NA,NA,NA,NA,NA,50,-20.5,NA,NA
"1542",6,"Wheaton College (Ill)","CCIW","North Central","CCIW","NA NA",NA,NA,NA,NA,NA,NA,NA,NA,NA
"1543",6,"Anderson (SC)","South Atlantic","Catawba","South Atlantic","NA NA",NA,NA,NA,NA,NA,NA,NA,NA,NA
"1544",6,"Kentucky Wesleyan","Great Midwest Athletic","Findlay","Great Midwest Athletic","NA NA",NA,NA,NA,NA,NA,NA,NA,NA,NA
"1545",6,"Johnson C Smith","CIAA","Virginia State","CIAA","NA NA",NA,NA,NA,NA,NA,NA,NA,NA,NA
"1546",6,"Wittenberg","North Coast","Denison","North Coast","NA NA",NA,NA,NA,NA,NA,NA,NA,NA,NA
"1547",6,"Chicago","Midwest","Beloit College","Midwest","NA NA",NA,NA,NA,NA,NA,NA,NA,NA,NA
"1548",6,"St. Scholastica","Minnesota","Macalester","Minnesota","NA NA",NA,NA,NA,NA,NA,NA,NA,NA,NA
"1549",6,"St. Olaf College","Minnesota","Hamline","Minnesota","NA NA",NA,NA,NA,NA,NA,NA,NA,NA,NA
"1550",6,"Carleton","Minnesota","Concordia (MN)","Minnesota","NA NA",NA,NA,NA,NA,NA,NA,NA,NA,NA
"1551",6,"Gustavus Adolphus","Minnesota","Bethel (MN)","Minnesota","NA NA",NA,NA,NA,NA,NA,NA,NA,NA,NA
"1552",6,"St. Johns (MN)","Minnesota","Augsburg","Minnesota","NA NA",NA,NA,NA,NA,NA,NA,NA,NA,NA
"1553",6,"Olivet College","Michigan","Kalamazoo","Michigan","NA NA",NA,NA,NA,NA,NA,NA,NA,NA,NA
"1554",6,"Castleton State College","MSCAC","Westfield State","MSCAC","NA NA",NA,NA,NA,NA,NA,NA,NA,NA,NA
"1555",6,"Rose-Hulman","Heartland","Franklin","Heartland","NA NA",NA,NA,NA,NA,NA,NA,NA,NA,NA
"1556",6,"Illinois Wesleyan","CCIW","Washington (MO)","CCIW","NA NA",NA,NA,NA,NA,NA,NA,NA,NA,NA
"1557",6,"Mary Hardin-Baylor","American Southwest","East Texas Baptist","American Southwest","NA NA",NA,NA,NA,NA,NA,NA,NA,NA,NA
"1558",6,"Hardin-Simmons","American Southwest","Endicott College","Commonwealth Coast","NA NA",NA,NA,NA,NA,NA,NA,NA,NA,NA
"1559",6,"Texas Lutheran","Southern Collegiate Athletic","Austin College","Southern Collegiate Athletic","NA NA",NA,NA,NA,NA,NA,NA,NA,NA,NA
"1560",6,"Amherst College","NESCAC","Middlebury","NESCAC","NA NA",NA,NA,NA,NA,NA,NA,NA,NA,NA
"1561",6,"UVA-Wise","South Atlantic","Wingate","South Atlantic","NA NA",NA,NA,NA,NA,NA,NA,NA,NA,NA
"1562",6,"Southern Connecticut State","Northeast 10","Assumption","Northeast 10","NA NA",NA,NA,NA,NA,NA,NA,NA,NA,NA
"1563",6,"Ferrum","Old Dominion","Bridgewater (VA)","Old Dominion","NA NA",NA,NA,NA,NA,NA,NA,NA,NA,NA
"1564",6,"Martin Luther College","Upper Midwest","Minnesota-Morris","Upper Midwest","NA NA",NA,NA,NA,NA,NA,NA,NA,NA,NA
"1565",6,"Northwestern (MN)","Upper Midwest","Crown College","Upper Midwest","NA NA",NA,NA,NA,NA,NA,NA,NA,NA,NA
"1566",6,"Westminster","Upper Midwest","Greenville","Upper Midwest","NA NA",NA,NA,NA,NA,NA,NA,NA,NA,NA
"1567",6,"Ohio Wesleyan","North Coast","DePauw","North Coast","NA NA",NA,NA,NA,NA,NA,NA,NA,NA,NA
"1568",6,"Indiana (PA)","Pennsylvania State Athletic","Slippery Rock","Pennsylvania State Athletic","NA NA",NA,NA,NA,NA,NA,NA,NA,NA,NA
"1569",6,"Huntingdon","USA South","Belhaven College","USA South","NA NA",NA,NA,NA,NA,NA,NA,NA,NA,NA
"1570",6,"Lakeland University","NACC","Benedictine (IL)","NACC","NA NA",NA,NA,NA,NA,NA,NA,NA,NA,NA
"1571",6,"Wisconsin Lutheran","NACC","Aurora","NACC","NA NA",NA,NA,NA,NA,NA,NA,NA,NA,NA
"1572",6,"UW-River Falls","Wisconsin","Wisconsin-Eau Claire","Wisconsin","NA NA",NA,NA,NA,NA,NA,NA,NA,NA,NA
"1573",6,"Wisconsin-La Crosse","Wisconsin","Wisconsin-Platteville","Wisconsin","NA NA",NA,NA,NA,NA,NA,NA,NA,NA,NA
"1574",6,"UW-Whitewater","Wisconsin","UW-Oshkosh","Wisconsin","NA NA",NA,NA,NA,NA,NA,NA,NA,NA,NA
"1575",6,"Tennessee Tech","Big South-OVC","South Carolina State","MEAC","NA NA",NA,NA,31.5,-39,1,NA,NA,NA,NA
"1576",6,"Western Carolina","Southern","Wofford","Southern","Western Carolina -7",NA,NA,43.5,-27,1,37.5,-33,-7,"Western Carolina"
"1577",6,"Samford","Southern","VMI","Southern","Samford -3",NA,NA,47,-23.5,1,45,-25.5,-3,"Samford"
"1578",6,"Eastern Illinois","Big South-OVC","Southeast Missouri State","Big South-OVC","Southeast Missouri State -31.5",NA,NA,30.5,-40,1,63,-7.5,-31.5,"Southeast Missouri State"
"1579",6,"UT Martin","Big South-OVC","Gardner-Webb","Big South-OVC","UT Martin -14",NA,NA,51,-19.5,1,38,-32.5,-14,"UT Martin"
"1580",6,"Montana","Big Sky","Weber State","Big Sky","Montana -7",NA,NA,65.5,-5,1,59.5,-11,-7,"Montana"
"1581",6,"Murray State","MVFC","South Dakota","MVFC","South Dakota -16.5",NA,NA,42,-28.5,1,59.5,-11,-16.5,"South Dakota"
"1582",6,"Alabama State","SWAC","Florida A&M","SWAC","Florida A&M -15",NA,NA,30,-40.5,1,46,-24.5,-15,"Florida A&M"
"1583",6,"College of New Jersey","New Jersey","Montclair State","New Jersey","NA NA",NA,NA,NA,NA,NA,NA,NA,NA,NA
"1584",6,"Benedict College","SIAC","North Greenville","Gulf South","NA NA",NA,NA,NA,NA,NA,NA,NA,NA,NA
"1585",6,"Cornell College (IA)","Midwest","Ripon","Midwest","NA NA",NA,NA,NA,NA,NA,NA,NA,NA,NA
"1586",6,"Lake Forest","Midwest","Knox College","Midwest","NA NA",NA,NA,NA,NA,NA,NA,NA,NA,NA
"1587",6,"Dubuque","American Rivers","Luther","American Rivers","NA NA",NA,NA,NA,NA,NA,NA,NA,NA,NA
"1588",6,"Lincoln (MO)","Great Lakes","Lincoln University (CA)","Independent DII","NA NA",NA,NA,NA,NA,NA,NA,NA,NA,NA
"1589",6,"Southeastern Oklahoma","Great American","Ouachita Baptist","Great American","NA NA",NA,NA,NA,NA,NA,NA,NA,NA,NA
"1590",6,"Southwestern Oklahoma","Great American","Harding","Great American","NA NA",NA,NA,NA,NA,NA,NA,NA,NA,NA
"1591",6,"Pittsburg State","Mid America","Missouri Western","Mid America","NA NA",NA,NA,NA,NA,NA,NA,NA,NA,NA
"1592",6,"Emporia State","Mid America","Northeastern State","Independent DII","NA NA",NA,NA,NA,NA,NA,NA,NA,NA,NA
"1593",6,"Missouri Southern State","Mid America","Central Oklahoma","Mid America","NA NA",NA,NA,NA,NA,NA,NA,NA,NA,NA
"1594",6,"Monmouth (IL)","Midwest","Illinois College","Midwest","NA NA",NA,NA,NA,NA,NA,NA,NA,NA,NA
"1595",6,"Colorado Mesa","Rocky Mountain","Colorado Mines","Rocky Mountain","NA NA",NA,NA,NA,NA,NA,NA,NA,NA,NA
"1596",6,"West Alabama","Gulf South","Erskine","Gulf South","NA NA",NA,NA,NA,NA,NA,NA,NA,NA,NA
"1597",6,"Minnesota State","Northern Sun","Sioux Falls","Northern Sun","NA NA",NA,NA,NA,NA,NA,NA,NA,NA,NA
"1598",6,"University of Mary","Northern Sun","Concordia-St. Paul","Northern Sun","NA NA",NA,NA,NA,NA,NA,NA,NA,NA,NA
"1599",6,"Texas Southern","SWAC","Virginia Lynchburg",NA,"NA NA",NA,NA,28,-42.5,1,NA,NA,NA,NA
"1600",6,"North Dakota State","MVFC","North Dakota","MVFC","North Dakota State -18",NA,NA,76,5.5,1,59,-11.5,-18,"North Dakota State"
"1601",6,"East Tennessee State","Southern","Chattanooga","Southern","NA NA",NA,NA,36.5,-34,NA,55,-15.5,NA,NA
"1602",6,"Stony Brook","CAA","Villanova","CAA","Villanova -13",NA,NA,45.5,-25,1,59.5,-11,-13,"Villanova"
"1603",6,"Northern State","Northern Sun","Bemidji State","Northern Sun","NA NA",NA,NA,NA,NA,NA,NA,NA,NA,NA
"1604",6,"Southern Arkansas","Great American","Southern Nazarene","Great American","NA NA",NA,NA,NA,NA,NA,NA,NA,NA,NA
"1605",6,"Connecticut","FBS Independents","Temple","American Athletic","NA NA",NA,NA,NA,NA,NA,44.5,-21.9,NA,NA
"1606",6,"Abilene Christian","UAC","Central Arkansas","UAC","Central Arkansas -5",NA,NA,43,-27.5,1,49,-21.5,-5,"Central Arkansas"
"1607",6,"Livingstone","CIAA","Elizabeth City State","CIAA","NA NA",NA,NA,NA,NA,NA,NA,NA,NA,NA
"1608",6,"Edward Waters","SIAC","Fort Valley State","SIAC","NA NA",NA,NA,NA,NA,NA,NA,NA,NA,NA
"1609",6,"Tiffin","Great Midwest Athletic","Thomas More","Great Midwest Athletic","NA NA",NA,NA,NA,NA,NA,NA,NA,NA,NA
"1610",6,"Bridgewater State","MSCAC","Worcester State College","MSCAC","NA NA",NA,NA,NA,NA,NA,NA,NA,NA,NA
"1611",6,"McKendree","Great Lakes","Quincy","Great Lakes","NA NA",NA,NA,NA,NA,NA,NA,NA,NA,NA
"1612",6,"East Central","Great American","Arkansas-Monticello","Great American","NA NA",NA,NA,NA,NA,NA,NA,NA,NA,NA
"1613",6,"Northwestern Oklahoma State","Great American","Arkansas Tech","Great American","NA NA",NA,NA,NA,NA,NA,NA,NA,NA,NA
"1614",6,"Washburn","Mid America","Northwest Missouri State","Mid America","NA NA",NA,NA,NA,NA,NA,NA,NA,NA,NA
"1615",6,"Colorado State-Pueblo","Rocky Mountain","New Mexico Highlands","Rocky Mountain","NA NA",NA,NA,NA,NA,NA,NA,NA,NA,NA
"1616",6,"Puget Sound","Northwest","Pacific (OR)","Northwest","NA NA",NA,NA,NA,NA,NA,NA,NA,NA,NA
"1617",6,"Pacific Lutheran","Northwest","Whitworth","Northwest","NA NA",NA,NA,NA,NA,NA,NA,NA,NA,NA
"1618",6,"Campbell","CAA","North Carolina Central","MEAC","NA NA",NA,NA,39,-31.5,1,NA,NA,NA,NA
"1619",6,"Lewis & Clark","Northwest","George Fox University","Northwest","NA NA",NA,NA,NA,NA,NA,NA,NA,NA,NA
"1620",6,"San Diego","Pioneer","Presbyterian College","Pioneer","NA NA",NA,NA,NA,NA,NA,NA,NA,NA,NA
"1621",6,"Portland State","Big Sky","UC Davis","Big Sky","UC Davis -3.5",NA,NA,49.5,-21,1,54,-16.5,-3.5,"UC Davis"
"1622",6,"Montana State","Big Sky","Northern Colorado","Big Sky","Montana State -27.5",NA,NA,65,-5.5,1,38.5,-32,-27.5,"Montana State"
"1623",6,"Charleston Southern","Big South-OVC","Western Illinois","Big South-OVC","NA NA",NA,NA,43.5,-27,1,NA,NA,NA,NA
"1624",6,"Washington & Lee","Old Dominion","Averett","Old Dominion","NA NA",NA,NA,NA,NA,NA,NA,NA,NA,NA
"1625",6,"Jackson State","SWAC","Alabama A&M","SWAC","Jackson State -7.5",NA,NA,45,-25.5,1,38.5,-32,-7.5,"Jackson State"
"1626",6,"Northern Iowa","MVFC","South Dakota State","MVFC","South Dakota State -5",NA,NA,64,-6.5,1,70,-0.5,-5,"South Dakota State"
"1627",6,"Idaho","Big Sky","Northern Arizona","Big Sky","Idaho -1",NA,NA,46,-24.5,1,46,-24.5,-1,"Idaho"
"1628",6,"North Alabama","UAC","Utah Tech","UAC","NA NA",NA,NA,41,-29.5,1,NA,NA,NA,NA
"1629",6,"West Florida","Gulf South","Mississippi College","Gulf South","NA NA",NA,NA,NA,NA,NA,NA,NA,NA,NA
"1630",6,"Miles","SIAC","Central State","SIAC","NA NA",NA,NA,NA,NA,NA,NA,NA,NA,NA
"1631",6,"Berry College","Southern Athletic","Southwestern University","Southern Athletic","NA NA",NA,NA,NA,NA,NA,NA,NA,NA,NA
"1632",6,"Rhodes","Southern Athletic","Hendrix College","Southern Athletic","NA NA",NA,NA,NA,NA,NA,NA,NA,NA,NA
"1633",6,"NC Wesleyan","USA South","Methodist","USA South","NA NA",NA,NA,NA,NA,NA,NA,NA,NA,NA
"1634",6,"Towson","CAA","William & Mary","CAA","William & Mary -3",NA,NA,43.5,-27,1,47.5,-23,-3,"William & Mary"
"1635",6,"Salisbury","New Jersey","Christopher Newport","New Jersey","NA NA",NA,NA,NA,NA,NA,NA,NA,NA,NA
"1636",6,"Oregon State","Pac-12","Colorado State","Mountain West","Oregon State -13.5",NA,NA,73,3.2,3.542,63,-10.6,-13.5,"Oregon State"
"1637",6,"Arkansas State","Sun Belt","South Alabama","Sun Belt","Arkansas State -7.4",NA,NA,65.5,-9.1,2.916,61,-6.4,-7.4,"Arkansas State"
"1638",6,"Missouri S&T","Great Lakes","Southwest Baptist","Great Lakes","NA NA",NA,NA,NA,NA,NA,NA,NA,NA,NA
"1639",6,"Willamette","Northwest","Linfield","Northwest","NA NA",NA,NA,NA,NA,NA,NA,NA,NA,NA
"1640",6,"Centenary","Southern Collegiate Athletic","Lyon College","Southern Collegiate Athletic","NA NA",NA,NA,NA,NA,NA,NA,NA,NA,NA
"1641",6,"Colby","NESCAC","Bates College","NESCAC","NA NA",NA,NA,NA,NA,NA,NA,NA,NA,NA
"1642",6,"Allen","SIAC","Albany State (GA)","SIAC","NA NA",NA,NA,NA,NA,NA,NA,NA,NA,NA
"1643",6,"Delta State","Gulf South","Chowan","Gulf South","NA NA",NA,NA,NA,NA,NA,NA,NA,NA,NA
"1644",6,"Anna Maria College","ECFC","Western New England","Commonwealth Coast","NA NA",NA,NA,NA,NA,NA,NA,NA,NA,NA
"1645",6,"Newberry","South Atlantic","Mars Hill","South Atlantic","NA NA",NA,NA,NA,NA,NA,NA,NA,NA,NA
"1646",6,"Carnegie Mellon","Presidents'","Waynesburg","Presidents'","NA NA",NA,NA,NA,NA,NA,NA,NA,NA,NA
"1647",6,"Southern","SWAC","Nicholls","Southland","Nicholls -19",NA,NA,33.5,-37,1,53.5,-17,-19,"Nicholls"
"1648",6,"Incarnate Word","Southland","Prairie View","SWAC","NA NA",NA,NA,57.5,-13,1,NA,NA,NA,NA
"1649",6,"Southern Illinois","MVFC","Illinois State","MVFC","Southern Illinois -12",NA,NA,61,-9.5,1,50,-20.5,-12,"Southern Illinois"
"1650",6,"Southeastern Louisiana","Southland","Texas A&M-Commerce","Southland","NA NA",NA,NA,57.5,-13,1,NA,NA,NA,NA
"1651",6,"Houston Christian","Southland","McNeese","Southland","NA NA",NA,NA,NA,NA,NA,47,-23.5,NA,NA
"1652",6,"South Dakota Mines","Rocky Mountain","Black Hills State","Rocky Mountain","NA NA",NA,NA,NA,NA,NA,NA,NA,NA,NA
"1653",6,"Upper Iowa","Great Lakes","Truman State","Great Lakes","NA NA",NA,NA,NA,NA,NA,NA,NA,NA,NA
"1654",6,"Eureka College","NACC","Concordia (IL)","NACC","NA NA",NA,NA,NA,NA,NA,NA,NA,NA,NA
"1655",6,"San José State","Mountain West","Nevada","Mountain West","NA NA",NA,NA,NA,NA,NA,60,-16.7,NA,NA
"1656",6,"San Diego State","Mountain West","Hawai'i","Mountain West","Hawai'i -1.1",NA,NA,56.5,-8.9,1.934,59.5,-12.6,-1.1,"Hawai'i"
"1657",6,"Western State","Rocky Mountain","Fort Lewis","Rocky Mountain","NA NA",NA,NA,NA,NA,NA,NA,NA,NA,NA
"1658",6,"Stephen F. Austin","Southland","Northwestern State","Southland","Stephen F. Austin -21",NA,NA,56,-14.5,1,36,-34.5,-21,"Stephen F. Austin"
"1659",6,"Texas A&M-Kingsville","Lone Star","Midwestern State","Lone Star","NA NA",NA,NA,NA,NA,NA,NA,NA,NA,NA
"1660",6,"Eastern New Mexico","Lone Star","Central Washington","Lone Star","NA NA",NA,NA,NA,NA,NA,NA,NA,NA,NA
"1661",6,"Fort Hays State","Mid America","Central Missouri State","Mid America","NA NA",NA,NA,NA,NA,NA,NA,NA,NA,NA
"1662",6,"Southern Utah","UAC","Tarleton State","UAC","Tarleton State -8.5",NA,NA,33.5,-37,1,43,-27.5,-8.5,"Tarleton State"
"1663",6,"Cal Poly","Big Sky","Idaho State","Big Sky","Idaho State -3.5",NA,NA,34.5,-36,1,39,-31.5,-3.5,"Idaho State"
"1664",6,"Chapman","So. Cal.","Cal Lutheran","So. Cal.","NA NA",NA,NA,NA,NA,NA,NA,NA,NA,NA
"1665",6,"Pomona-Pitzer","So. Cal.","Claremont","So. Cal.","NA NA",NA,NA,NA,NA,NA,NA,NA,NA,NA
"1666",6,"Redlands","So. Cal.","La Verne","So. Cal.","NA NA",NA,NA,NA,NA,NA,NA,NA,NA,NA
"1667",7,"Liberty","Conference USA","Florida International","Conference USA","Liberty -28.5",NA,NA,75.5,3.9,3.488,50.5,-19,-28.5,"Liberty"
"1668",7,"Jacksonville State","Conference USA","New Mexico State","Conference USA","Jacksonville State -10",NA,NA,60.5,-9.9,2.5,53,-15.5,-10,"Jacksonville State"
"1669",7,"Oklahoma Baptist","Great American","Southern Arkansas","Great American","NA NA",NA,NA,NA,NA,NA,NA,NA,NA,NA
"1670",7,"James Madison","Sun Belt","Coastal Carolina","Sun Belt","James Madison -16.2",NA,NA,69.5,0.7,2.7,56,-6.5,-16.2,"James Madison"
"1671",7,"Louisiana Tech","Conference USA","Middle Tennessee","Conference USA","Middle Tennessee -4.1",NA,NA,46.5,-16.7,2.37,53,-13.4,-4.1,"Middle Tennessee"
"1672",7,"Western Kentucky","Conference USA","UTEP","Conference USA","Western Kentucky -21.8",NA,NA,64,-1.6,2.812,45,-17.8,-21.8,"Western Kentucky"
"1673",7,"Eureka College","NACC","Lakeland University","NACC","NA NA",NA,NA,NA,NA,NA,NA,NA,NA,NA
"1674",7,"Cornell","Ivy","Harvard","Ivy","NA NA",NA,NA,NA,NA,NA,NA,NA,NA,NA
"1675",7,"Gettysburg","Centennial","Johns Hopkins","Centennial","NA NA",NA,NA,NA,NA,NA,NA,NA,NA,NA
"1676",7,"South Florida","American Athletic","Memphis","American Athletic","Memphis -4.9",NA,NA,65,-5.6,2.564,72.5,6.1,-4.9,"Memphis"
"1677",7,"Maryland","Big Ten","Northwestern","Big Ten","Maryland -1.3",NA,NA,74,5.2,2.252,75,-2.8,-1.3,"Maryland"
"1678",7,"Utah State","Mountain West","UNLV","Mountain West","UNLV -6.3",NA,NA,61.5,-11.1,2.748,70.5,-5.2,-6.3,"UNLV"
"1679",7,"Arkansas-Pine Bluff","SWAC","Prairie View","SWAC","NA NA",NA,NA,50,-25,1,NA,NA,NA,NA
"1680",7,"Arizona State","Big 12","Utah","Big 12","Utah -19.8",NA,NA,66,-4,2.164,88,15.8,-19.8,"Utah"
"1681",7,"North Carolina","ACC","Georgia Tech","ACC","North Carolina -4.5",NA,NA,78,7.9,2.5,76,0.6,-4.5,"North Carolina"
"1682",7,"Virginia","ACC","Louisville","ACC","Louisville -15.7",NA,NA,66,-3.5,3.304,85,11.3,-15.7,"Louisville"
"1683",7,"BYU","Big 12","Arizona","Big 12","Arizona -7.4",NA,NA,71.5,-1.5,2.052,81,12.4,-7.4,"Arizona"
"1684",7,"Colorado","Big 12","Kansas State","Big 12","Kansas State -10.4",NA,NA,75,0.3,2.572,88,16.4,-10.4,"Kansas State"
"1685",7,"UCF","Big 12","Cincinnati","Big 12","UCF -9.7",NA,NA,79,5.9,2.692,72,-0.1,-9.7,"UCF"
"1686",7,"West Virginia","Big 12","Iowa State","Big 12","Iowa State -7.1",NA,NA,80.5,9.7,3.386,91,11.5,-7.1,"Iowa State"
"1687",7,"Fresno State","Mountain West","Washington State","Pac-12","Fresno State -8.2",NA,NA,76,-0.1,2.684,70.5,0.6,-8.2,"Fresno State"
"1688",7,"Georgia Southern","Sun Belt","Marshall","Sun Belt","Georgia Southern -1.7",NA,NA,59.6,-10.3,3.634,61.5,-9.9,-1.7,"Georgia Southern"
"1689",7,"Georgia State","Sun Belt","Old Dominion","Sun Belt","Old Dominion -1.3",NA,NA,59.5,-11.3,1.668,62.5,-13.1,-1.3,"Old Dominion"
"1690",7,"Louisiana","Sun Belt","Appalachian State","Sun Belt","Appalachian State -6.8",NA,NA,69.5,-2.4,2.73,79,0.5,-6.8,"Appalachian State"
"1691",7,"Louisiana Monroe","Sun Belt","Southern Mississippi","Sun Belt","NA NA",NA,NA,NA,NA,NA,NA,NA,NA,NA
"1692",7,"Texas State","Sun Belt","Arkansas State","Sun Belt","Texas State -9.3",NA,NA,72.5,-6.5,2.276,65.5,-9.1,-9.3,"Texas State"
"1693",7,"Western Michigan","Mid-American","Akron","Mid-American","Western Michigan -14",NA,NA,60,-12.9,2.514,48.5,-22.2,-14,"Western Michigan"
"1694",7,"Kent State","Mid-American","Ball State","Mid-American","Ball State -6.9",NA,NA,44.5,-20.9,2.114,53.5,-16.9,-6.9,"Ball State"
"1695",7,"Bowling Green","Mid-American","Northern Illinois","Mid-American","Bowling Green -7",NA,NA,65.5,-11.2,1.458,60,-10.6,-7,"Bowling Green"
"1696",7,"Buffalo","Mid-American","Toledo","Mid-American","Toledo -11.7",NA,NA,48,-17,2.782,62.5,-7,-11.7,"Toledo"
"1697",7,"Central Michigan","Mid-American","Ohio","Mid-American","Central Michigan -1.2",NA,NA,56,-15.9,1.658,56.5,-12,-1.2,"Central Michigan"
"1698",7,"Florida Atlantic","American Athletic","North Texas","American Athletic","Florida Atlantic -6.8",NA,NA,62.5,-12.2,1.772,57.5,-11.3,-6.8,"Florida Atlantic"
"1699",7,"Rice","American Athletic","UT San Antonio","American Athletic","NA NA",NA,NA,68,-9,2.946,NA,NA,NA,NA
"1700",7,"Tennessee","SEC","Florida","SEC","Tennessee -3.3",NA,NA,83,19.2,2.338,82,13.2,-3.3,"Tennessee"
"1701",7,"Eastern Michigan","Mid-American","Miami (OH)","Mid-American","NA NA",NA,NA,49,-15.9,1.492,NA,NA,NA,NA
"1702",7,"UMass","FBS Independents","Missouri","SEC","Missouri -35.9",NA,NA,51,-20.1,1.59,88.5,22.2,-35.9,"Missouri"
"1703",7,"LSU","SEC","Ole Miss","SEC","LSU -6.9",NA,NA,94,23.1,3.904,91,24.7,-6.9,"LSU"
"1704",7,"Kentucky","SEC","Vanderbilt","SEC","Kentucky -15.7",NA,NA,78,13.8,2.738,65,-7.3,-15.7,"Kentucky"
"1705",7,"Georgia","SEC","Mississippi State","SEC","Georgia -26.3",NA,NA,101.5,34.2,1.822,77,1.1,-26.3,"Georgia"
"1706",7,"UCLA","Big Ten","Minnesota","Big Ten","UCLA -5.2",NA,NA,75,8.8,1.732,71.5,4.2,-5.2,"UCLA"
"1707",7,"Iowa","Big Ten","Washington","Big Ten","Washington -1.6",NA,NA,83,13.2,2.436,87,10.3,-1.6,"Washington"
"1708",7,"Illinois","Big Ten","Purdue","Big Ten","Illinois -3.5",NA,NA,71.5,0.1,1.504,69.5,-1.4,-3.5,"Illinois"
"1709",7,"Oregon","Big Ten","Ohio State","Big Ten","Oregon -1",NA,NA,97.5,29,2.508,99,30.8,-1,"Oregon"
"1710",7,"USC","Big Ten","Penn State","Big Ten","Penn State -6.6",NA,NA,87.5,13.9,2.358,96.5,26.1,-6.6,"Penn State"
"1711",7,"Rutgers","Big Ten","Wisconsin","Big Ten","Rutgers -1.6",NA,NA,77,3.5,2.144,77.5,12.9,-1.6,"Rutgers"
"1712",7,"NC State","ACC","Syracuse","ACC","NC State -9.1",NA,NA,76,12.1,3.106,70,-1,-9.1,"NC State"
"1713",7,"Pittsburgh","ACC","California","ACC","California -11.1",NA,NA,66.5,-0.8,1.948,79.5,2.8,-11.1,"California"
"1714",7,"Wake Forest","ACC","Clemson","ACC","Clemson -21.5",NA,NA,64,-2.6,3.008,88.5,18.8,-21.5,"Clemson"
"1715",7,"Charleston (WV)","Mountain East","Wheeling Jesuit","Mountain East","NA NA",NA,NA,NA,NA,NA,NA,NA,NA,NA
"1716",7,"Missouri Southern State","Mid America","Emporia State","Mid America","NA NA",NA,NA,NA,NA,NA,NA,NA,NA,NA
"1717",7,"Central Missouri State","Mid America","Missouri Western","Mid America","NA NA",NA,NA,NA,NA,NA,NA,NA,NA,NA
"1718",7,"Glenville State","Mountain East","Frostburg State","Mountain East","NA NA",NA,NA,NA,NA,NA,NA,NA,NA,NA
"1719",7,"Roosevelt","GLIAC","Saginaw Valley","GLIAC","NA NA",NA,NA,NA,NA,NA,NA,NA,NA,NA
"1720",7,"Alabama A&M","SWAC","Bethune-Cookman","SWAC","Alabama A&M -9",NA,NA,38.5,-32,1,30.5,-40,-9,"Alabama A&M"
"1721",7,"Drake","Pioneer","Butler","Pioneer","NA NA",NA,NA,NA,NA,NA,NA,NA,NA,NA
"1722",7,"Bates College","NESCAC","Tufts","NESCAC","NA NA",NA,NA,NA,NA,NA,NA,NA,NA,NA
"1723",7,"Madonna University",NA,"Olivet College","Michigan","NA NA",NA,NA,NA,NA,NA,NA,NA,NA,NA
"1724",7,"Winston-Salem","CIAA","Shaw","CIAA","NA NA",NA,NA,NA,NA,NA,NA,NA,NA,NA
"1725",7,"American International","Northeast 10","Franklin Pierce","Northeast 10","NA NA",NA,NA,NA,NA,NA,NA,NA,NA,NA
"1726",7,"Indianapolis","Great Lakes","Quincy","Great Lakes","NA NA",NA,NA,NA,NA,NA,NA,NA,NA,NA
"1727",7,"Northeastern State","Independent DII","Lincoln (MO)","Great Lakes","NA NA",NA,NA,NA,NA,NA,NA,NA,NA,NA
"1728",7,"Michigan Tech","GLIAC","Davenport","GLIAC","NA NA",NA,NA,NA,NA,NA,NA,NA,NA,NA
"1729",7,"Seton Hill College","Pennsylvania State Athletic","California (PA)","Pennsylvania State Athletic","NA NA",NA,NA,NA,NA,NA,NA,NA,NA,NA
"1730",7,"Midwestern State","Lone Star","Sul Ross State","Lone Star","NA NA",NA,NA,NA,NA,NA,NA,NA,NA,NA
"1731",7,"Fort Valley State","SIAC","Allen","SIAC","NA NA",NA,NA,NA,NA,NA,NA,NA,NA,NA
"1732",7,"Minnesota-Duluth","Northern Sun","Northern State","Northern Sun","NA NA",NA,NA,NA,NA,NA,NA,NA,NA,NA
"1733",7,"Kentucky State","SIAC","Benedict College","SIAC","NA NA",NA,NA,NA,NA,NA,NA,NA,NA,NA
"1734",7,"UNC Pembroke","Mountain East","West Liberty","Mountain East","NA NA",NA,NA,NA,NA,NA,NA,NA,NA,NA
"1735",7,"St Francis (PA)","NEC","Duquesne","NEC","NA NA",NA,NA,NA,NA,NA,38,-32.5,NA,NA
"1736",7,"Long Island University","NEC","Stonehill","NEC","NA NA",NA,NA,NA,NA,NA,NA,NA,NA,NA
"1737",7,"Pace","Northeast 10","St. Anselm","Northeast 10","NA NA",NA,NA,NA,NA,NA,NA,NA,NA,NA
"1738",7,"West Chester","Pennsylvania State Athletic","Shepherd","Pennsylvania State Athletic","NA NA",NA,NA,NA,NA,NA,NA,NA,NA,NA
"1739",7,"Morrisville State","Empire 8","Alfred","Empire 8","NA NA",NA,NA,NA,NA,NA,NA,NA,NA,NA
"1740",7,"Hilbert College","Empire 8","St. John Fisher","Empire 8","NA NA",NA,NA,NA,NA,NA,NA,NA,NA,NA
"1741",7,"Curry","Commonwealth Coast","Alfred State College","ECFC","NA NA",NA,NA,NA,NA,NA,NA,NA,NA,NA
"1742",7,"Moravian","Landmark Conference","Catholic University","Landmark Conference","NA NA",NA,NA,NA,NA,NA,NA,NA,NA,NA
"1743",7,"Dean College","ECFC","Husson","Commonwealth Coast","NA NA",NA,NA,NA,NA,NA,NA,NA,NA,NA
"1744",7,"Wilkes","Landmark Conference","Lycoming","Landmark Conference","NA NA",NA,NA,NA,NA,NA,NA,NA,NA,NA
"1745",7,"Rensselaer","Liberty League","St Lawrence","Liberty League","NA NA",NA,NA,NA,NA,NA,NA,NA,NA,NA
"1746",7,"Albright","Mid Atlantic","Misericordia","Mid Atlantic","NA NA",NA,NA,NA,NA,NA,NA,NA,NA,NA
"1747",7,"Findlay","Great Midwest Athletic","Ashland","Great Midwest Athletic","NA NA",NA,NA,NA,NA,NA,NA,NA,NA,NA
"1748",7,"Thomas More","Great Midwest Athletic","Northwood (MI)","Great Midwest Athletic","NA NA",NA,NA,NA,NA,NA,NA,NA,NA,NA
"1749",7,"Tiffin","Great Midwest Athletic","Ohio Dominican","Great Midwest Athletic","NA NA",NA,NA,NA,NA,NA,NA,NA,NA,NA
"1750",7,"NC Wesleyan","USA South","LaGrange College","USA South","NA NA",NA,NA,NA,NA,NA,NA,NA,NA,NA
"1751",7,"Kutztown","Pennsylvania State Athletic","Lock Haven","Pennsylvania State Athletic","NA NA",NA,NA,NA,NA,NA,NA,NA,NA,NA
"1752",7,"Greenville","Upper Midwest","Northwestern (MN)","Upper Midwest","NA NA",NA,NA,NA,NA,NA,NA,NA,NA,NA
"1753",7,"MIT","NEWMAC","Merchant Marine","NEWMAC","NA NA",NA,NA,NA,NA,NA,NA,NA,NA,NA
"1754",7,"Eastern University","Mid Atlantic","King's College (PA)","Mid Atlantic","NA NA",NA,NA,NA,NA,NA,NA,NA,NA,NA
"1755",7,"Assumption","Northeast 10","Bentley","Northeast 10","NA NA",NA,NA,NA,NA,NA,NA,NA,NA,NA
"1756",7,"Post University","Northeast 10","Southern Connecticut State","Northeast 10","NA NA",NA,NA,NA,NA,NA,NA,NA,NA,NA
"1757",7,"Dayton","Pioneer","Davidson","Pioneer","NA NA",NA,NA,NA,NA,NA,NA,NA,NA,NA
"1758",7,"Marist","Pioneer","St. Thomas (MN)","Pioneer","NA NA",NA,NA,NA,NA,NA,NA,NA,NA,NA
"1759",7,"Yale","Ivy","Dartmouth","Ivy","NA NA",NA,NA,49.5,-21,1,NA,NA,NA,NA
"1760",7,"Wagner","NEC","Columbia","Ivy","NA NA",NA,NA,16.5,-54,1,NA,NA,NA,NA
"1761",7,"Central Connecticut","NEC","Mercyhurst","NEC","NA NA",NA,NA,20,-19,NA,NA,NA,NA,NA
"1762",7,"Alabama","SEC","South Carolina","SEC","Alabama -21.7",NA,NA,96,27.8,3.216,77.5,9.5,-21.7,"Alabama"
"1763",7,"Army","American Athletic","UAB","American Athletic","UAB -2.7",NA,NA,58.5,-11.1,1.806,63,-10.6,-2.7,"UAB"
"1764",7,"Lafayette","Patriot","Georgetown","Patriot","NA NA",NA,NA,32.5,-38,1,NA,NA,NA,NA
"1765",7,"Chowan","Gulf South","Shorter","Gulf South","NA NA",NA,NA,NA,NA,NA,NA,NA,NA,NA
"1766",7,"Howard","MEAC","Sacred Heart","FCS Independents","NA NA",NA,NA,25.5,-45,1,NA,NA,NA,NA
"1767",7,"Pennsylvania","Ivy","Bucknell","Patriot","NA NA",NA,NA,NA,NA,NA,20,-50.5,NA,NA
"1768",7,"Holy Cross","Patriot","Fordham","Patriot","Holy Cross -12.5",NA,NA,51.5,-19,1,40,-30.5,-12.5,"Holy Cross"
"1769",7,"Stetson","Pioneer","Valparaiso","Pioneer","NA NA",NA,NA,NA,NA,NA,NA,NA,NA,NA
"1770",7,"Indiana State","MVFC","Murray State","MVFC","Indiana State -6",NA,NA,47,-23.5,1,42,-28.5,-6,"Indiana State"
"1771",7,"Illinois State","MVFC","Missouri State","MVFC","Missouri State -12",NA,NA,50,-20.5,1,63,-7.5,-12,"Missouri State"
"1772",7,"Rhode Island","CAA","Brown","Ivy","NA NA",NA,NA,44.5,-26,1,NA,NA,NA,NA
"1773",7,"Delaware","CAA","Maine","CAA","Delaware -2.5",NA,NA,47,-23.5,1,45.5,-25,-2.5,"Delaware"
"1774",7,"Bryant","CAA","Albany","CAA","Albany -2.5",NA,NA,36.5,-34,1,40,-30.5,-2.5,"Albany"
"1775",7,"Mars Hill","South Atlantic","Carson-Newman","South Atlantic","NA NA",NA,NA,NA,NA,NA,NA,NA,NA,NA
"1776",7,"Lebanon Valley","Mid Atlantic","Delaware Valley","Mid Atlantic","NA NA",NA,NA,NA,NA,NA,NA,NA,NA,NA
"1777",7,"Alvernia University","Mid Atlantic","FDU-Florham","Mid Atlantic","NA NA",NA,NA,NA,NA,NA,NA,NA,NA,NA
"1778",7,"West Virginia State","Mountain East","Concord","Mountain East","NA NA",NA,NA,NA,NA,NA,NA,NA,NA,NA
"1779",7,"WV Wesleyan","Mountain East","Fairmont State","Mountain East","NA NA",NA,NA,NA,NA,NA,NA,NA,NA,NA
"1780",7,"Minnesota St-Moorhead","Northern Sun","Minnesota State","Northern Sun","NA NA",NA,NA,NA,NA,NA,NA,NA,NA,NA
"1781",7,"Slippery Rock","Pennsylvania State Athletic","Gannon","Pennsylvania State Athletic","NA NA",NA,NA,NA,NA,NA,NA,NA,NA,NA
"1782",7,"Ouachita Baptist","Great American","East Central","Great American","NA NA",NA,NA,NA,NA,NA,NA,NA,NA,NA
"1783",7,"Christopher Newport","New Jersey","Dickinson","Centennial","NA NA",NA,NA,NA,NA,NA,NA,NA,NA,NA
"1784",7,"Utica","Empire 8","SUNY Cortland","Empire 8","NA NA",NA,NA,NA,NA,NA,NA,NA,NA,NA
"1785",7,"Susquehanna","Landmark Conference","Keystone","Landmark Conference","NA NA",NA,NA,NA,NA,NA,NA,NA,NA,NA
"1786",7,"Ithaca","Liberty League","Rochester","Liberty League","NA NA",NA,NA,NA,NA,NA,NA,NA,NA,NA
"1787",7,"Widener","Mid Atlantic","Stevenson","Mid Atlantic","NA NA",NA,NA,NA,NA,NA,NA,NA,NA,NA
"1788",7,"Augsburg","Minnesota","Hamline","Minnesota","NA NA",NA,NA,NA,NA,NA,NA,NA,NA,NA
"1789",7,"Lawrence","Midwest","Lake Forest","Midwest","NA NA",NA,NA,NA,NA,NA,NA,NA,NA,NA
"1790",7,"Virginia Union","CIAA","Elizabeth City State","CIAA","NA NA",NA,NA,NA,NA,NA,NA,NA,NA,NA
"1791",7,"Lincoln (PA)","CIAA","Bluefield","CIAA","NA NA",NA,NA,NA,NA,NA,NA,NA,NA,NA
"1792",7,"Central State","SIAC","Clark Atlanta","SIAC","NA NA",NA,NA,NA,NA,NA,NA,NA,NA,NA
"1793",7,"UW-Stout","Wisconsin","UW-Whitewater","Wisconsin","NA NA",NA,NA,NA,NA,NA,NA,NA,NA,NA
"1794",7,"Wisconsin-Eau Claire","Wisconsin","Wisconsin-Stevens Point","Wisconsin","NA NA",NA,NA,NA,NA,NA,NA,NA,NA,NA
"1795",7,"Belhaven College","USA South","Southern Virginia","USA South","NA NA",NA,NA,NA,NA,NA,NA,NA,NA,NA
"1796",7,"Hiram","North Coast","Kenyon","North Coast","NA NA",NA,NA,NA,NA,NA,NA,NA,NA,NA
"1797",7,"Minnesota-Morris","Upper Midwest","Westminster","Upper Midwest","NA NA",NA,NA,NA,NA,NA,NA,NA,NA,NA
"1798",7,"Wesleyan","NESCAC","Colby","NESCAC","NA NA",NA,NA,NA,NA,NA,NA,NA,NA,NA
"1799",7,"William Paterson","New Jersey","Salisbury","New Jersey","NA NA",NA,NA,NA,NA,NA,NA,NA,NA,NA
"1800",7,"Rowan","New Jersey","College of New Jersey","New Jersey","NA NA",NA,NA,NA,NA,NA,NA,NA,NA,NA
"1801",7,"Trinity (TX)","Southern Athletic","Sewanee Univ. of the South","Southern Athletic","NA NA",NA,NA,NA,NA,NA,NA,NA,NA,NA
"1802",7,"Hendrix College","Southern Athletic","Berry College","Southern Athletic","NA NA",NA,NA,NA,NA,NA,NA,NA,NA,NA
"1803",7,"Shenandoah","Old Dominion","Ferrum","Old Dominion","NA NA",NA,NA,NA,NA,NA,NA,NA,NA,NA
"1804",7,"Washington & Lee","Old Dominion","Hampden-Sydney","Old Dominion","NA NA",NA,NA,NA,NA,NA,NA,NA,NA,NA
"1805",7,"Randolph-Macon","Old Dominion","Guilford","Old Dominion","NA NA",NA,NA,NA,NA,NA,NA,NA,NA,NA
"1806",7,"Thiel College","Presidents'","Allegheny","Presidents'","NA NA",NA,NA,NA,NA,NA,NA,NA,NA,NA
"1807",7,"Washington & Jefferson","Presidents'","Geneva College","Presidents'","NA NA",NA,NA,NA,NA,NA,NA,NA,NA,NA
"1808",7,"Lenoir-Rhyne","South Atlantic","Newberry","South Atlantic","NA NA",NA,NA,NA,NA,NA,NA,NA,NA,NA
"1809",7,"Hartwick","Empire 8","Brockport State (NY)","Empire 8","NA NA",NA,NA,NA,NA,NA,NA,NA,NA,NA
"1810",7,"Apprentice School","Independent DIII","Maine Maritime","Independent DIII","NA NA",NA,NA,NA,NA,NA,NA,NA,NA,NA
"1811",7,"Amherst College","NESCAC","Bowdoin","NESCAC","NA NA",NA,NA,NA,NA,NA,NA,NA,NA,NA
"1812",7,"Ursinus","Centennial","Franklin & Marshall","Centennial","NA NA",NA,NA,NA,NA,NA,NA,NA,NA,NA
"1813",7,"Baldwin-Wallace","Ohio","Otterbein","Ohio","NA NA",NA,NA,NA,NA,NA,NA,NA,NA,NA
"1814",7,"John Carroll","Ohio","Capital","Ohio","NA NA",NA,NA,NA,NA,NA,NA,NA,NA,NA
"1815",7,"Wofford","Southern","VMI","Southern","VMI -6.5",NA,NA,37.5,-33,1,45,-25.5,-6.5,"VMI"
"1816",7,"Anderson (IN)","Heartland","Mount St. Joseph","Heartland","NA NA",NA,NA,NA,NA,NA,NA,NA,NA,NA
"1817",7,"Ohio Northern","Ohio","Muskingum","Ohio","NA NA",NA,NA,NA,NA,NA,NA,NA,NA,NA
"1818",7,"Mount Union","Ohio","Wilmington (OH)","Ohio","NA NA",NA,NA,NA,NA,NA,NA,NA,NA,NA
"1819",7,"Manchester","Heartland","Bluffton","Heartland","NA NA",NA,NA,NA,NA,NA,NA,NA,NA,NA
"1820",7,"Trinity (CT)","NESCAC","Hamilton","NESCAC","NA NA",NA,NA,NA,NA,NA,NA,NA,NA,NA
"1821",7,"North Carolina Central","MEAC","Virginia Lynchburg",NA,"NA NA",NA,NA,NA,NA,NA,NA,NA,NA,NA
"1822",7,"Bloomsburg","Pennsylvania State Athletic","East Stroudsburg","Pennsylvania State Athletic","NA NA",NA,NA,NA,NA,NA,NA,NA,NA,NA
"1823",7,"Tusculum","South Atlantic","Emory & Henry","South Atlantic","NA NA",NA,NA,NA,NA,NA,NA,NA,NA,NA
"1824",7,"New Mexico Highlands","Rocky Mountain","Chadron State","Rocky Mountain","NA NA",NA,NA,NA,NA,NA,NA,NA,NA,NA
"1825",7,"Colorado Mines","Rocky Mountain","South Dakota Mines","Rocky Mountain","NA NA",NA,NA,NA,NA,NA,NA,NA,NA,NA
"1826",7,"Grinnell","Midwest","Monmouth","CAA","NA NA",NA,NA,NA,NA,NA,52,-18.5,NA,NA
"1827",7,"Washington (MO)","CCIW","Carthage","CCIW","NA NA",NA,NA,NA,NA,NA,NA,NA,NA,NA
"1828",7,"Furman","Southern","Chattanooga","Southern","Chattanooga -4.5",NA,NA,49.5,-21,1,55,-15.5,-4.5,"Chattanooga"
"1829",7,"Norfolk State","MEAC","Towson","CAA","Towson -6.5",NA,NA,36,-34.5,1,43.5,-27,-6.5,"Towson"
"1830",7,"Elon","CAA","New Hampshire","CAA","Elon -9",NA,NA,48,-22.5,1,40,-30.5,-9,"Elon"
"1831",7,"North Park","CCIW","Carroll (WI)","CCIW","NA NA",NA,NA,NA,NA,NA,NA,NA,NA,NA
"1832",7,"Augustana (IL)","CCIW","Elmhurst","CCIW","NA NA",NA,NA,NA,NA,NA,NA,NA,NA,NA
"1833",7,"St. Xavier (IL)",NA,"Defiance","Heartland","NA NA",NA,NA,NA,NA,NA,NA,NA,NA,NA
"1834",7,"Bridgewater (VA)","Old Dominion","Averett","Old Dominion","NA NA",NA,NA,NA,NA,NA,NA,NA,NA,NA
"1835",7,"Heidelberg","Ohio","Marietta","Ohio","NA NA",NA,NA,NA,NA,NA,NA,NA,NA,NA
"1836",7,"Southwestern University","Southern Athletic","Rhodes","Southern Athletic","NA NA",NA,NA,NA,NA,NA,NA,NA,NA,NA
"1837",7,"Middlebury","NESCAC","Williams","NESCAC","NA NA",NA,NA,NA,NA,NA,NA,NA,NA,NA
"1838",7,"Crown College","Upper Midwest","Martin Luther College","Upper Midwest","NA NA",NA,NA,NA,NA,NA,NA,NA,NA,NA
"1839",7,"Millersville","Pennsylvania State Athletic","Shippensburg","Pennsylvania State Athletic","NA NA",NA,NA,NA,NA,NA,NA,NA,NA,NA
"1840",7,"Methodist","USA South","Huntingdon","USA South","NA NA",NA,NA,NA,NA,NA,NA,NA,NA,NA
"1841",7,"Concordia (WI)","NACC","Aurora","NACC","NA NA",NA,NA,NA,NA,NA,NA,NA,NA,NA
"1842",7,"UW-Oshkosh","Wisconsin","Wisconsin-La Crosse","Wisconsin","NA NA",NA,NA,NA,NA,NA,NA,NA,NA,NA
"1843",7,"Wisconsin-Platteville","Wisconsin","UW-River Falls","Wisconsin","NA NA",NA,NA,NA,NA,NA,NA,NA,NA,NA
"1844",7,"Sioux Falls","Northern Sun","Concordia-St. Paul","Northern Sun","NA NA",NA,NA,NA,NA,NA,NA,NA,NA,NA
"1845",7,"UVA-Wise","South Atlantic","Anderson (SC)","South Atlantic","NA NA",NA,NA,NA,NA,NA,NA,NA,NA,NA
"1846",7,"Miles","SIAC","Albany State (GA)","SIAC","NA NA",NA,NA,NA,NA,NA,NA,NA,NA,NA
"1847",7,"Livingstone","CIAA","Fayetteville State","CIAA","NA NA",NA,NA,NA,NA,NA,NA,NA,NA,NA
"1848",7,"Coe","American Rivers","Central","American Rivers","NA NA",NA,NA,NA,NA,NA,NA,NA,NA,NA
"1849",7,"Buena Vista","American Rivers","Wartburg","American Rivers","NA NA",NA,NA,NA,NA,NA,NA,NA,NA,NA
"1850",7,"Upper Iowa","Great Lakes","William Jewell College","Great Lakes","NA NA",NA,NA,NA,NA,NA,NA,NA,NA,NA
"1851",7,"McKendree","Great Lakes","Southwest Baptist","Great Lakes","NA NA",NA,NA,NA,NA,NA,NA,NA,NA,NA
"1852",7,"Edinboro","Pennsylvania State Athletic","Indiana (PA)","Pennsylvania State Athletic","NA NA",NA,NA,NA,NA,NA,NA,NA,NA,NA
"1853",7,"Virginia State","CIAA","Bowie State","CIAA","NA NA",NA,NA,NA,NA,NA,NA,NA,NA,NA
"1854",7,"Beloit College","Midwest","Cornell College (IA)","Midwest","NA NA",NA,NA,NA,NA,NA,NA,NA,NA,NA
"1855",7,"Concordia (IL)","NACC","Rockford","NACC","NA NA",NA,NA,NA,NA,NA,NA,NA,NA,NA
"1856",7,"Gustavus Adolphus","Minnesota","St. Scholastica","Minnesota","NA NA",NA,NA,NA,NA,NA,NA,NA,NA,NA
"1857",7,"Concordia (MN)","Minnesota","St. Johns (MN)","Minnesota","NA NA",NA,NA,NA,NA,NA,NA,NA,NA,NA
"1858",7,"St. Olaf College","Minnesota","Carleton","Minnesota","NA NA",NA,NA,NA,NA,NA,NA,NA,NA,NA
"1859",7,"Bethel (MN)","Minnesota","Macalester","Minnesota","NA NA",NA,NA,NA,NA,NA,NA,NA,NA,NA
"1860",7,"Hanover","Heartland","Rose-Hulman","Heartland","NA NA",NA,NA,NA,NA,NA,NA,NA,NA,NA
"1861",7,"Millikin","CCIW","North Central","CCIW","NA NA",NA,NA,NA,NA,NA,NA,NA,NA,NA
"1862",7,"Wheaton College (Ill)","CCIW","Illinois Wesleyan","CCIW","NA NA",NA,NA,NA,NA,NA,NA,NA,NA,NA
"1863",7,"McDaniel College","Centennial","Muhlenberg","Centennial","NA NA",NA,NA,NA,NA,NA,NA,NA,NA,NA
"1864",7,"East Texas Baptist","American Southwest","Howard Payne","American Southwest","NA NA",NA,NA,NA,NA,NA,NA,NA,NA,NA
"1865",7,"Mary Hardin-Baylor","American Southwest","Hardin-Simmons","American Southwest","NA NA",NA,NA,NA,NA,NA,NA,NA,NA,NA
"1866",7,"Lyon College","Southern Collegiate Athletic","Austin College","Southern Collegiate Athletic","NA NA",NA,NA,NA,NA,NA,NA,NA,NA,NA
"1867",7,"Simpson College","American Rivers","Nebraska Wesleyan University","American Rivers","NA NA",NA,NA,NA,NA,NA,NA,NA,NA,NA
"1868",7,"Luther","American Rivers","Loras College","American Rivers","NA NA",NA,NA,NA,NA,NA,NA,NA,NA,NA
"1869",7,"Morehead State","Pioneer","Presbyterian College","Pioneer","NA NA",NA,NA,NA,NA,NA,NA,NA,NA,NA
"1870",7,"Lindenwood","Big South-OVC","Charleston Southern","Big South-OVC","NA NA",NA,NA,NA,NA,NA,43.5,-27,NA,NA
"1871",7,"Grove City College","Presidents'","Carnegie Mellon","Presidents'","NA NA",NA,NA,NA,NA,NA,NA,NA,NA,NA
"1872",7,"Grinnell","Midwest","Monmouth (IL)","Midwest","NA NA",NA,NA,NA,NA,NA,NA,NA,NA,NA
"1873",7,"Millsaps","Southern Athletic","Centre","Southern Athletic","NA NA",NA,NA,NA,NA,NA,NA,NA,NA,NA
"1874",7,"Western Carolina","Southern","The Citadel","Southern","Western Carolina -6.5",NA,NA,43.5,-27,1,38,-32.5,-6.5,"Western Carolina"
"1875",7,"Morgan State","MEAC","Merrimack","FCS Independents","NA NA",NA,NA,23.5,-47,1,NA,NA,NA,NA
"1876",7,"Houston Christian","Southland","Southeastern Louisiana","Southland","NA NA",NA,NA,NA,NA,NA,57.5,-13,NA,NA
"1877",7,"Northwestern State","Southland","Texas A&M-Commerce","Southland","NA NA",NA,NA,36,-34.5,1,NA,NA,NA,NA
"1878",7,"Southern Illinois","MVFC","North Dakota State","MVFC","North Dakota State -14",NA,NA,61,-9.5,1,76,5.5,-14,"North Dakota State"
"1879",7,"South Dakota State","MVFC","Youngstown State","MVFC","South Dakota State -18.5",NA,NA,70,-0.5,1,52.5,-18,-18.5,"South Dakota State"
"1880",7,"Alabama State","SWAC","Mississippi Valley State","SWAC","NA NA",NA,NA,30,-40.5,1,NA,NA,NA,NA
"1881",7,"Grambling","SWAC","Alcorn State","SWAC","NA NA",NA,NA,NA,NA,NA,38,-32.5,NA,NA
"1882",7,"Robert Morris","NEC","Delaware State","MEAC","NA NA",NA,NA,32.5,-38,1,NA,NA,NA,NA
"1883",7,"South Dakota","MVFC","Northern Iowa","MVFC","Northern Iowa -3.5",NA,NA,59.5,-11,1,64,-6.5,-3.5,"Northern Iowa"
"1884",7,"Black Hills State","Rocky Mountain","Western State","Rocky Mountain","NA NA",NA,NA,NA,NA,NA,NA,NA,NA,NA
"1885",7,"Benedictine (IL)","NACC","St. Norbert","NACC","NA NA",NA,NA,NA,NA,NA,NA,NA,NA,NA
"1886",7,"Winona State","Northern Sun","University of Mary","Northern Sun","NA NA",NA,NA,NA,NA,NA,NA,NA,NA,NA
"1887",7,"Wingate","South Atlantic","Barton College","South Atlantic","NA NA",NA,NA,NA,NA,NA,NA,NA,NA,NA
"1888",7,"Lane","SIAC","Tuskegee","SIAC","NA NA",NA,NA,NA,NA,NA,NA,NA,NA,NA
"1889",7,"Mississippi College","Gulf South","West Alabama","Gulf South","NA NA",NA,NA,NA,NA,NA,NA,NA,NA,NA
"1890",7,"Buffalo State","Liberty League","Hobart","Liberty League","NA NA",NA,NA,NA,NA,NA,NA,NA,NA,NA
"1891",7,"Southern Nazarene","Great American","Henderson State","Great American","NA NA",NA,NA,NA,NA,NA,NA,NA,NA,NA
"1892",7,"Harding","Great American","Northwestern Oklahoma State","Great American","NA NA",NA,NA,NA,NA,NA,NA,NA,NA,NA
"1893",7,"Arkansas-Monticello","Great American","Southeastern Oklahoma","Great American","NA NA",NA,NA,NA,NA,NA,NA,NA,NA,NA
"1894",7,"Minot State","Northern Sun","Augustana (SD)","Northern Sun","NA NA",NA,NA,NA,NA,NA,NA,NA,NA,NA
"1895",7,"Nebraska-Kearney","Mid America","Pittsburg State","Mid America","NA NA",NA,NA,NA,NA,NA,NA,NA,NA,NA
"1896",7,"Central Oklahoma","Mid America","Northwest Missouri State","Mid America","NA NA",NA,NA,NA,NA,NA,NA,NA,NA,NA
"1897",7,"Adams State","Rocky Mountain","Colorado Mesa","Rocky Mountain","NA NA",NA,NA,NA,NA,NA,NA,NA,NA,NA
"1898",7,"Oklahoma","SEC","Texas","SEC","Texas -4.2",NA,NA,89.5,19.8,3.25,97,27.7,-4.2,"Texas"
"1899",7,"Wyoming","Mountain West","San Diego State","Mountain West","Wyoming -17.5",NA,NA,71,-8,3.028,56.5,-8.9,-17.5,"Wyoming"
"1900",7,"Notre Dame","FBS Independents","Stanford","ACC","Notre Dame -25.2",NA,NA,89,23.4,3.242,67,-3.5,-25.2,"Notre Dame"
"1901",7,"East Tennessee State","Southern","Samford","Southern","NA NA",NA,NA,36.5,-34,NA,47,-23.5,NA,NA
"1902",7,"Mercer","Southern","Princeton","Ivy","NA NA",NA,NA,51,-19.5,1,NA,NA,NA,NA
"1903",7,"Lamar","Southland","Stephen F. Austin","Southland","Stephen F. Austin -25",NA,NA,30,-40.5,1,56,-14.5,-25,"Stephen F. Austin"
"1904",7,"Western Illinois","Big South-OVC","UT Martin","Big South-OVC","NA NA",NA,NA,NA,NA,NA,51,-19.5,NA,NA
"1905",7,"Southeast Missouri State","Big South-OVC","Tennessee Tech","Big South-OVC","NA NA",NA,NA,63,-7.5,NA,31.5,-39,NA,NA
"1906",7,"Montana","Big Sky","Northern Arizona","Big Sky","Montana -20.5",NA,NA,65.5,-5,1,46,-24.5,-20.5,"Montana"
"1907",7,"Southern Utah","UAC","Eastern Kentucky","UAC","Eastern Kentucky -17.5",NA,NA,33.5,-37,1,52,-18.5,-17.5,"Eastern Kentucky"
"1908",7,"Hillsdale","Great Midwest Athletic","Walsh","Great Midwest Athletic","NA NA",NA,NA,NA,NA,NA,NA,NA,NA,NA
"1909",7,"Claremont","So. Cal.","Chapman","So. Cal.","NA NA",NA,NA,NA,NA,NA,NA,NA,NA,NA
"1910",7,"George Fox University","Northwest","Puget Sound","Northwest","NA NA",NA,NA,NA,NA,NA,NA,NA,NA,NA
"1911",7,"Whitworth","Northwest","Willamette","Northwest","NA NA",NA,NA,NA,NA,NA,NA,NA,NA,NA
"1912",7,"Linfield","Northwest","Lewis & Clark","Northwest","NA NA",NA,NA,NA,NA,NA,NA,NA,NA,NA
"1913",7,"Fort Lewis","Rocky Mountain","Colorado State-Pueblo","Rocky Mountain","NA NA",NA,NA,NA,NA,NA,NA,NA,NA,NA
"1914",7,"Pacific (OR)","Northwest","Pacific Lutheran","Northwest","NA NA",NA,NA,NA,NA,NA,NA,NA,NA,NA
"1915",7,"Western Oregon","Lone Star","Eastern New Mexico","Lone Star","NA NA",NA,NA,NA,NA,NA,NA,NA,NA,NA
"1916",7,"Bethany (WV)","Presidents'","Westminster PA","Presidents'","NA NA",NA,NA,NA,NA,NA,NA,NA,NA,NA
"1917",7,"Colorado State","Mountain West","San José State","Mountain West","NA NA",NA,NA,63,-10.6,1.984,NA,NA,NA,NA
"1918",7,"West Florida","Gulf South","Delta State","Gulf South","NA NA",NA,NA,NA,NA,NA,NA,NA,NA,NA
"1919",7,"Arkansas Tech","Great American","Southwestern Oklahoma","Great American","NA NA",NA,NA,NA,NA,NA,NA,NA,NA,NA
"1920",7,"Kentucky Wesleyan","Great Midwest Athletic","Lake Erie College","Great Midwest Athletic","NA NA",NA,NA,NA,NA,NA,NA,NA,NA,NA
"1921",7,"Central Arkansas","UAC","West Georgia","UAC","NA NA",NA,NA,49,-21.5,1,NA,NA,NA,NA
"1922",7,"Tennessee State","Big South-OVC","Eastern Illinois","Big South-OVC","Tennessee State -7",NA,NA,36.5,-34,1,30.5,-40,-7,"Tennessee State"
"1923",7,"Idaho State","Big Sky","Portland State","Big Sky","Portland State -9.5",NA,NA,39,-31.5,1,49.5,-21,-9.5,"Portland State"
"1924",7,"Catawba","South Atlantic","Limestone","South Atlantic","NA NA",NA,NA,NA,NA,NA,NA,NA,NA,NA
"1925",7,"Montclair State","New Jersey","Kean","New Jersey","NA NA",NA,NA,NA,NA,NA,NA,NA,NA,NA
"1926",7,"Brevard College","USA South","Greensboro","USA South","NA NA",NA,NA,NA,NA,NA,NA,NA,NA,NA
"1927",7,"Wayne State (MI)","GLIAC","Ferris State","GLIAC","NA NA",NA,NA,NA,NA,NA,NA,NA,NA,NA
"1928",7,"Centenary","Southern Collegiate Athletic","McMurry","Southern Collegiate Athletic","NA NA",NA,NA,NA,NA,NA,NA,NA,NA,NA
"1929",7,"Savannah State","SIAC","Lincoln University (CA)","Independent DII","NA NA",NA,NA,NA,NA,NA,NA,NA,NA,NA
"1930",7,"Southwest Minnesota State","Northern Sun","Wayne State (NE)","Northern Sun","NA NA",NA,NA,NA,NA,NA,NA,NA,NA,NA
"1931",7,"Ripon","Midwest","Knox College","Midwest","NA NA",NA,NA,NA,NA,NA,NA,NA,NA,NA
"1932",7,"Wittenberg","North Coast","Ohio Wesleyan","North Coast","NA NA",NA,NA,NA,NA,NA,NA,NA,NA,NA
"1933",7,"North Greenville","Gulf South","Valdosta State","Gulf South","NA NA",NA,NA,NA,NA,NA,NA,NA,NA,NA
"1934",7,"Angelo State","Lone Star","Texas A&M-Kingsville","Lone Star","NA NA",NA,NA,NA,NA,NA,NA,NA,NA,NA
"1935",7,"North Alabama","UAC","Abilene Christian","UAC","Abilene Christian -1",NA,NA,41,-29.5,1,43,-27.5,-1,"Abilene Christian"
"1936",7,"Case Western Reserve","Presidents'","St. Vincent","Presidents'","NA NA",NA,NA,NA,NA,NA,NA,NA,NA,NA
"1937",7,"Wooster","North Coast","Denison","North Coast","NA NA",NA,NA,NA,NA,NA,NA,NA,NA,NA
"1938",7,"Illinois College","Midwest","Chicago","Midwest","NA NA",NA,NA,NA,NA,NA,NA,NA,NA,NA
"1939",7,"Truman State","Great Lakes","Missouri S&T","Great Lakes","NA NA",NA,NA,NA,NA,NA,NA,NA,NA,NA
"1940",7,"Grand Valley State","GLIAC","Northern Michigan","GLIAC","NA NA",NA,NA,NA,NA,NA,NA,NA,NA,NA
"1941",7,"UC Davis","Big Sky","Cal Poly","Big Sky","UC Davis -20.5",NA,NA,54,-16.5,1,34.5,-36,-20.5,"UC Davis"
"1942",7,"Tarleton State","UAC","Utah Tech","UAC","NA NA",NA,NA,43,-27.5,1,NA,NA,NA,NA
"1943",7,"Incarnate Word","Southland","Nicholls","Southland","Incarnate Word -5",NA,NA,57.5,-13,1,53.5,-17,-5,"Incarnate Word"
"1944",7,"Texas Southern","SWAC","Southern","SWAC","Southern -4.5",NA,NA,28,-42.5,1,33.5,-37,-4.5,"Southern"
"1945",7,"Nevada","Mountain West","Oregon State","Pac-12","Oregon State -10.9",NA,NA,60,-16.7,2.062,73,3.2,-10.9,"Oregon State"
"1946",7,"West Texas A&M","Lone Star","Western New Mexico","Lone Star","NA NA",NA,NA,NA,NA,NA,NA,NA,NA,NA
"1947",7,"Fort Hays State","Mid America","Washburn","Mid America","NA NA",NA,NA,NA,NA,NA,NA,NA,NA,NA
"1948",7,"New Mexico","Mountain West","Air Force","Mountain West","Air Force -6.6",NA,NA,54.5,-20.6,0.856,62,-7.1,-6.6,"Air Force"
"1949",7,"Weber State","Big Sky","Northern Colorado","Big Sky","Weber State -22",NA,NA,59.5,-11,1,38.5,-32,-22,"Weber State"
"1950",7,"Sacramento State","Big Sky","Eastern Washington","Big Sky","Eastern Washington -3.5",NA,NA,60.5,-10,1,65,-5.5,-3.5,"Eastern Washington"
"1951",7,"Central Washington","Lone Star","University of Texas of the Permian Basin","Lone Star","NA NA",NA,NA,NA,NA,NA,NA,NA,NA,NA
"1952",7,"La Verne","So. Cal.","Cal Lutheran","So. Cal.","NA NA",NA,NA,NA,NA,NA,NA,NA,NA,NA
"1953",7,"Pomona-Pitzer","So. Cal.","Redlands","So. Cal.","NA NA",NA,NA,NA,NA,NA,NA,NA,NA,NA
"1954",7,"Montana State","Big Sky","Idaho","Big Sky","Montana State -20",NA,NA,65,-5.5,1,46,-24.5,-20,"Montana State"
"1955",7,"Hawai'i","Mountain West","Boise State","Mountain West","Boise State -16.4",NA,NA,59.5,-12.6,2.098,78,7.9,-16.4,"Boise State"
"1956",7,"Oberlin","North Coast","Wabash College","North Coast","NA NA",NA,NA,NA,NA,NA,NA,NA,NA,NA
"1957",8,"South Alabama","Sun Belt","Troy","Sun Belt","Troy -4.5",NA,NA,61,-6.4,2.458,68,-0.7,-4.5,"Troy"
"1958",8,"Middle Tennessee","Conference USA","Kennesaw State","Conference USA","Kennesaw State -1.3",NA,NA,53,-13.4,3.182,57.5,-13,-1.3,"Kennesaw State"
"1959",8,"New Mexico State","Conference USA","Louisiana Tech","Conference USA","New Mexico State -9.5",NA,NA,53,-15.5,2.962,46.5,-16.7,-9.5,"New Mexico State"
"1960",8,"Sam Houston State","Conference USA","Western Kentucky","Conference USA","NA NA",NA,NA,NA,NA,NA,64,-1.6,NA,NA
"1961",8,"UTEP","Conference USA","Florida International","Conference USA","Florida International -3",NA,NA,45,-17.8,2.468,50.5,-19,-3,"Florida International"
"1962",8,"Virginia Tech","ACC","Boston College","ACC","Virginia Tech -11.3",NA,NA,78,9.4,2.308,69,-2.4,-11.3,"Virginia Tech"
"1963",8,"Marshall","Sun Belt","Georgia State","Sun Belt","Marshall -3.3",NA,NA,61.5,-9.9,1.262,59.5,-11.3,-3.3,"Marshall"
"1964",8,"UW-Whitewater","Wisconsin","Wisconsin-Stevens Point","Wisconsin","NA NA",NA,NA,NA,NA,NA,NA,NA,NA,NA
"1965",8,"Duke","ACC","Florida State","ACC","Florida State -14.8",NA,NA,67,3.1,3.184,85,19.9,-14.8,"Florida State"
"1966",8,"Princeton","Ivy","Brown","Ivy","NA NA",NA,NA,NA,NA,NA,NA,NA,NA,NA
"1967",8,"Purdue","Big Ten","Oregon","Big Ten","Oregon -26.7",NA,NA,69.5,-1.4,1.26,97.5,29,-26.7,"Oregon"
"1968",8,"BYU","Big 12","Oklahoma State","Big 12","Oklahoma State -12.4",NA,NA,71.5,-1.5,2.052,86,14,-12.4,"Oklahoma State"
"1969",8,"Nevada","Mountain West","Fresno State","Mountain West","Fresno State -13.9",NA,NA,60,-16.7,2.062,76,-0.1,-13.9,"Fresno State"
"1970",8,"Utah","Big 12","TCU","Big 12","Utah -20.3",NA,NA,88,15.8,3.3,71,8.7,-20.3,"Utah"
"1971",8,"Ohio Dominican","Great Midwest Athletic","Findlay","Great Midwest Athletic","NA NA",NA,NA,NA,NA,NA,NA,NA,NA,NA
"1972",8,"Sul Ross State","Lone Star","Western New Mexico","Lone Star","NA NA",NA,NA,NA,NA,NA,NA,NA,NA,NA
"1973",8,"University of Texas of the Permian Basin","Lone Star","Western Oregon","Lone Star","NA NA",NA,NA,NA,NA,NA,NA,NA,NA,NA
"1974",8,"Clark Atlanta","SIAC","Miles","SIAC","NA NA",NA,NA,NA,NA,NA,NA,NA,NA,NA
"1975",8,"Tuskegee","SIAC","Kentucky State","SIAC","NA NA",NA,NA,NA,NA,NA,NA,NA,NA,NA
"1976",8,"George Fox University","Northwest","Linfield","Northwest","NA NA",NA,NA,NA,NA,NA,NA,NA,NA,NA
"1977",8,"Southern Mississippi","Sun Belt","Arkansas State","Sun Belt","NA NA",NA,NA,NA,NA,NA,65.5,-9.1,NA,NA
"1978",8,"Old Dominion","Sun Belt","Texas State","Sun Belt","Texas State -8.3",NA,NA,62.5,-13.1,1.668,72.5,-6.5,-8.3,"Texas State"
"1979",8,"Georgia Southern","Sun Belt","James Madison","Sun Belt","James Madison -6.3",NA,NA,59.6,-10.3,3.634,69.5,0.7,-6.3,"James Madison"
"1980",8,"Coastal Carolina","Sun Belt","Louisiana","Sun Belt","Louisiana -11.2",NA,NA,56,-6.5,2.256,69.5,-2.4,-11.2,"Louisiana"
"1981",8,"Oregon State","Pac-12","UNLV","Mountain West","Oregon State -6",NA,NA,73,3.2,3.542,70.5,-5.2,-6,"Oregon State"
"1982",8,"San José State","Mountain West","Wyoming","Mountain West","NA NA",NA,NA,NA,NA,NA,71,-8,NA,NA
"1983",8,"Washington State","Pac-12","Hawai'i","Mountain West","Washington State -14.3",NA,NA,70.5,0.6,3.292,59.5,-12.6,-14.3,"Washington State"
"1984",8,"Indiana","Big Ten","Nebraska","Big Ten","Indiana -7.9",NA,NA,76.5,-4.5,1.9,70.5,7.4,-7.9,"Indiana"
"1985",8,"Illinois","Big Ten","Michigan","Big Ten","Michigan -21.5",NA,NA,71.5,0.1,1.504,94.5,25,-21.5,"Michigan"
"1986",8,"Texas","SEC","Georgia","SEC","Georgia -1.5",NA,NA,97,27.7,2.978,101.5,34.2,-1.5,"Georgia"
"1987",8,"Tennessee","SEC","Alabama","SEC","Alabama -10.7",NA,NA,83,19.2,2.338,96,27.8,-10.7,"Alabama"
"1988",8,"Oklahoma","SEC","South Carolina","SEC","Oklahoma -15.2",NA,NA,89.5,19.8,3.25,77.5,9.5,-15.2,"Oklahoma"
"1989",8,"Missouri","SEC","Auburn","SEC","Missouri -7.5",NA,NA,88.5,22.2,2.478,83.5,13.1,-7.5,"Missouri"
"1990",8,"Mississippi State","SEC","Texas A&M","SEC","Texas A&M -8.4",NA,NA,77,1.1,2.64,88,19.2,-8.4,"Texas A&M"
"1991",8,"Florida","SEC","Kentucky","SEC","Florida -6.5",NA,NA,82,13.2,2.478,78,13.8,-6.5,"Florida"
"1992",8,"Arkansas","SEC","LSU","SEC","LSU -16.1",NA,NA,75.5,6.1,2.358,94,23.1,-16.1,"LSU"
"1993",8,"St. Anselm","Northeast 10","Assumption","Northeast 10","NA NA",NA,NA,NA,NA,NA,NA,NA,NA,NA
"1994",8,"South Florida","American Athletic","UAB","American Athletic","South Florida -4.6",NA,NA,65,-5.6,2.564,63,-10.6,-4.6,"South Florida"
"1995",8,"Northern Illinois","Mid-American","Toledo","Mid-American","Toledo -1.4",NA,NA,60,-10.6,1.072,62.5,-7,-1.4,"Toledo"
"1996",8,"Eastern Michigan","Mid-American","Central Michigan","Mid-American","Central Michigan -5.5",NA,NA,49,-15.9,1.492,56,-15.9,-5.5,"Central Michigan"
"1997",8,"Buffalo","Mid-American","Western Michigan","Mid-American","Western Michigan -9.2",NA,NA,48,-17,2.782,60,-12.9,-9.2,"Western Michigan"
"1998",8,"Bowling Green","Mid-American","Kent State","Mid-American","Bowling Green -22.5",NA,NA,65.5,-11.2,1.458,44.5,-20.9,-22.5,"Bowling Green"
"1999",8,"Miami (OH)","Mid-American","Ohio","Mid-American","NA NA",NA,NA,NA,NA,NA,56.5,-12,NA,NA
"2000",8,"Franklin Pierce","Northeast 10","Post University","Northeast 10","NA NA",NA,NA,NA,NA,NA,NA,NA,NA,NA
"2001",8,"Hilbert College","Empire 8","Brockport State (NY)","Empire 8","NA NA",NA,NA,NA,NA,NA,NA,NA,NA,NA
"2002",8,"Temple","American Athletic","Tulsa","American Athletic","Tulsa -5.1",NA,NA,44.5,-21.9,2.856,52.5,-13.2,-5.1,"Tulsa"
"2003",8,"Tulane","American Athletic","Rice","American Athletic","Tulane -8.1",NA,NA,73,-0.8,3.148,68,-9,-8.1,"Tulane"
"2004",8,"Memphis","American Athletic","North Texas","American Athletic","Memphis -17.5",NA,NA,72.5,6.1,2.464,57.5,-11.3,-17.5,"Memphis"
"2005",8,"UT San Antonio","American Athletic","Florida Atlantic","American Athletic","NA NA",NA,NA,NA,NA,NA,62.5,-12.2,NA,NA
"2006",8,"Michigan State","Big Ten","Iowa","Big Ten","Iowa -13.5",NA,NA,67.5,-2.4,2.004,83,13.2,-13.5,"Iowa"
"2007",8,"Maryland","Big Ten","USC","Big Ten","USC -11.2",NA,NA,74,5.2,2.252,87.5,13.9,-11.2,"USC"
"2008",8,"Northwestern","Big Ten","Wisconsin","Big Ten","Wisconsin -0.4",NA,NA,75,-2.8,2.132,77.5,12.9,-0.4,"Wisconsin"
"2009",8,"Rutgers","Big Ten","UCLA","Big Ten","Rutgers -4.1",NA,NA,77,3.5,2.144,75,8.8,-4.1,"Rutgers"
"2010",8,"Georgia Tech","ACC","Notre Dame","FBS Independents","Notre Dame -11.6",NA,NA,76,0.6,1.368,89,23.4,-11.6,"Notre Dame"
"2011",8,"California","ACC","NC State","ACC","California -6.3",NA,NA,79.5,2.8,2.802,76,12.1,-6.3,"California"
"2012",8,"Clemson","ACC","Virginia","ACC","Clemson -25",NA,NA,88.5,18.8,2.464,66,-3.5,-25,"Clemson"
"2013",8,"Louisville","ACC","Miami","ACC","Louisville -1.4",NA,NA,85,11.3,2.864,86.5,15.5,-1.4,"Louisville"
"2014",8,"Stanford","ACC","SMU","ACC","SMU -13.1",NA,NA,67,-3.5,1.37,81.5,12.7,-13.1,"SMU"
"2015",8,"Arizona","Big 12","Colorado","Big 12","Arizona -8.7",NA,NA,81,12.4,2.7,75,0.3,-8.7,"Arizona"
"2016",8,"Cincinnati","Big 12","Arizona State","Big 12","Cincinnati -8.1",NA,NA,72,-0.1,2.08,66,-4,-8.1,"Cincinnati"
"2017",8,"Iowa State","Big 12","UCF","Big 12","Iowa State -14.7",NA,NA,91,11.5,2.708,79,5.9,-14.7,"Iowa State"
"2018",8,"Kansas","Big 12","Houston","Big 12","Kansas -9.9",NA,NA,85,9.7,2.394,77.5,-3.3,-9.9,"Kansas"
"2019",8,"Texas Tech","Big 12","Baylor","Big 12","Texas Tech -4.7",NA,NA,72,7.4,3.244,70.5,2.2,-4.7,"Texas Tech"
"2020",8,"Lincoln (PA)","CIAA","Virginia Union","CIAA","NA NA",NA,NA,NA,NA,NA,NA,NA,NA,NA
"2021",8,"West Virginia","Big 12","Kansas State","Big 12","Kansas State -4.1",NA,NA,80.5,9.7,3.386,88,16.4,-4.1,"Kansas State"
"2022",8,"Alma College","Michigan","Albion","Michigan","NA NA",NA,NA,NA,NA,NA,NA,NA,NA,NA
"2023",8,"Frostburg State","Mountain East","Charleston (WV)","Mountain East","NA NA",NA,NA,NA,NA,NA,NA,NA,NA,NA
"2024",8,"Anderson (SC)","South Atlantic","Emory & Henry","South Atlantic","NA NA",NA,NA,NA,NA,NA,NA,NA,NA,NA
"2025",8,"Northeastern State","Independent DII","Central Oklahoma","Mid America","NA NA",NA,NA,NA,NA,NA,NA,NA,NA,NA
"2026",8,"Wheeling Jesuit","Mountain East","West Virginia State","Mountain East","NA NA",NA,NA,NA,NA,NA,NA,NA,NA,NA
"2027",8,"North Dakota State","MVFC","South Dakota State","MVFC","North Dakota State -7",NA,NA,76,5.5,1,70,-0.5,-7,"North Dakota State"
"2028",8,"Grambling","SWAC","Arkansas-Pine Bluff","SWAC","NA NA",NA,NA,NA,NA,NA,50,-25,NA,NA
"2029",8,"Mississippi Valley State","SWAC","Bethune-Cookman","SWAC","NA NA",NA,NA,NA,NA,NA,30.5,-40,NA,NA
"2030",8,"VMI","Southern","The Citadel","Southern","VMI -8",NA,NA,45,-25.5,1,38,-32.5,-8,"VMI"
"2031",8,"Wisconsin-Eau Claire","Wisconsin","Wisconsin-La Crosse","Wisconsin","NA NA",NA,NA,NA,NA,NA,NA,NA,NA,NA
"2032",8,"Misericordia","Mid Atlantic","Widener","Mid Atlantic","NA NA",NA,NA,NA,NA,NA,NA,NA,NA,NA
"2033",8,"Greensboro","USA South","Belhaven College","USA South","NA NA",NA,NA,NA,NA,NA,NA,NA,NA,NA
"2034",8,"Shepherd","Pennsylvania State Athletic","Millersville","Pennsylvania State Athletic","NA NA",NA,NA,NA,NA,NA,NA,NA,NA,NA
"2035",8,"Merchant Marine","NEWMAC","Norwich","NEWMAC","NA NA",NA,NA,NA,NA,NA,NA,NA,NA,NA
"2036",8,"Springfield","NEWMAC","MIT","NEWMAC","NA NA",NA,NA,NA,NA,NA,NA,NA,NA,NA
"2037",8,"Morrisville State","Empire 8","Utica","Empire 8","NA NA",NA,NA,NA,NA,NA,NA,NA,NA,NA
"2038",8,"Limestone","South Atlantic","Wingate","South Atlantic","NA NA",NA,NA,NA,NA,NA,NA,NA,NA,NA
"2039",8,"Southwestern University","Southern Athletic","Millsaps","Southern Athletic","NA NA",NA,NA,NA,NA,NA,NA,NA,NA,NA
"2040",8,"Wagner","NEC","St Francis (PA)","NEC","NA NA",NA,NA,16.5,-54,1,NA,NA,NA,NA
"2041",8,"Connecticut","FBS Independents","Wake Forest","ACC","NA NA",NA,NA,NA,NA,NA,64,-2.6,NA,NA
"2042",8,"Army","American Athletic","East Carolina","American Athletic","East Carolina -0.2",NA,NA,58.5,-11.1,1.806,60.5,-9.5,-0.2,"East Carolina"
"2043",8,"Walsh","Great Midwest Athletic","Tiffin","Great Midwest Athletic","NA NA",NA,NA,NA,NA,NA,NA,NA,NA,NA
"2044",8,"Thomas More","Great Midwest Athletic","Ashland","Great Midwest Athletic","NA NA",NA,NA,NA,NA,NA,NA,NA,NA,NA
"2045",8,"Worcester State College","MSCAC","UMass Dartmouth","MSCAC","NA NA",NA,NA,NA,NA,NA,NA,NA,NA,NA
"2046",8,"Fitchburg State","MSCAC","Mass Maritime","MSCAC","NA NA",NA,NA,NA,NA,NA,NA,NA,NA,NA
"2047",8,"Keystone","Landmark Conference","Wilkes","Landmark Conference","NA NA",NA,NA,NA,NA,NA,NA,NA,NA,NA
"2048",8,"Lycoming","Landmark Conference","Catholic University","Landmark Conference","NA NA",NA,NA,NA,NA,NA,NA,NA,NA,NA
"2049",8,"Muhlenberg","Centennial","Gettysburg","Centennial","NA NA",NA,NA,NA,NA,NA,NA,NA,NA,NA
"2050",8,"Clarion","Pennsylvania State Athletic","Edinboro","Pennsylvania State Athletic","NA NA",NA,NA,NA,NA,NA,NA,NA,NA,NA
"2051",8,"Fairmont State","Mountain East","UNC Pembroke","Mountain East","NA NA",NA,NA,NA,NA,NA,NA,NA,NA,NA
"2052",8,"Delaware Valley","Mid Atlantic","FDU-Florham","Mid Atlantic","NA NA",NA,NA,NA,NA,NA,NA,NA,NA,NA
"2053",8,"Alfred State College","ECFC","Dean College","ECFC","NA NA",NA,NA,NA,NA,NA,NA,NA,NA,NA
"2054",8,"Nicholls","Southland","Northwestern State","Southland","Nicholls -18.5",NA,NA,53.5,-17,1,36,-34.5,-18.5,"Nicholls"
"2055",8,"Yale","Ivy","Lehigh","Patriot","NA NA",NA,NA,49.5,-21,1,NA,NA,NA,NA
"2056",8,"Robert Morris","NEC","Long Island University","NEC","NA NA",NA,NA,32.5,-38,1,NA,NA,NA,NA
"2057",8,"Harvard","Ivy","Holy Cross","Patriot","NA NA",NA,NA,NA,NA,NA,51.5,-19,NA,NA
"2058",8,"Lafayette","Patriot","Sacred Heart","FCS Independents","NA NA",NA,NA,32.5,-38,1,NA,NA,NA,NA
"2059",8,"Towson","CAA","Stony Brook","CAA","Stony Brook -1",NA,NA,43.5,-27,1,45.5,-25,-1,"Stony Brook"
"2060",8,"Maine","CAA","Villanova","CAA","Villanova -13",NA,NA,45.5,-25,1,59.5,-11,-13,"Villanova"
"2061",8,"North Carolina A&T","CAA","Hampton","CAA","North Carolina A&T -6.5",NA,NA,42,-28.5,1,36.5,-34,-6.5,"North Carolina A&T"
"2062",8,"Colgate","Patriot","Georgetown","Patriot","NA NA",NA,NA,33.5,-37,1,NA,NA,NA,NA
"2063",8,"Merrimack","FCS Independents","Stonehill","NEC","NA NA",NA,NA,NA,NA,NA,NA,NA,NA,NA
"2064",8,"Bucknell","Patriot","Cornell","Ivy","NA NA",NA,NA,20,-50.5,1,NA,NA,NA,NA
"2065",8,"Pennsylvania","Ivy","Columbia","Ivy","NA NA",NA,NA,NA,NA,NA,NA,NA,NA,NA
"2066",8,"Dartmouth","Ivy","Central Connecticut","NEC","NA NA",NA,NA,NA,NA,NA,20,-19,NA,NA
"2067",8,"Davidson","Pioneer","Stetson","Pioneer","NA NA",NA,NA,NA,NA,NA,NA,NA,NA,NA
"2068",8,"Presbyterian College","Pioneer","Drake","Pioneer","NA NA",NA,NA,NA,NA,NA,NA,NA,NA,NA
"2069",8,"Butler","Pioneer","Dayton","Pioneer","NA NA",NA,NA,NA,NA,NA,NA,NA,NA,NA
"2070",8,"Monmouth","CAA","Bryant","CAA","Monmouth -16.5",NA,NA,52,-18.5,1,36.5,-34,-16.5,"Monmouth"
"2071",8,"New Hampshire","CAA","Rhode Island","CAA","Rhode Island -3.5",NA,NA,40,-30.5,1,44.5,-26,-3.5,"Rhode Island"
"2072",8,"Christopher Newport","New Jersey","Rowan","New Jersey","NA NA",NA,NA,NA,NA,NA,NA,NA,NA,NA
"2073",8,"Bowdoin","NESCAC","Wesleyan","NESCAC","NA NA",NA,NA,NA,NA,NA,NA,NA,NA,NA
"2074",8,"Tufts","NESCAC","Hamilton","NESCAC","NA NA",NA,NA,NA,NA,NA,NA,NA,NA,NA
"2075",8,"Williams","NESCAC","Bates College","NESCAC","NA NA",NA,NA,NA,NA,NA,NA,NA,NA,NA
"2076",8,"Greenville","Upper Midwest","Martin Luther College","Upper Midwest","NA NA",NA,NA,NA,NA,NA,NA,NA,NA,NA
"2077",8,"Westminster","Upper Midwest","Crown College","Upper Midwest","NA NA",NA,NA,NA,NA,NA,NA,NA,NA,NA
"2078",8,"Shippensburg","Pennsylvania State Athletic","Kutztown","Pennsylvania State Athletic","NA NA",NA,NA,NA,NA,NA,NA,NA,NA,NA
"2079",8,"Denison","North Coast","DePauw","North Coast","NA NA",NA,NA,NA,NA,NA,NA,NA,NA,NA
"2080",8,"Maryville TN","USA South","Huntingdon","USA South","NA NA",NA,NA,NA,NA,NA,NA,NA,NA,NA
"2081",8,"St Lawrence","Liberty League","Hobart","Liberty League","NA NA",NA,NA,NA,NA,NA,NA,NA,NA,NA
"2082",8,"Susquehanna","Landmark Conference","Juniata","Landmark Conference","NA NA",NA,NA,NA,NA,NA,NA,NA,NA,NA
"2083",8,"Carson-Newman","South Atlantic","UVA-Wise","South Atlantic","NA NA",NA,NA,NA,NA,NA,NA,NA,NA,NA
"2084",8,"Alfred","Empire 8","SUNY Cortland","Empire 8","NA NA",NA,NA,NA,NA,NA,NA,NA,NA,NA
"2085",8,"Husson","Commonwealth Coast","Nichols","Commonwealth Coast","NA NA",NA,NA,NA,NA,NA,NA,NA,NA,NA
"2086",8,"Johns Hopkins","Centennial","Franklin & Marshall","Centennial","NA NA",NA,NA,NA,NA,NA,NA,NA,NA,NA
"2087",8,"Dickinson","Centennial","McDaniel College","Centennial","NA NA",NA,NA,NA,NA,NA,NA,NA,NA,NA
"2088",8,"Northern Michigan","GLIAC","Roosevelt","GLIAC","NA NA",NA,NA,NA,NA,NA,NA,NA,NA,NA
"2089",8,"Ferris State","GLIAC","Michigan Tech","GLIAC","NA NA",NA,NA,NA,NA,NA,NA,NA,NA,NA
"2090",8,"Lincoln (MO)","Great Lakes","Upper Iowa","Great Lakes","NA NA",NA,NA,NA,NA,NA,NA,NA,NA,NA
"2091",8,"Concordia-St. Paul","Northern Sun","Minnesota St-Moorhead","Northern Sun","NA NA",NA,NA,NA,NA,NA,NA,NA,NA,NA
"2092",8,"West Liberty","Mountain East","WV Wesleyan","Mountain East","NA NA",NA,NA,NA,NA,NA,NA,NA,NA,NA
"2093",8,"Concord","Mountain East","Glenville State","Mountain East","NA NA",NA,NA,NA,NA,NA,NA,NA,NA,NA
"2094",8,"King's College (PA)","Mid Atlantic","Lebanon Valley","Mid Atlantic","NA NA",NA,NA,NA,NA,NA,NA,NA,NA,NA
"2095",8,"Lake Erie College","Great Midwest Athletic","Hillsdale","Great Midwest Athletic","NA NA",NA,NA,NA,NA,NA,NA,NA,NA,NA
"2096",8,"Northwood (MI)","Great Midwest Athletic","Kentucky Wesleyan","Great Midwest Athletic","NA NA",NA,NA,NA,NA,NA,NA,NA,NA,NA
"2097",8,"Chowan","Gulf South","West Florida","Gulf South","NA NA",NA,NA,NA,NA,NA,NA,NA,NA,NA
"2098",8,"Johnson C Smith","CIAA","Shaw","CIAA","NA NA",NA,NA,NA,NA,NA,NA,NA,NA,NA
"2099",8,"Bowie State","CIAA","Bluefield","CIAA","NA NA",NA,NA,NA,NA,NA,NA,NA,NA,NA
"2100",8,"Wabash College","North Coast","Hiram","North Coast","NA NA",NA,NA,NA,NA,NA,NA,NA,NA,NA
"2101",8,"Kenyon","North Coast","Wittenberg","North Coast","NA NA",NA,NA,NA,NA,NA,NA,NA,NA,NA
"2102",8,"Trine","Michigan","Olivet College","Michigan","NA NA",NA,NA,NA,NA,NA,NA,NA,NA,NA
"2103",8,"Kalamazoo","Michigan","Hope","Michigan","NA NA",NA,NA,NA,NA,NA,NA,NA,NA,NA
"2104",8,"Stevenson","Mid Atlantic","Albright","Mid Atlantic","NA NA",NA,NA,NA,NA,NA,NA,NA,NA,NA
"2105",8,"Union","Liberty League","Buffalo State","Liberty League","NA NA",NA,NA,NA,NA,NA,NA,NA,NA,NA
"2106",8,"Elizabeth City State","CIAA","Virginia State","CIAA","NA NA",NA,NA,NA,NA,NA,NA,NA,NA,NA
"2107",8,"Ithaca","Liberty League","Rensselaer","Liberty League","NA NA",NA,NA,NA,NA,NA,NA,NA,NA,NA
"2108",8,"Middlebury","NESCAC","Trinity (CT)","NESCAC","NA NA",NA,NA,NA,NA,NA,NA,NA,NA,NA
"2109",8,"Bentley","Northeast 10","American International","Northeast 10","NA NA",NA,NA,NA,NA,NA,NA,NA,NA,NA
"2110",8,"Colby","NESCAC","Amherst College","NESCAC","NA NA",NA,NA,NA,NA,NA,NA,NA,NA,NA
"2111",8,"Gallaudet","ECFC","Anna Maria College","ECFC","NA NA",NA,NA,NA,NA,NA,NA,NA,NA,NA
"2112",8,"University of New England","Commonwealth Coast","Endicott College","Commonwealth Coast","NA NA",NA,NA,NA,NA,NA,NA,NA,NA,NA
"2113",8,"Western New England","Commonwealth Coast","Curry","Commonwealth Coast","NA NA",NA,NA,NA,NA,NA,NA,NA,NA,NA
"2114",8,"Southern Connecticut State","Northeast 10","New Haven","Northeast 10","NA NA",NA,NA,NA,NA,NA,NA,NA,NA,NA
"2115",8,"Alvernia University","Mid Atlantic","Eastern University","Mid Atlantic","NA NA",NA,NA,NA,NA,NA,NA,NA,NA,NA
"2116",8,"Waynesburg","Presidents'","Bethany (WV)","Presidents'","NA NA",NA,NA,NA,NA,NA,NA,NA,NA,NA
"2117",8,"UW-River Falls","Wisconsin","UW-Stout","Wisconsin","NA NA",NA,NA,NA,NA,NA,NA,NA,NA,NA
"2118",8,"Westminster PA","Presidents'","St. Vincent","Presidents'","NA NA",NA,NA,NA,NA,NA,NA,NA,NA,NA
"2119",8,"William Paterson","New Jersey","Ursinus","Centennial","NA NA",NA,NA,NA,NA,NA,NA,NA,NA,NA
"2120",8,"Berry College","Southern Athletic","Sewanee Univ. of the South","Southern Athletic","NA NA",NA,NA,NA,NA,NA,NA,NA,NA,NA
"2121",8,"Rhodes","Southern Athletic","Trinity (TX)","Southern Athletic","NA NA",NA,NA,NA,NA,NA,NA,NA,NA,NA
"2122",8,"Salisbury","New Jersey","Montclair State","New Jersey","NA NA",NA,NA,NA,NA,NA,NA,NA,NA,NA
"2123",8,"Manchester","Heartland","Franklin","Heartland","NA NA",NA,NA,NA,NA,NA,NA,NA,NA,NA
"2124",8,"Coast Guard","NEWMAC","Salve Regina","NEWMAC","NA NA",NA,NA,NA,NA,NA,NA,NA,NA,NA
"2125",8,"Wilmington (OH)","Ohio","Otterbein","Ohio","NA NA",NA,NA,NA,NA,NA,NA,NA,NA,NA
"2126",8,"Mount Union","Ohio","Heidelberg","Ohio","NA NA",NA,NA,NA,NA,NA,NA,NA,NA,NA
"2127",8,"Capital","Ohio","Ohio Northern","Ohio","NA NA",NA,NA,NA,NA,NA,NA,NA,NA,NA
"2128",8,"John Carroll","Ohio","Baldwin-Wallace","Ohio","NA NA",NA,NA,NA,NA,NA,NA,NA,NA,NA
"2129",8,"Rose-Hulman","Heartland","Defiance","Heartland","NA NA",NA,NA,NA,NA,NA,NA,NA,NA,NA
"2130",8,"Anderson (IN)","Heartland","Hanover","Heartland","NA NA",NA,NA,NA,NA,NA,NA,NA,NA,NA
"2131",8,"Mount St. Joseph","Heartland","Bluffton","Heartland","NA NA",NA,NA,NA,NA,NA,NA,NA,NA,NA
"2132",8,"Chattanooga","Southern","Wofford","Southern","Chattanooga -18.5",NA,NA,55,-15.5,1,37.5,-33,-18.5,"Chattanooga"
"2133",8,"Furman","Southern","Western Carolina","Southern","Furman -7",NA,NA,49.5,-21,1,43.5,-27,-7,"Furman"
"2134",8,"West Georgia","UAC","Shorter","Gulf South","NA NA",NA,NA,NA,NA,NA,NA,NA,NA,NA
"2135",8,"South Carolina State","MEAC","Fort Valley State","SIAC","NA NA",NA,NA,NA,NA,NA,NA,NA,NA,NA
"2136",8,"Texas A&M-Commerce","Southland","Lamar","Southland","NA NA",NA,NA,NA,NA,NA,30,-40.5,NA,NA
"2137",8,"North Dakota","MVFC","Northern Iowa","MVFC","Northern Iowa -4",NA,NA,59,-11.5,1,64,-6.5,-4,"Northern Iowa"
"2138",8,"Valparaiso","Pioneer","St. Thomas (MN)","Pioneer","NA NA",NA,NA,NA,NA,NA,NA,NA,NA,NA
"2139",8,"Albany State (GA)","SIAC","Morehouse","SIAC","NA NA",NA,NA,NA,NA,NA,NA,NA,NA,NA
"2140",8,"Barton College","South Atlantic","Lenoir-Rhyne","South Atlantic","NA NA",NA,NA,NA,NA,NA,NA,NA,NA,NA
"2141",8,"Augustana (SD)","Northern Sun","Winona State","Northern Sun","NA NA",NA,NA,NA,NA,NA,NA,NA,NA,NA
"2142",8,"UW-Oshkosh","Wisconsin","Wisconsin-Platteville","Wisconsin","NA NA",NA,NA,NA,NA,NA,NA,NA,NA,NA
"2143",8,"Benedictine (IL)","NACC","Wisconsin Lutheran","NACC","NA NA",NA,NA,NA,NA,NA,NA,NA,NA,NA
"2144",8,"St. Norbert","NACC","Concordia (IL)","NACC","NA NA",NA,NA,NA,NA,NA,NA,NA,NA,NA
"2145",8,"Concordia (WI)","NACC","Eureka College","NACC","NA NA",NA,NA,NA,NA,NA,NA,NA,NA,NA
"2146",8,"Indiana (PA)","Pennsylvania State Athletic","Seton Hill College","Pennsylvania State Athletic","NA NA",NA,NA,NA,NA,NA,NA,NA,NA,NA
"2147",8,"Northwestern (MN)","Upper Midwest","Minnesota-Morris","Upper Midwest","NA NA",NA,NA,NA,NA,NA,NA,NA,NA,NA
"2148",8,"Lyon College","Southern Collegiate Athletic","Centenary","Southern Collegiate Athletic","NA NA",NA,NA,NA,NA,NA,NA,NA,NA,NA
"2149",8,"Centre","Southern Athletic","Hendrix College","Southern Athletic","NA NA",NA,NA,NA,NA,NA,NA,NA,NA,NA
"2150",8,"Ferrum","Old Dominion","Hampden-Sydney","Old Dominion","NA NA",NA,NA,NA,NA,NA,NA,NA,NA,NA
"2151",8,"Westfield State","MSCAC","Framingham State","MSCAC","NA NA",NA,NA,NA,NA,NA,NA,NA,NA,NA
"2152",8,"SUNY Maritime","NEWMAC","Worcester Polytechnic","NEWMAC","NA NA",NA,NA,NA,NA,NA,NA,NA,NA,NA
"2153",8,"Cornell College (IA)","Midwest","Monmouth (IL)","Midwest","NA NA",NA,NA,NA,NA,NA,NA,NA,NA,NA
"2154",8,"Eastern New Mexico","Lone Star","West Texas A&M","Lone Star","NA NA",NA,NA,NA,NA,NA,NA,NA,NA,NA
"2155",8,"North Greenville","Gulf South","Erskine","Gulf South","NA NA",NA,NA,NA,NA,NA,NA,NA,NA,NA
"2156",8,"Knox College","Midwest","Illinois College","Midwest","NA NA",NA,NA,NA,NA,NA,NA,NA,NA,NA
"2157",8,"Carroll (WI)","CCIW","Augustana (IL)","CCIW","NA NA",NA,NA,NA,NA,NA,NA,NA,NA,NA
"2158",8,"Carthage","CCIW","Wheaton College (Ill)","CCIW","NA NA",NA,NA,NA,NA,NA,NA,NA,NA,NA
"2159",8,"Grinnell","Midwest","Lake Forest","Midwest","NA NA",NA,NA,NA,NA,NA,NA,NA,NA,NA
"2160",8,"Ripon","Midwest","Chicago","Midwest","NA NA",NA,NA,NA,NA,NA,NA,NA,NA,NA
"2161",8,"Aurora","NACC","Rockford","NACC","NA NA",NA,NA,NA,NA,NA,NA,NA,NA,NA
"2162",8,"Elmhurst","CCIW","Washington (MO)","CCIW","NA NA",NA,NA,NA,NA,NA,NA,NA,NA,NA
"2163",8,"Washburn","Mid America","Missouri Southern State","Mid America","NA NA",NA,NA,NA,NA,NA,NA,NA,NA,NA
"2164",8,"Bemidji State","Northern Sun","Minot State","Northern Sun","NA NA",NA,NA,NA,NA,NA,NA,NA,NA,NA
"2165",8,"Davenport","GLIAC","Wayne State (MI)","GLIAC","NA NA",NA,NA,NA,NA,NA,NA,NA,NA,NA
"2166",8,"Sioux Falls","Northern Sun","Minnesota-Duluth","Northern Sun","NA NA",NA,NA,NA,NA,NA,NA,NA,NA,NA
"2167",8,"Central","American Rivers","Luther","American Rivers","NA NA",NA,NA,NA,NA,NA,NA,NA,NA,NA
"2168",8,"Loras College","American Rivers","Dubuque","American Rivers","NA NA",NA,NA,NA,NA,NA,NA,NA,NA,NA
"2169",8,"Nebraska Wesleyan University","American Rivers","Coe","American Rivers","NA NA",NA,NA,NA,NA,NA,NA,NA,NA,NA
"2170",8,"McKendree","Great Lakes","Indianapolis","Great Lakes","NA NA",NA,NA,NA,NA,NA,NA,NA,NA,NA
"2171",8,"Austin College","Southern Collegiate Athletic","Texas Lutheran","Southern Collegiate Athletic","NA NA",NA,NA,NA,NA,NA,NA,NA,NA,NA
"2172",8,"Illinois Wesleyan","CCIW","Millikin","CCIW","NA NA",NA,NA,NA,NA,NA,NA,NA,NA,NA
"2173",8,"William Jewell College","Great Lakes","Missouri S&T","Great Lakes","NA NA",NA,NA,NA,NA,NA,NA,NA,NA,NA
"2174",8,"Quincy","Great Lakes","Truman State","Great Lakes","NA NA",NA,NA,NA,NA,NA,NA,NA,NA,NA
"2175",8,"Bethel (MN)","Minnesota","Augsburg","Minnesota","NA NA",NA,NA,NA,NA,NA,NA,NA,NA,NA
"2176",8,"Carleton","Minnesota","St. Johns (MN)","Minnesota","NA NA",NA,NA,NA,NA,NA,NA,NA,NA,NA
"2177",8,"Hamline","Minnesota","Concordia (MN)","Minnesota","NA NA",NA,NA,NA,NA,NA,NA,NA,NA,NA
"2178",8,"Macalester","Minnesota","Gustavus Adolphus","Minnesota","NA NA",NA,NA,NA,NA,NA,NA,NA,NA,NA
"2179",8,"St. Olaf College","Minnesota","St. Scholastica","Minnesota","NA NA",NA,NA,NA,NA,NA,NA,NA,NA,NA
"2180",8,"Beloit College","Midwest","Lawrence","Midwest","NA NA",NA,NA,NA,NA,NA,NA,NA,NA,NA
"2181",8,"Mars Hill","South Atlantic","Tusculum","South Atlantic","NA NA",NA,NA,NA,NA,NA,NA,NA,NA,NA
"2182",8,"Wartburg","American Rivers","Simpson College","American Rivers","NA NA",NA,NA,NA,NA,NA,NA,NA,NA,NA
"2183",8,"Castleton State College","MSCAC","Plymouth State","MSCAC","NA NA",NA,NA,NA,NA,NA,NA,NA,NA,NA
"2184",8,"Colorado State-Pueblo","Rocky Mountain","Black Hills State","Rocky Mountain","NA NA",NA,NA,NA,NA,NA,NA,NA,NA,NA
"2185",8,"Adams State","Rocky Mountain","Colorado Mines","Rocky Mountain","NA NA",NA,NA,NA,NA,NA,NA,NA,NA,NA
"2186",8,"Colorado Mesa","Rocky Mountain","New Mexico Highlands","Rocky Mountain","NA NA",NA,NA,NA,NA,NA,NA,NA,NA,NA
"2187",8,"Chadron State","Rocky Mountain","Fort Lewis","Rocky Mountain","NA NA",NA,NA,NA,NA,NA,NA,NA,NA,NA
"2188",8,"Northwest Missouri State","Mid America","Central Missouri State","Mid America","NA NA",NA,NA,NA,NA,NA,NA,NA,NA,NA
"2189",8,"Pittsburg State","Mid America","Fort Hays State","Mid America","NA NA",NA,NA,NA,NA,NA,NA,NA,NA,NA
"2190",8,"Missouri Western","Mid America","Nebraska-Kearney","Mid America","NA NA",NA,NA,NA,NA,NA,NA,NA,NA,NA
"2191",8,"Arkansas-Monticello","Great American","Arkansas Tech","Great American","NA NA",NA,NA,NA,NA,NA,NA,NA,NA,NA
"2192",8,"Saginaw Valley","GLIAC","Grand Valley State","GLIAC","NA NA",NA,NA,NA,NA,NA,NA,NA,NA,NA
"2193",8,"Henderson State","Great American","Southern Arkansas","Great American","NA NA",NA,NA,NA,NA,NA,NA,NA,NA,NA
"2194",8,"Southeastern Oklahoma","Great American","Southern Nazarene","Great American","NA NA",NA,NA,NA,NA,NA,NA,NA,NA,NA
"2195",8,"Valdosta State","Gulf South","Mississippi College","Gulf South","NA NA",NA,NA,NA,NA,NA,NA,NA,NA,NA
"2196",8,"Lane","SIAC","Central State","SIAC","NA NA",NA,NA,NA,NA,NA,NA,NA,NA,NA
"2197",8,"University of Mary","Northern Sun","Wayne State (NE)","Northern Sun","NA NA",NA,NA,NA,NA,NA,NA,NA,NA,NA
"2198",8,"Methodist","USA South","Southern Virginia","USA South","NA NA",NA,NA,NA,NA,NA,NA,NA,NA,NA
"2199",8,"Adrian","Michigan","Calvin University","Michigan","NA NA",NA,NA,NA,NA,NA,NA,NA,NA,NA
"2200",8,"College of New Jersey","New Jersey","Kean","New Jersey","NA NA",NA,NA,NA,NA,NA,NA,NA,NA,NA
"2201",8,"St. John Fisher","Empire 8","Hartwick","Empire 8","NA NA",NA,NA,NA,NA,NA,NA,NA,NA,NA
"2202",8,"Murray State","MVFC","Illinois State","MVFC","Illinois State -7",NA,NA,42,-28.5,1,50,-20.5,-7,"Illinois State"
"2203",8,"Samford","Southern","Mercer","Southern","Mercer -3",NA,NA,47,-23.5,1,51,-19.5,-3,"Mercer"
"2204",8,"California (PA)","Pennsylvania State Athletic","Slippery Rock","Pennsylvania State Athletic","NA NA",NA,NA,NA,NA,NA,NA,NA,NA,NA
"2205",8,"Missouri State","MVFC","Indiana State","MVFC","Missouri State -17",NA,NA,63,-7.5,1,47,-23.5,-17,"Missouri State"
"2206",8,"Western State","Rocky Mountain","South Dakota Mines","Rocky Mountain","NA NA",NA,NA,NA,NA,NA,NA,NA,NA,NA
"2207",8,"William & Mary","CAA","Campbell","CAA","William & Mary -9.5",NA,NA,47.5,-23,1,39,-31.5,-9.5,"William & Mary"
"2208",8,"Howard Payne","American Southwest","Mary Hardin-Baylor","American Southwest","NA NA",NA,NA,NA,NA,NA,NA,NA,NA,NA
"2209",8,"Brevard College","USA South","LaGrange College","USA South","NA NA",NA,NA,NA,NA,NA,NA,NA,NA,NA
"2210",8,"Howard","MEAC","Tennessee State","Big South-OVC","Tennessee State -10",NA,NA,25.5,-45,1,36.5,-34,-10,"Tennessee State"
"2211",8,"Jackson State","SWAC","Florida A&M","SWAC","Florida A&M 0",NA,NA,45,-25.5,1,46,-24.5,0,"Florida A&M"
"2212",8,"Albany","CAA","Elon","CAA","Elon -7",NA,NA,40,-30.5,1,48,-22.5,-7,"Elon"
"2213",8,"Richmond","CAA","Delaware","CAA","Richmond -5",NA,NA,51,-19.5,1,47,-23.5,-5,"Richmond"
"2214",8,"Navy","American Athletic","Charlotte","American Athletic","Navy -0.6",NA,NA,58.5,-13.3,2.612,60.5,-18.1,-0.6,"Navy"
"2215",8,"Western Illinois","Big South-OVC","Tennessee Tech","Big South-OVC","NA NA",NA,NA,NA,NA,NA,31.5,-39,NA,NA
"2216",8,"Idaho","Big Sky","Cal Poly","Big Sky","Idaho -12.5",NA,NA,46,-24.5,1,34.5,-36,-12.5,"Idaho"
"2217",8,"Northern Arizona","Big Sky","Idaho State","Big Sky","Northern Arizona -8",NA,NA,46,-24.5,1,39,-31.5,-8,"Northern Arizona"
"2218",8,"Portland State","Big Sky","Montana State","Big Sky","Montana State -14.5",NA,NA,49.5,-21,1,65,-5.5,-14.5,"Montana State"
"2219",8,"Claremont","So. Cal.","La Verne","So. Cal.","NA NA",NA,NA,NA,NA,NA,NA,NA,NA,NA
"2220",8,"Pacific Lutheran","Northwest","Willamette","Northwest","NA NA",NA,NA,NA,NA,NA,NA,NA,NA,NA
"2221",8,"East Central","Great American","Northwestern Oklahoma State","Great American","NA NA",NA,NA,NA,NA,NA,NA,NA,NA,NA
"2222",8,"Livingstone","CIAA","Winston-Salem","CIAA","NA NA",NA,NA,NA,NA,NA,NA,NA,NA,NA
"2223",8,"Lewis & Clark","Northwest","Pacific (OR)","Northwest","NA NA",NA,NA,NA,NA,NA,NA,NA,NA,NA
"2224",8,"Guilford","Old Dominion","Washington & Lee","Old Dominion","NA NA",NA,NA,NA,NA,NA,NA,NA,NA,NA
"2225",8,"Averett","Old Dominion","Randolph-Macon","Old Dominion","NA NA",NA,NA,NA,NA,NA,NA,NA,NA,NA
"2226",8,"Puget Sound","Northwest","Whitworth","Northwest","NA NA",NA,NA,NA,NA,NA,NA,NA,NA,NA
"2227",8,"Utah Tech","UAC","Austin Peay","UAC","NA NA",NA,NA,NA,NA,NA,50,-20.5,NA,NA
"2228",8,"Abilene Christian","UAC","Eastern Kentucky","UAC","Eastern Kentucky -8",NA,NA,43,-27.5,1,52,-18.5,-8,"Eastern Kentucky"
"2229",8,"Charleston Southern","Big South-OVC","Southeast Missouri State","Big South-OVC","Southeast Missouri State -18.5",NA,NA,43.5,-27,1,63,-7.5,-18.5,"Southeast Missouri State"
"2230",8,"Gardner-Webb","Big South-OVC","Lindenwood","Big South-OVC","NA NA",NA,NA,38,-32.5,1,NA,NA,NA,NA
"2231",8,"Incarnate Word","Southland","McNeese","Southland","Incarnate Word -11.5",NA,NA,57.5,-13,1,47,-23.5,-11.5,"Incarnate Word"
"2232",8,"Southeastern Louisiana","Southland","Stephen F. Austin","Southland","Southeastern Louisiana -2.5",NA,NA,57.5,-13,1,56,-14.5,-2.5,"Southeastern Louisiana"
"2233",8,"Western Connecticut State","MSCAC","Bridgewater State","MSCAC","NA NA",NA,NA,NA,NA,NA,NA,NA,NA,NA
"2234",8,"Delta State","Gulf South","West Alabama","Gulf South","NA NA",NA,NA,NA,NA,NA,NA,NA,NA,NA
"2235",8,"San Diego","Pioneer","Marist","Pioneer","NA NA",NA,NA,NA,NA,NA,NA,NA,NA,NA
"2236",8,"Utah State","Mountain West","New Mexico","Mountain West","Utah State -9.7",NA,NA,61.5,-11.1,2.748,54.5,-20.6,-9.7,"Utah State"
"2237",8,"Washington & Jefferson","Presidents'","Grove City College","Presidents'","NA NA",NA,NA,NA,NA,NA,NA,NA,NA,NA
"2238",8,"Lock Haven","Pennsylvania State Athletic","Bloomsburg","Pennsylvania State Athletic","NA NA",NA,NA,NA,NA,NA,NA,NA,NA,NA
"2239",8,"Edward Waters","SIAC","Savannah State","SIAC","NA NA",NA,NA,NA,NA,NA,NA,NA,NA,NA
"2240",8,"Catawba","South Atlantic","Newberry","South Atlantic","NA NA",NA,NA,NA,NA,NA,NA,NA,NA,NA
"2241",8,"Bridgewater (VA)","Old Dominion","Shenandoah","Old Dominion","NA NA",NA,NA,NA,NA,NA,NA,NA,NA,NA
"2242",8,"Case Western Reserve","Presidents'","Thiel College","Presidents'","NA NA",NA,NA,NA,NA,NA,NA,NA,NA,NA
"2243",8,"Youngstown State","MVFC","South Dakota","MVFC","South Dakota -6",NA,NA,52.5,-18,1,59.5,-11,-6,"South Dakota"
"2244",8,"East Stroudsburg","Pennsylvania State Athletic","West Chester","Pennsylvania State Athletic","NA NA",NA,NA,NA,NA,NA,NA,NA,NA,NA
"2245",8,"Geneva College","Presidents'","Allegheny","Presidents'","NA NA",NA,NA,NA,NA,NA,NA,NA,NA,NA
"2246",8,"Muskingum","Ohio","Marietta","Ohio","NA NA",NA,NA,NA,NA,NA,NA,NA,NA,NA
"2247",8,"Northern State","Northern Sun","Southwest Minnesota State","Northern Sun","NA NA",NA,NA,NA,NA,NA,NA,NA,NA,NA
"2248",8,"Allen","SIAC","Benedict College","SIAC","NA NA",NA,NA,NA,NA,NA,NA,NA,NA,NA
"2249",8,"Wooster","North Coast","Ohio Wesleyan","North Coast","NA NA",NA,NA,NA,NA,NA,NA,NA,NA,NA
"2250",8,"North Central","CCIW","North Park","CCIW","NA NA",NA,NA,NA,NA,NA,NA,NA,NA,NA
"2251",8,"McMurry","Southern Collegiate Athletic","Hardin-Simmons","American Southwest","NA NA",NA,NA,NA,NA,NA,NA,NA,NA,NA
"2252",8,"Oklahoma Baptist","Great American","Southwestern Oklahoma","Great American","NA NA",NA,NA,NA,NA,NA,NA,NA,NA,NA
"2253",8,"Eastern Washington","Big Sky","UC Davis","Big Sky","Eastern Washington -12",NA,NA,65,-5.5,1,54,-16.5,-12,"Eastern Washington"
"2254",8,"Southern","SWAC","Alcorn State","SWAC","Alcorn State -3.5",NA,NA,33.5,-37,1,38,-32.5,-3.5,"Alcorn State"
"2255",8,"Vanderbilt","SEC","Ball State","Mid-American","Vanderbilt -12.4",NA,NA,65,-7.3,0.874,53.5,-16.9,-12.4,"Vanderbilt"
"2256",8,"Air Force","Mountain West","Colorado State","Mountain West","Air Force -2.2",NA,NA,62,-7.1,3.212,63,-10.6,-2.2,"Air Force"
"2257",8,"Midwestern State","Lone Star","Angelo State","Lone Star","NA NA",NA,NA,NA,NA,NA,NA,NA,NA,NA
"2258",8,"Texas A&M-Kingsville","Lone Star","Central Washington","Lone Star","NA NA",NA,NA,NA,NA,NA,NA,NA,NA,NA
"2259",8,"Ouachita Baptist","Great American","Harding","Great American","NA NA",NA,NA,NA,NA,NA,NA,NA,NA,NA
"2260",8,"Sacramento State","Big Sky","Weber State","Big Sky","Sacramento State -2",NA,NA,60.5,-10,1,59.5,-11,-2,"Sacramento State"
"2261",8,"Chapman","So. Cal.","Pomona-Pitzer","So. Cal.","NA NA",NA,NA,NA,NA,NA,NA,NA,NA,NA
"2262",8,"Cal Lutheran","So. Cal.","Redlands","So. Cal.","NA NA",NA,NA,NA,NA,NA,NA,NA,NA,NA
"2263",9,"Florida International","Conference USA","Sam Houston State","Conference USA","NA NA",NA,NA,50.5,-19,1.83,NA,NA,NA,NA
"2264",9,"Louisiana Tech","Conference USA","UTEP","Conference USA","Louisiana Tech -3.9",NA,NA,46.5,-16.7,2.37,45,-17.8,-3.9,"Louisiana Tech"
"2265",9,"Kennesaw State","Conference USA","Liberty","Conference USA","Liberty -17",NA,NA,57.5,-13,1,75.5,3.9,-17,"Liberty"
"2266",9,"Jacksonville State","Conference USA","Middle Tennessee","Conference USA","Jacksonville State -10",NA,NA,60.5,-9.9,2.5,53,-13.4,-10,"Jacksonville State"
"2267",9,"Old Dominion","Sun Belt","Georgia Southern","Sun Belt","Old Dominion -4.6",NA,NA,62.5,-13.1,1.668,59.6,-10.3,-4.6,"Old Dominion"
"2268",9,"Pittsburgh","ACC","Syracuse","ACC","Syracuse -1.6",NA,NA,66.5,-0.8,1.948,70,-1,-1.6,"Syracuse"
"2269",9,"Pennsylvania","Ivy","Yale","Ivy","NA NA",NA,NA,NA,NA,NA,49.5,-21,NA,NA
"2270",9,"Boston College","ACC","Louisville","ACC","Louisville -14.1",NA,NA,69,-2.4,1.852,85,11.3,-14.1,"Louisville"
"2271",9,"UNLV","Mountain West","Boise State","Mountain West","Boise State -5.4",NA,NA,70.5,-5.2,2.106,78,7.9,-5.4,"Boise State"
"2272",9,"USC","Big Ten","Rutgers","Big Ten","USC -12.9",NA,NA,87.5,13.9,2.358,77,3.5,-12.9,"USC"
"2273",9,"South Alabama","Sun Belt","Louisiana Monroe","Sun Belt","NA NA",NA,NA,61,-6.4,2.458,NA,NA,NA,NA
"2274",9,"James Madison","Sun Belt","Southern Mississippi","Sun Belt","NA NA",NA,NA,69.5,0.7,2.7,NA,NA,NA,NA
"2275",9,"Appalachian State","Sun Belt","Georgia State","Sun Belt","Appalachian State -21.3",NA,NA,79,0.5,1.806,59.5,-11.3,-21.3,"Appalachian State"
"2276",9,"Wisconsin","Big Ten","Penn State","Big Ten","Penn State -17",NA,NA,77.5,12.9,1.952,96.5,26.1,-17,"Penn State"
"2277",9,"Ohio State","Big Ten","Nebraska","Big Ten","Ohio State -31.5",NA,NA,99,30.8,2.984,70.5,7.4,-31.5,"Ohio State"
"2278",9,"Michigan","Big Ten","Michigan State","Big Ten","Michigan -29.9",NA,NA,94.5,25,2.884,67.5,-2.4,-29.9,"Michigan"
"2279",9,"Minnesota","Big Ten","Maryland","Big Ten","Maryland -0.1",NA,NA,71.5,4.2,2.436,74,5.2,-0.1,"Maryland"
"2280",9,"Colorado State","Mountain West","New Mexico","Mountain West","Colorado State -10.5",NA,NA,63,-10.6,1.984,54.5,-20.6,-10.5,"Colorado State"
"2281",9,"Virginia Tech","ACC","Georgia Tech","ACC","Virginia Tech -4.3",NA,NA,78,9.4,2.308,76,0.6,-4.3,"Virginia Tech"
"2282",9,"Stanford","ACC","Wake Forest","ACC","Stanford -4.4",NA,NA,67,-3.5,1.37,64,-2.6,-4.4,"Stanford"
"2283",9,"Indiana","Big Ten","Washington","Big Ten","Washington -8.6",NA,NA,76.5,-4.5,1.9,87,10.3,-8.6,"Washington"
"2284",9,"Oregon","Big Ten","Illinois","Big Ten","Oregon -28.5",NA,NA,97.5,29,2.508,71.5,0.1,-28.5,"Oregon"
"2285",9,"Vanderbilt","SEC","Texas","SEC","Texas -31.1",NA,NA,65,-7.3,0.874,97,27.7,-31.1,"Texas"
"2286",9,"Texas A&M","SEC","LSU","SEC","LSU -3.5",NA,NA,88,19.2,2.516,94,23.1,-3.5,"LSU"
"2287",9,"Mississippi State","SEC","Arkansas","SEC","Mississippi State -4.1",NA,NA,77,1.1,2.64,75.5,6.1,-4.1,"Mississippi State"
"2288",9,"Ole Miss","SEC","Oklahoma","SEC","Ole Miss -3.9",NA,NA,91,24.7,2.424,89.5,19.8,-3.9,"Ole Miss"
"2289",9,"Kentucky","SEC","Auburn","SEC","Auburn -2.8",NA,NA,78,13.8,2.738,83.5,13.1,-2.8,"Auburn"
"2290",9,"Tulsa","American Athletic","UT San Antonio","American Athletic","NA NA",NA,NA,52.5,-13.2,0.738,NA,NA,NA,NA
"2291",9,"Memphis","American Athletic","Charlotte","American Athletic","Memphis -14.5",NA,NA,72.5,6.1,2.464,60.5,-18.1,-14.5,"Memphis"
"2292",9,"East Carolina","American Athletic","Temple","American Athletic","East Carolina -16",NA,NA,60.5,-9.5,0,44.5,-21.9,-16,"East Carolina"
"2293",9,"Western Michigan","Mid-American","Kent State","Mid-American","Western Michigan -18",NA,NA,60,-12.9,2.514,44.5,-20.9,-18,"Western Michigan"
"2294",9,"Ohio","Mid-American","Buffalo","Mid-American","Ohio -11.4",NA,NA,56.5,-12,2.9,48,-17,-11.4,"Ohio"
"2295",9,"Toledo","Mid-American","Bowling Green","Mid-American","Bowling Green -0.4",NA,NA,62.5,-7,2.644,65.5,-11.2,-0.4,"Bowling Green"
"2296",9,"Ball State","Mid-American","Northern Illinois","Mid-American","Northern Illinois -5",NA,NA,53.5,-16.9,1.5,60,-10.6,-5,"Northern Illinois"
"2297",9,"Akron","Mid-American","Eastern Michigan","Mid-American","Akron -0.2",NA,NA,48.5,-22.2,0.726,49,-15.9,-0.2,"Akron"
"2298",9,"Miami (OH)","Mid-American","Central Michigan","Mid-American","NA NA",NA,NA,NA,NA,NA,56,-15.9,NA,NA
"2299",9,"Baylor","Big 12","Oklahoma State","Big 12","Oklahoma State -13",NA,NA,70.5,2.2,2.464,86,14,-13,"Oklahoma State"
"2300",9,"Colorado","Big 12","Cincinnati","Big 12","Colorado -5.6",NA,NA,75,0.3,2.572,72,-0.1,-5.6,"Colorado"
"2301",9,"Houston","Big 12","Utah","Big 12","Utah -8.8",NA,NA,77.5,-3.3,1.67,88,15.8,-8.8,"Utah"
"2302",9,"Kansas State","Big 12","Kansas","Big 12","Kansas State -6.8",NA,NA,88,16.4,3.824,85,9.7,-6.8,"Kansas State"
"2303",9,"Miami","ACC","Florida State","ACC","Miami -3.2",NA,NA,86.5,15.5,1.734,85,19.9,-3.2,"Miami"
"2304",9,"Duke","ACC","SMU","ACC","SMU -11.3",NA,NA,67,3.1,3.184,81.5,12.7,-11.3,"SMU"
"2305",9,"Alabama","SEC","Missouri","SEC","Alabama -10.7",NA,NA,96,27.8,3.216,88.5,22.2,-10.7,"Alabama"
"2306",9,"Virginia","ACC","North Carolina","ACC","North Carolina -8.7",NA,NA,66,-3.5,3.304,78,7.9,-8.7,"North Carolina"
"2307",9,"California","ACC","Oregon State","Pac-12","California -9.3",NA,NA,79.5,2.8,2.802,73,3.2,-9.3,"California"
"2308",9,"TCU","Big 12","Texas Tech","Big 12","TCU -1.2",NA,NA,71,8.7,2.232,72,7.4,-1.2,"TCU"
"2309",9,"UCF","Big 12","BYU","Big 12","UCF -10.2",NA,NA,79,5.9,2.692,71.5,-1.5,-10.2,"UCF"
"2310",9,"North Texas","American Athletic","Tulane","American Athletic","Tulane -12.6",NA,NA,57.5,-11.3,2.858,73,-0.8,-12.6,"Tulane"
"2311",9,"Arizona","Big 12","West Virginia","Big 12","Arizona -3.2",NA,NA,81,12.4,2.7,80.5,9.7,-3.2,"Arizona"
"2312",9,"Alma College","Michigan","Olivet College","Michigan","NA NA",NA,NA,NA,NA,NA,NA,NA,NA,NA
"2313",9,"UNC Pembroke","Mountain East","West Virginia State","Mountain East","NA NA",NA,NA,NA,NA,NA,NA,NA,NA,NA
"2314",9,"Glenville State","Mountain East","West Liberty","Mountain East","NA NA",NA,NA,NA,NA,NA,NA,NA,NA,NA
"2315",9,"Charleston (WV)","Mountain East","Fairmont State","Mountain East","NA NA",NA,NA,NA,NA,NA,NA,NA,NA,NA
"2316",9,"Millsaps","Southern Athletic","Hendrix College","Southern Athletic","NA NA",NA,NA,NA,NA,NA,NA,NA,NA,NA
"2317",9,"West Texas A&M","Lone Star","University of Texas of the Permian Basin","Lone Star","NA NA",NA,NA,NA,NA,NA,NA,NA,NA,NA
"2318",9,"Western New Mexico","Lone Star","Eastern New Mexico","Lone Star","NA NA",NA,NA,NA,NA,NA,NA,NA,NA,NA
"2319",9,"Columbia","Ivy","Dartmouth","Ivy","NA NA",NA,NA,NA,NA,NA,NA,NA,NA,NA
"2320",9,"Central Missouri State","Mid America","Washburn","Mid America","NA NA",NA,NA,NA,NA,NA,NA,NA,NA,NA
"2321",9,"Ohio Dominican","Great Midwest Athletic","Walsh","Great Midwest Athletic","NA NA",NA,NA,NA,NA,NA,NA,NA,NA,NA
"2322",9,"Michigan Tech","GLIAC","Northern Michigan","GLIAC","NA NA",NA,NA,NA,NA,NA,NA,NA,NA,NA
"2323",9,"Brown","Ivy","Cornell","Ivy","NA NA",NA,NA,NA,NA,NA,NA,NA,NA,NA
"2324",9,"Sacred Heart","FCS Independents","Mercyhurst","NEC","NA NA",NA,NA,NA,NA,NA,NA,NA,NA,NA
"2325",9,"Lehigh","Patriot","Fordham","Patriot","NA NA",NA,NA,NA,NA,NA,40,-30.5,NA,NA
"2326",9,"Long Island University","NEC","Central Connecticut","NEC","NA NA",NA,NA,NA,NA,NA,20,-19,NA,NA
"2327",9,"Marist","Pioneer","Valparaiso","Pioneer","NA NA",NA,NA,NA,NA,NA,NA,NA,NA,NA
"2328",9,"Dayton","Pioneer","Morehead State","Pioneer","NA NA",NA,NA,NA,NA,NA,NA,NA,NA,NA
"2329",9,"Bryant","CAA","Richmond","CAA","Richmond -13.5",NA,NA,36.5,-34,1,51,-19.5,-13.5,"Richmond"
"2330",9,"Plymouth State","MSCAC","Westfield State","MSCAC","NA NA",NA,NA,NA,NA,NA,NA,NA,NA,NA
"2331",9,"MIT","NEWMAC","SUNY Maritime","NEWMAC","NA NA",NA,NA,NA,NA,NA,NA,NA,NA,NA
"2332",9,"Dean College","ECFC","Gallaudet","ECFC","NA NA",NA,NA,NA,NA,NA,NA,NA,NA,NA
"2333",9,"Hartwick","Empire 8","Hilbert College","Empire 8","NA NA",NA,NA,NA,NA,NA,NA,NA,NA,NA
"2334",9,"Assumption","Northeast 10","New Haven","Northeast 10","NA NA",NA,NA,NA,NA,NA,NA,NA,NA,NA
"2335",9,"Shenandoah","Old Dominion","Guilford","Old Dominion","NA NA",NA,NA,NA,NA,NA,NA,NA,NA,NA
"2336",9,"Southwestern University","Southern Athletic","Centre","Southern Athletic","NA NA",NA,NA,NA,NA,NA,NA,NA,NA,NA
"2337",9,"Otterbein","Ohio","Capital","Ohio","NA NA",NA,NA,NA,NA,NA,NA,NA,NA,NA
"2338",9,"Montclair State","New Jersey","William Paterson","New Jersey","NA NA",NA,NA,NA,NA,NA,NA,NA,NA,NA
"2339",9,"Kean","New Jersey","Christopher Newport","New Jersey","NA NA",NA,NA,NA,NA,NA,NA,NA,NA,NA
"2340",9,"Salve Regina","NEWMAC","Springfield","NEWMAC","NA NA",NA,NA,NA,NA,NA,NA,NA,NA,NA
"2341",9,"Norwich","NEWMAC","Coast Guard","NEWMAC","NA NA",NA,NA,NA,NA,NA,NA,NA,NA,NA
"2342",9,"Hamilton","NESCAC","Colby","NESCAC","NA NA",NA,NA,NA,NA,NA,NA,NA,NA,NA
"2343",9,"Ohio Wesleyan","North Coast","Hiram","North Coast","NA NA",NA,NA,NA,NA,NA,NA,NA,NA,NA
"2344",9,"Tiffin","Great Midwest Athletic","Lake Erie College","Great Midwest Athletic","NA NA",NA,NA,NA,NA,NA,NA,NA,NA,NA
"2345",9,"Thomas More","Great Midwest Athletic","Findlay","Great Midwest Athletic","NA NA",NA,NA,NA,NA,NA,NA,NA,NA,NA
"2346",9,"Oberlin","North Coast","Wooster","North Coast","NA NA",NA,NA,NA,NA,NA,NA,NA,NA,NA
"2347",9,"Framingham State","MSCAC","Mass Maritime","MSCAC","NA NA",NA,NA,NA,NA,NA,NA,NA,NA,NA
"2348",9,"Fitchburg State","MSCAC","Castleton State College","MSCAC","NA NA",NA,NA,NA,NA,NA,NA,NA,NA,NA
"2349",9,"Eastern University","Mid Atlantic","Stevenson","Mid Atlantic","NA NA",NA,NA,NA,NA,NA,NA,NA,NA,NA
"2350",9,"Rochester","Liberty League","St Lawrence","Liberty League","NA NA",NA,NA,NA,NA,NA,NA,NA,NA,NA
"2351",9,"Wilkes","Landmark Conference","Susquehanna","Landmark Conference","NA NA",NA,NA,NA,NA,NA,NA,NA,NA,NA
"2352",9,"Bluffton","Heartland","Rose-Hulman","Heartland","NA NA",NA,NA,NA,NA,NA,NA,NA,NA,NA
"2353",9,"Edinboro","Pennsylvania State Athletic","Gannon","Pennsylvania State Athletic","NA NA",NA,NA,NA,NA,NA,NA,NA,NA,NA
"2354",9,"California (PA)","Pennsylvania State Athletic","Indiana (PA)","Pennsylvania State Athletic","NA NA",NA,NA,NA,NA,NA,NA,NA,NA,NA
"2355",9,"FDU-Florham","Mid Atlantic","King's College (PA)","Mid Atlantic","NA NA",NA,NA,NA,NA,NA,NA,NA,NA,NA
"2356",9,"Delaware Valley","Mid Atlantic","Albright","Mid Atlantic","NA NA",NA,NA,NA,NA,NA,NA,NA,NA,NA
"2357",9,"Anna Maria College","ECFC","Alfred State College","ECFC","NA NA",NA,NA,NA,NA,NA,NA,NA,NA,NA
"2358",9,"Navy","American Athletic","Notre Dame","FBS Independents","Notre Dame -27.9",NA,NA,58.5,-13.3,2.612,89,23.4,-27.9,"Notre Dame"
"2359",9,"East Stroudsburg","Pennsylvania State Athletic","Lock Haven","Pennsylvania State Athletic","NA NA",NA,NA,NA,NA,NA,NA,NA,NA,NA
"2360",9,"Kentucky Wesleyan","Great Midwest Athletic","Hillsdale","Great Midwest Athletic","NA NA",NA,NA,NA,NA,NA,NA,NA,NA,NA
"2361",9,"Ashland","Great Midwest Athletic","Northwood (MI)","Great Midwest Athletic","NA NA",NA,NA,NA,NA,NA,NA,NA,NA,NA
"2362",9,"Bowie State","CIAA","Virginia Union","CIAA","NA NA",NA,NA,NA,NA,NA,NA,NA,NA,NA
"2363",9,"Wabash College","North Coast","Kenyon","North Coast","NA NA",NA,NA,NA,NA,NA,NA,NA,NA,NA
"2364",9,"DePauw","North Coast","Wittenberg","North Coast","NA NA",NA,NA,NA,NA,NA,NA,NA,NA,NA
"2365",9,"Augsburg","Minnesota","St. Olaf College","Minnesota","NA NA",NA,NA,NA,NA,NA,NA,NA,NA,NA
"2366",9,"Albion","Michigan","Kalamazoo","Michigan","NA NA",NA,NA,NA,NA,NA,NA,NA,NA,NA
"2367",9,"Buffalo State","Liberty League","Ithaca","Liberty League","NA NA",NA,NA,NA,NA,NA,NA,NA,NA,NA
"2368",9,"Hobart","Liberty League","Union","Liberty League","NA NA",NA,NA,NA,NA,NA,NA,NA,NA,NA
"2369",9,"Lycoming","Landmark Conference","Keystone","Landmark Conference","NA NA",NA,NA,NA,NA,NA,NA,NA,NA,NA
"2370",9,"SUNY Cortland","Empire 8","St. John Fisher","Empire 8","NA NA",NA,NA,NA,NA,NA,NA,NA,NA,NA
"2371",9,"Utica","Empire 8","Alfred","Empire 8","NA NA",NA,NA,NA,NA,NA,NA,NA,NA,NA
"2372",9,"Nichols","Commonwealth Coast","University of New England","Commonwealth Coast","NA NA",NA,NA,NA,NA,NA,NA,NA,NA,NA
"2373",9,"Curry","Commonwealth Coast","Husson","Commonwealth Coast","NA NA",NA,NA,NA,NA,NA,NA,NA,NA,NA
"2374",9,"Ursinus","Centennial","Johns Hopkins","Centennial","NA NA",NA,NA,NA,NA,NA,NA,NA,NA,NA
"2375",9,"Gettysburg","Centennial","College of New Jersey","New Jersey","NA NA",NA,NA,NA,NA,NA,NA,NA,NA,NA
"2376",9,"Muhlenberg","Centennial","Dickinson","Centennial","NA NA",NA,NA,NA,NA,NA,NA,NA,NA,NA
"2377",9,"Upper Iowa","Great Lakes","Indianapolis","Great Lakes","NA NA",NA,NA,NA,NA,NA,NA,NA,NA,NA
"2378",9,"Minnesota St-Moorhead","Northern Sun","Southwest Minnesota State","Northern Sun","NA NA",NA,NA,NA,NA,NA,NA,NA,NA,NA
"2379",9,"Illinois College","Midwest","Lawrence","Midwest","NA NA",NA,NA,NA,NA,NA,NA,NA,NA,NA
"2380",9,"Misericordia","Mid Atlantic","Lebanon Valley","Mid Atlantic","NA NA",NA,NA,NA,NA,NA,NA,NA,NA,NA
"2381",9,"Emory & Henry","South Atlantic","Carson-Newman","South Atlantic","NA NA",NA,NA,NA,NA,NA,NA,NA,NA,NA
"2382",9,"Frostburg State","Mountain East","Wheeling Jesuit","Mountain East","NA NA",NA,NA,NA,NA,NA,NA,NA,NA,NA
"2383",9,"Wayne State (MI)","GLIAC","Saginaw Valley","GLIAC","NA NA",NA,NA,NA,NA,NA,NA,NA,NA,NA
"2384",9,"North Greenville","Gulf South","Delta State","Gulf South","NA NA",NA,NA,NA,NA,NA,NA,NA,NA,NA
"2385",9,"Elizabeth City State","CIAA","Lincoln (PA)","CIAA","NA NA",NA,NA,NA,NA,NA,NA,NA,NA,NA
"2386",9,"Widener","Mid Atlantic","Alvernia University","Mid Atlantic","NA NA",NA,NA,NA,NA,NA,NA,NA,NA,NA
"2387",9,"Pace","Northeast 10","American International","Northeast 10","NA NA",NA,NA,NA,NA,NA,NA,NA,NA,NA
"2388",9,"Rhode Island","CAA","Maine","CAA","Maine 0",NA,NA,44.5,-26,1,45.5,-25,0,"Maine"
"2389",9,"Monmouth","CAA","Towson","CAA","Monmouth -9.5",NA,NA,52,-18.5,1,43.5,-27,-9.5,"Monmouth"
"2390",9,"Indiana State","MVFC","Southern Illinois","MVFC","Southern Illinois -13",NA,NA,47,-23.5,1,61,-9.5,-13,"Southern Illinois"
"2391",9,"Davidson","Pioneer","Butler","Pioneer","NA NA",NA,NA,NA,NA,NA,NA,NA,NA,NA
"2392",9,"Stetson","Pioneer","Presbyterian College","Pioneer","NA NA",NA,NA,NA,NA,NA,NA,NA,NA,NA
"2393",9,"St. Thomas (MN)","Pioneer","San Diego","Pioneer","NA NA",NA,NA,NA,NA,NA,NA,NA,NA,NA
"2394",9,"Stonehill","NEC","Duquesne","NEC","NA NA",NA,NA,NA,NA,NA,38,-32.5,NA,NA
"2395",9,"Merrimack","FCS Independents","Colgate","Patriot","NA NA",NA,NA,NA,NA,NA,33.5,-37,NA,NA
"2396",9,"Lenoir-Rhyne","South Atlantic","Limestone","South Atlantic","NA NA",NA,NA,NA,NA,NA,NA,NA,NA,NA
"2397",9,"Western New England","Commonwealth Coast","Endicott College","Commonwealth Coast","NA NA",NA,NA,NA,NA,NA,NA,NA,NA,NA
"2398",9,"Post University","Northeast 10","Bentley","Northeast 10","NA NA",NA,NA,NA,NA,NA,NA,NA,NA,NA
"2399",9,"Southern Connecticut State","Northeast 10","Franklin Pierce","Northeast 10","NA NA",NA,NA,NA,NA,NA,NA,NA,NA,NA
"2400",9,"Franklin & Marshall","Centennial","McDaniel College","Centennial","NA NA",NA,NA,NA,NA,NA,NA,NA,NA,NA
"2401",9,"Grove City College","Presidents'","Thiel College","Presidents'","NA NA",NA,NA,NA,NA,NA,NA,NA,NA,NA
"2402",9,"St. Vincent","Presidents'","Carnegie Mellon","Presidents'","NA NA",NA,NA,NA,NA,NA,NA,NA,NA,NA
"2403",9,"Washington & Jefferson","Presidents'","Bethany (WV)","Presidents'","NA NA",NA,NA,NA,NA,NA,NA,NA,NA,NA
"2404",9,"Randolph-Macon","Old Dominion","Bridgewater (VA)","Old Dominion","NA NA",NA,NA,NA,NA,NA,NA,NA,NA,NA
"2405",9,"Hampden-Sydney","Old Dominion","Averett","Old Dominion","NA NA",NA,NA,NA,NA,NA,NA,NA,NA,NA
"2406",9,"Salisbury","New Jersey","Rowan","New Jersey","NA NA",NA,NA,NA,NA,NA,NA,NA,NA,NA
"2407",9,"Trine","Michigan","Calvin University","Michigan","NA NA",NA,NA,NA,NA,NA,NA,NA,NA,NA
"2408",9,"Amherst College","NESCAC","Wesleyan","NESCAC","NA NA",NA,NA,NA,NA,NA,NA,NA,NA,NA
"2409",9,"Bates College","NESCAC","Middlebury","NESCAC","NA NA",NA,NA,NA,NA,NA,NA,NA,NA,NA
"2410",9,"Minnesota-Morris","Upper Midwest","Greenville","Upper Midwest","NA NA",NA,NA,NA,NA,NA,NA,NA,NA,NA
"2411",9,"Crown College","Upper Midwest","Northwestern (MN)","Upper Midwest","NA NA",NA,NA,NA,NA,NA,NA,NA,NA,NA
"2412",9,"Martin Luther College","Upper Midwest","Westminster","Upper Midwest","NA NA",NA,NA,NA,NA,NA,NA,NA,NA,NA
"2413",9,"LaGrange College","USA South","Greensboro","USA South","NA NA",NA,NA,NA,NA,NA,NA,NA,NA,NA
"2414",9,"Maryville TN","USA South","Methodist","USA South","NA NA",NA,NA,NA,NA,NA,NA,NA,NA,NA
"2415",9,"Southern Virginia","USA South","NC Wesleyan","USA South","NA NA",NA,NA,NA,NA,NA,NA,NA,NA,NA
"2416",9,"Wisconsin-La Crosse","Wisconsin","UW-River Falls","Wisconsin","NA NA",NA,NA,NA,NA,NA,NA,NA,NA,NA
"2417",9,"UW-Stout","Wisconsin","Wisconsin-Eau Claire","Wisconsin","NA NA",NA,NA,NA,NA,NA,NA,NA,NA,NA
"2418",9,"Wayne State (NE)","Northern Sun","Sioux Falls","Northern Sun","NA NA",NA,NA,NA,NA,NA,NA,NA,NA,NA
"2419",9,"Concordia-St. Paul","Northern Sun","Northern State","Northern Sun","NA NA",NA,NA,NA,NA,NA,NA,NA,NA,NA
"2420",9,"Winston-Salem","CIAA","Johnson C Smith","CIAA","NA NA",NA,NA,NA,NA,NA,NA,NA,NA,NA
"2421",9,"Tusculum","South Atlantic","Anderson (SC)","South Atlantic","NA NA",NA,NA,NA,NA,NA,NA,NA,NA,NA
"2422",9,"Central State","SIAC","Tuskegee","SIAC","NA NA",NA,NA,NA,NA,NA,NA,NA,NA,NA
"2423",9,"Kentucky State","SIAC","Allen","SIAC","NA NA",NA,NA,NA,NA,NA,NA,NA,NA,NA
"2424",9,"Lafayette","Patriot","Holy Cross","Patriot","Holy Cross -18",NA,NA,32.5,-38,1,51.5,-19,-18,"Holy Cross"
"2425",9,"South Carolina State","MEAC","Delaware State","MEAC","NA NA",NA,NA,NA,NA,NA,NA,NA,NA,NA
"2426",9,"Moravian","Landmark Conference","Juniata","Landmark Conference","NA NA",NA,NA,NA,NA,NA,NA,NA,NA,NA
"2427",9,"Heidelberg","Ohio","Muskingum","Ohio","NA NA",NA,NA,NA,NA,NA,NA,NA,NA,NA
"2428",9,"Williams","NESCAC","Tufts","NESCAC","NA NA",NA,NA,NA,NA,NA,NA,NA,NA,NA
"2429",9,"Trinity (CT)","NESCAC","Bowdoin","NESCAC","NA NA",NA,NA,NA,NA,NA,NA,NA,NA,NA
"2430",9,"Wilmington (OH)","Ohio","John Carroll","Ohio","NA NA",NA,NA,NA,NA,NA,NA,NA,NA,NA
"2431",9,"Franklin","Heartland","Mount St. Joseph","Heartland","NA NA",NA,NA,NA,NA,NA,NA,NA,NA,NA
"2432",9,"Manchester","Heartland","Hanover","Heartland","NA NA",NA,NA,NA,NA,NA,NA,NA,NA,NA
"2433",9,"Ohio Northern","Ohio","Mount Union","Ohio","NA NA",NA,NA,NA,NA,NA,NA,NA,NA,NA
"2434",9,"Albany State (GA)","SIAC","Edward Waters","SIAC","NA NA",NA,NA,NA,NA,NA,NA,NA,NA,NA
"2435",9,"Henderson State","Great American","Arkansas-Monticello","Great American","NA NA",NA,NA,NA,NA,NA,NA,NA,NA,NA
"2436",9,"Bloomsburg","Pennsylvania State Athletic","Shippensburg","Pennsylvania State Athletic","NA NA",NA,NA,NA,NA,NA,NA,NA,NA,NA
"2437",9,"Winona State","Northern Sun","Bemidji State","Northern Sun","NA NA",NA,NA,NA,NA,NA,NA,NA,NA,NA
"2438",9,"WV Wesleyan","Mountain East","Concord","Mountain East","NA NA",NA,NA,NA,NA,NA,NA,NA,NA,NA
"2439",9,"Fort Hays State","Mid America","Missouri Southern State","Mid America","NA NA",NA,NA,NA,NA,NA,NA,NA,NA,NA
"2440",9,"Millikin","CCIW","Carthage","CCIW","NA NA",NA,NA,NA,NA,NA,NA,NA,NA,NA
"2441",9,"Missouri S&T","Great Lakes","Lincoln (MO)","Great Lakes","NA NA",NA,NA,NA,NA,NA,NA,NA,NA,NA
"2442",9,"Southwest Baptist","Great Lakes","William Jewell College","Great Lakes","NA NA",NA,NA,NA,NA,NA,NA,NA,NA,NA
"2443",9,"Simpson College","American Rivers","Buena Vista","American Rivers","NA NA",NA,NA,NA,NA,NA,NA,NA,NA,NA
"2444",9,"Dubuque","American Rivers","Central","American Rivers","NA NA",NA,NA,NA,NA,NA,NA,NA,NA,NA
"2445",9,"Luther","American Rivers","Nebraska Wesleyan University","American Rivers","NA NA",NA,NA,NA,NA,NA,NA,NA,NA,NA
"2446",9,"Hardin-Simmons","American Southwest","East Texas Baptist","American Southwest","NA NA",NA,NA,NA,NA,NA,NA,NA,NA,NA
"2447",9,"North Park","CCIW","Illinois Wesleyan","CCIW","NA NA",NA,NA,NA,NA,NA,NA,NA,NA,NA
"2448",9,"Washington (MO)","CCIW","Wheaton College (Ill)","CCIW","NA NA",NA,NA,NA,NA,NA,NA,NA,NA,NA
"2449",9,"Hope","Michigan","Adrian","Michigan","NA NA",NA,NA,NA,NA,NA,NA,NA,NA,NA
"2450",9,"Hamline","Minnesota","Bethel (MN)","Minnesota","NA NA",NA,NA,NA,NA,NA,NA,NA,NA,NA
"2451",9,"St. Scholastica","Minnesota","Carleton","Minnesota","NA NA",NA,NA,NA,NA,NA,NA,NA,NA,NA
"2452",9,"Macalester","Minnesota","Concordia (MN)","Minnesota","NA NA",NA,NA,NA,NA,NA,NA,NA,NA,NA
"2453",9,"St. Johns (MN)","Minnesota","Gustavus Adolphus","Minnesota","NA NA",NA,NA,NA,NA,NA,NA,NA,NA,NA
"2454",9,"Knox College","Midwest","Grinnell","Midwest","NA NA",NA,NA,NA,NA,NA,NA,NA,NA,NA
"2455",9,"Lake Forest","Midwest","Ripon","Midwest","NA NA",NA,NA,NA,NA,NA,NA,NA,NA,NA
"2456",9,"Rockford","NACC","Concordia (WI)","NACC","NA NA",NA,NA,NA,NA,NA,NA,NA,NA,NA
"2457",9,"Benedict College","SIAC","Miles","SIAC","NA NA",NA,NA,NA,NA,NA,NA,NA,NA,NA
"2458",9,"Morehouse","SIAC","Fort Valley State","SIAC","NA NA",NA,NA,NA,NA,NA,NA,NA,NA,NA
"2459",9,"Minnesota State","Northern Sun","Augustana (SD)","Northern Sun","NA NA",NA,NA,NA,NA,NA,NA,NA,NA,NA
"2460",9,"Coe","American Rivers","Wartburg","American Rivers","NA NA",NA,NA,NA,NA,NA,NA,NA,NA,NA
"2461",9,"Wisconsin-Platteville","Wisconsin","UW-Whitewater","Wisconsin","NA NA",NA,NA,NA,NA,NA,NA,NA,NA,NA
"2462",9,"Wisconsin-Stevens Point","Wisconsin","UW-Oshkosh","Wisconsin","NA NA",NA,NA,NA,NA,NA,NA,NA,NA,NA
"2463",9,"Lakeland University","NACC","Aurora","NACC","NA NA",NA,NA,NA,NA,NA,NA,NA,NA,NA
"2464",9,"Eureka College","NACC","Benedictine (IL)","NACC","NA NA",NA,NA,NA,NA,NA,NA,NA,NA,NA
"2465",9,"Huntingdon","USA South","Brevard College","USA South","NA NA",NA,NA,NA,NA,NA,NA,NA,NA,NA
"2466",9,"Kutztown","Pennsylvania State Athletic","Shepherd","Pennsylvania State Athletic","NA NA",NA,NA,NA,NA,NA,NA,NA,NA,NA
"2467",9,"West Chester","Pennsylvania State Athletic","Millersville","Pennsylvania State Athletic","NA NA",NA,NA,NA,NA,NA,NA,NA,NA,NA
"2468",9,"Trinity (TX)","Southern Athletic","Berry College","Southern Athletic","NA NA",NA,NA,NA,NA,NA,NA,NA,NA,NA
"2469",9,"Sewanee Univ. of the South","Southern Athletic","Rhodes","Southern Athletic","NA NA",NA,NA,NA,NA,NA,NA,NA,NA,NA
"2470",9,"Marietta","Ohio","Baldwin-Wallace","Ohio","NA NA",NA,NA,NA,NA,NA,NA,NA,NA,NA
"2471",9,"Pacific (OR)","Northwest","Whitworth","Northwest","NA NA",NA,NA,NA,NA,NA,NA,NA,NA,NA
"2472",9,"Ferrum","Old Dominion","Washington & Lee","Old Dominion","NA NA",NA,NA,NA,NA,NA,NA,NA,NA,NA
"2473",9,"Roosevelt","GLIAC","Davenport","GLIAC","NA NA",NA,NA,NA,NA,NA,NA,NA,NA,NA
"2474",9,"UVA-Wise","South Atlantic","Mars Hill","South Atlantic","NA NA",NA,NA,NA,NA,NA,NA,NA,NA,NA
"2475",9,"Brockport State (NY)","Empire 8","Morrisville State","Empire 8","NA NA",NA,NA,NA,NA,NA,NA,NA,NA,NA
"2476",9,"Monmouth (IL)","Midwest","Beloit College","Midwest","NA NA",NA,NA,NA,NA,NA,NA,NA,NA,NA
"2477",9,"Elmhurst","CCIW","Carroll (WI)","CCIW","NA NA",NA,NA,NA,NA,NA,NA,NA,NA,NA
"2478",9,"Augustana (IL)","CCIW","North Central","CCIW","NA NA",NA,NA,NA,NA,NA,NA,NA,NA,NA
"2479",9,"Colorado Mines","Rocky Mountain","Western State","Rocky Mountain","NA NA",NA,NA,NA,NA,NA,NA,NA,NA,NA
"2480",9,"New Mexico Highlands","Rocky Mountain","Adams State","Rocky Mountain","NA NA",NA,NA,NA,NA,NA,NA,NA,NA,NA
"2481",9,"Southern Utah","UAC","West Georgia","UAC","NA NA",NA,NA,33.5,-37,1,NA,NA,NA,NA
"2482",9,"Murray State","MVFC","North Dakota State","MVFC","North Dakota State -33",NA,NA,42,-28.5,1,76,5.5,-33,"North Dakota State"
"2483",9,"Wofford","Southern","East Tennessee State","Southern","Wofford -2",NA,NA,37.5,-33,1,36.5,-34,-2,"Wofford"
"2484",9,"The Citadel","Southern","Samford","Southern","Samford -8",NA,NA,38,-32.5,1,47,-23.5,-8,"Samford"
"2485",9,"Norfolk State","MEAC","Howard","MEAC","Norfolk State -11.5",NA,NA,36,-34.5,1,25.5,-45,-11.5,"Norfolk State"
"2486",9,"Robert Morris","NEC","St Francis (PA)","NEC","NA NA",NA,NA,32.5,-38,1,NA,NA,NA,NA
"2487",9,"Georgetown","Patriot","Bucknell","Patriot","NA NA",NA,NA,NA,NA,NA,20,-50.5,NA,NA
"2488",9,"Hampton","CAA","Elon","CAA","Elon -10.5",NA,NA,36.5,-34,1,48,-22.5,-10.5,"Elon"
"2489",9,"Tennessee Tech","Big South-OVC","Charleston Southern","Big South-OVC","Charleston Southern -11",NA,NA,31.5,-39,1,43.5,-27,-11,"Charleston Southern"
"2490",9,"Worcester Polytechnic","NEWMAC","Merchant Marine","NEWMAC","NA NA",NA,NA,NA,NA,NA,NA,NA,NA,NA
"2491",9,"Fayetteville State","CIAA","Shaw","CIAA","NA NA",NA,NA,NA,NA,NA,NA,NA,NA,NA
"2492",9,"Northwestern Oklahoma State","Great American","Oklahoma Baptist","Great American","NA NA",NA,NA,NA,NA,NA,NA,NA,NA,NA
"2493",9,"Grand Valley State","GLIAC","Ferris State","GLIAC","NA NA",NA,NA,NA,NA,NA,NA,NA,NA,NA
"2494",9,"Southwestern Oklahoma","Great American","Southeastern Oklahoma","Great American","NA NA",NA,NA,NA,NA,NA,NA,NA,NA,NA
"2495",9,"Central Oklahoma","Mid America","Pittsburg State","Mid America","NA NA",NA,NA,NA,NA,NA,NA,NA,NA,NA
"2496",9,"Nebraska-Kearney","Mid America","Emporia State","Mid America","NA NA",NA,NA,NA,NA,NA,NA,NA,NA,NA
"2497",9,"Minnesota-Duluth","Northern Sun","Minot State","Northern Sun","NA NA",NA,NA,NA,NA,NA,NA,NA,NA,NA
"2498",9,"Arkansas Tech","Great American","Ouachita Baptist","Great American","NA NA",NA,NA,NA,NA,NA,NA,NA,NA,NA
"2499",9,"Wingate","South Atlantic","Catawba","South Atlantic","NA NA",NA,NA,NA,NA,NA,NA,NA,NA,NA
"2500",9,"Southern Nazarene","Great American","East Central","Great American","NA NA",NA,NA,NA,NA,NA,NA,NA,NA,NA
"2501",9,"Savannah State","SIAC","Lane","SIAC","NA NA",NA,NA,NA,NA,NA,NA,NA,NA,NA
"2502",9,"West Alabama","Gulf South","Chowan","Gulf South","NA NA",NA,NA,NA,NA,NA,NA,NA,NA,NA
"2503",9,"Chicago","Midwest","Cornell College (IA)","Midwest","NA NA",NA,NA,NA,NA,NA,NA,NA,NA,NA
"2504",9,"Truman State","Great Lakes","McKendree","Great Lakes","NA NA",NA,NA,NA,NA,NA,NA,NA,NA,NA
"2505",9,"Prairie View","SWAC","Texas A&M-Commerce","Southland","NA NA",NA,NA,NA,NA,NA,NA,NA,NA,NA
"2506",9,"Northern Colorado","Big Sky","Montana","Big Sky","Montana -26",NA,NA,38.5,-32,1,65.5,-5,-26,"Montana"
"2507",9,"Delaware","CAA","Albany","CAA","Delaware -8",NA,NA,47,-23.5,1,40,-30.5,-8,"Delaware"
"2508",9,"Eastern Kentucky","UAC","Utah Tech","UAC","NA NA",NA,NA,52,-18.5,1,NA,NA,NA,NA
"2509",9,"UT Martin","Big South-OVC","Eastern Illinois","Big South-OVC","UT Martin -21.5",NA,NA,51,-19.5,1,30.5,-40,-21.5,"UT Martin"
"2510",9,"Southeast Missouri State","Big South-OVC","Gardner-Webb","Big South-OVC","NA NA",NA,NA,63,-7.5,NA,38,-32.5,NA,NA
"2511",9,"Lindenwood","Big South-OVC","Western Illinois","Big South-OVC","NA NA",NA,NA,NA,NA,NA,NA,NA,NA,NA
"2512",9,"Northwestern State","Southland","Lamar","Southland","Northwestern State -7",NA,NA,36,-34.5,1,30,-40.5,-7,"Northwestern State"
"2513",9,"South Dakota State","MVFC","South Dakota","MVFC","South Dakota State -11.5",NA,NA,70,-0.5,1,59.5,-11,-11.5,"South Dakota State"
"2514",9,"Arkansas-Pine Bluff","SWAC","Mississippi Valley State","SWAC","NA NA",NA,NA,50,-25,1,NA,NA,NA,NA
"2515",9,"Bethune-Cookman","SWAC","Jackson State","SWAC","Jackson State -13.5",NA,NA,30.5,-40,1,45,-25.5,-13.5,"Jackson State"
"2516",9,"Harvard","Ivy","Princeton","Ivy","NA NA",NA,NA,NA,NA,NA,NA,NA,NA,NA
"2517",9,"North Carolina Central","MEAC","Morgan State","MEAC","NA NA",NA,NA,NA,NA,NA,23.5,-47,NA,NA
"2518",9,"Alabama A&M","SWAC","Alabama State","SWAC","Alabama A&M -9.5",NA,NA,38.5,-32,1,30,-40.5,-9.5,"Alabama A&M"
"2519",9,"Villanova","CAA","New Hampshire","CAA","Villanova -20.5",NA,NA,59.5,-11,1,40,-30.5,-20.5,"Villanova"
"2520",9,"Mercer","Southern","Western Carolina","Southern","Mercer -8.5",NA,NA,51,-19.5,1,43.5,-27,-8.5,"Mercer"
"2521",9,"Stony Brook","CAA","William & Mary","CAA","William & Mary -1",NA,NA,45.5,-25,1,47.5,-23,-1,"William & Mary"
"2522",9,"Iowa","Big Ten","Northwestern","Big Ten","Iowa -10.4",NA,NA,83,13.2,2.436,75,-2.8,-10.4,"Iowa"
"2523",9,"UMass","FBS Independents","Wagner","NEC","UMass -36.1",NA,NA,51,-20.1,1.59,16.5,-54,-36.1,"UMass"
"2524",9,"Concordia (IL)","NACC","Wisconsin Lutheran","NACC","NA NA",NA,NA,NA,NA,NA,NA,NA,NA,NA
"2525",9,"Connecticut","FBS Independents","Rice","American Athletic","NA NA",NA,NA,NA,NA,NA,68,-9,NA,NA
"2526",9,"Western Connecticut State","MSCAC","Worcester State College","MSCAC","NA NA",NA,NA,NA,NA,NA,NA,NA,NA,NA
"2527",9,"Harding","Great American","Southern Arkansas","Great American","NA NA",NA,NA,NA,NA,NA,NA,NA,NA,NA
"2528",9,"Lewis & Clark","Northwest","Pacific Lutheran","Northwest","NA NA",NA,NA,NA,NA,NA,NA,NA,NA,NA
"2529",9,"Fort Lewis","Rocky Mountain","Colorado Mesa","Rocky Mountain","NA NA",NA,NA,NA,NA,NA,NA,NA,NA,NA
"2530",9,"Willamette","Northwest","George Fox University","Northwest","NA NA",NA,NA,NA,NA,NA,NA,NA,NA,NA
"2531",9,"Seton Hill College","Pennsylvania State Athletic","Clarion","Pennsylvania State Athletic","NA NA",NA,NA,NA,NA,NA,NA,NA,NA,NA
"2532",9,"Newberry","South Atlantic","Barton College","South Atlantic","NA NA",NA,NA,NA,NA,NA,NA,NA,NA,NA
"2533",9,"Linfield","Northwest","Puget Sound","Northwest","NA NA",NA,NA,NA,NA,NA,NA,NA,NA,NA
"2534",9,"Campbell","CAA","North Carolina A&T","CAA","North Carolina A&T -2",NA,NA,39,-31.5,1,42,-28.5,-2,"North Carolina A&T"
"2535",9,"Austin Peay","UAC","Tarleton State","UAC","Austin Peay -8",NA,NA,50,-20.5,1,43,-27.5,-8,"Austin Peay"
"2536",9,"Nicholls","Southland","McNeese","Southland","Nicholls -7.5",NA,NA,53.5,-17,1,47,-23.5,-7.5,"Nicholls"
"2537",9,"Chattanooga","Southern","VMI","Southern","Chattanooga -11",NA,NA,55,-15.5,1,45,-25.5,-11,"Chattanooga"
"2538",9,"Western Oregon","Lone Star","Texas A&M-Kingsville","Lone Star","NA NA",NA,NA,NA,NA,NA,NA,NA,NA,NA
"2539",9,"Allegheny","Presidents'","Waynesburg","Presidents'","NA NA",NA,NA,NA,NA,NA,NA,NA,NA,NA
"2540",9,"Texas Lutheran","Southern Collegiate Athletic","McMurry","Southern Collegiate Athletic","NA NA",NA,NA,NA,NA,NA,NA,NA,NA,NA
"2541",9,"UMass Dartmouth","MSCAC","Bridgewater State","MSCAC","NA NA",NA,NA,NA,NA,NA,NA,NA,NA,NA
"2542",9,"West Florida","Gulf South","Shorter","Gulf South","NA NA",NA,NA,NA,NA,NA,NA,NA,NA,NA
"2543",9,"Mississippi College","Gulf South","Erskine","Gulf South","NA NA",NA,NA,NA,NA,NA,NA,NA,NA,NA
"2544",9,"Central Arkansas","UAC","North Alabama","UAC","Central Arkansas -9",NA,NA,49,-21.5,1,41,-29.5,-9,"Central Arkansas"
"2545",9,"Northern Iowa","MVFC","Missouri State","MVFC","Northern Iowa -2",NA,NA,64,-6.5,1,63,-7.5,-2,"Northern Iowa"
"2546",9,"Youngstown State","MVFC","North Dakota","MVFC","North Dakota -5.5",NA,NA,52.5,-18,1,59,-11.5,-5.5,"North Dakota"
"2547",9,"Idaho State","Big Sky","Sacramento State","Big Sky","Sacramento State -20.5",NA,NA,39,-31.5,1,60.5,-10,-20.5,"Sacramento State"
"2548",9,"Black Hills State","Rocky Mountain","Chadron State","Rocky Mountain","NA NA",NA,NA,NA,NA,NA,NA,NA,NA,NA
"2549",9,"Bluefield","CIAA","Virginia State","CIAA","NA NA",NA,NA,NA,NA,NA,NA,NA,NA,NA
"2550",9,"Northeastern State","Independent DII","Lincoln University (CA)","Independent DII","NA NA",NA,NA,NA,NA,NA,NA,NA,NA,NA
"2551",9,"Arkansas State","Sun Belt","Troy","Sun Belt","Arkansas State -0.4",NA,NA,65.5,-9.1,2.916,68,-0.7,-0.4,"Arkansas State"
"2552",9,"Centenary","Southern Collegiate Athletic","Austin College","Southern Collegiate Athletic","NA NA",NA,NA,NA,NA,NA,NA,NA,NA,NA
"2553",9,"Angelo State","Lone Star","Sul Ross State","Lone Star","NA NA",NA,NA,NA,NA,NA,NA,NA,NA,NA
"2554",9,"Westminster PA","Presidents'","Case Western Reserve","Presidents'","NA NA",NA,NA,NA,NA,NA,NA,NA,NA,NA
"2555",9,"Wyoming","Mountain West","Utah State","Mountain West","Wyoming -12.5",NA,NA,71,-8,3.028,61.5,-11.1,-12.5,"Wyoming"
"2556",9,"Southeastern Louisiana","Southland","Incarnate Word","Southland","Southeastern Louisiana -1",NA,NA,57.5,-13,1,57.5,-13,-1,"Southeastern Louisiana"
"2557",9,"Texas Southern","SWAC","Grambling","SWAC","NA NA",NA,NA,28,-42.5,1,NA,NA,NA,NA
"2558",9,"Stephen F. Austin","Southland","Houston Christian","Southland","NA NA",NA,NA,56,-14.5,1,NA,NA,NA,NA
"2559",9,"Florida A&M","SWAC","Southern","SWAC","Florida A&M -13.5",NA,NA,46,-24.5,1,33.5,-37,-13.5,"Florida A&M"
"2560",9,"Fresno State","Mountain West","San José State","Mountain West","NA NA",NA,NA,76,-0.1,2.684,NA,NA,NA,NA
"2561",9,"Central Washington","Lone Star","Midwestern State","Lone Star","NA NA",NA,NA,NA,NA,NA,NA,NA,NA,NA
"2562",9,"Idaho","Big Sky","Eastern Washington","Big Sky","Eastern Washington -18",NA,NA,46,-24.5,1,65,-5.5,-18,"Eastern Washington"
"2563",9,"Redlands","So. Cal.","Claremont","So. Cal.","NA NA",NA,NA,NA,NA,NA,NA,NA,NA,NA
"2564",9,"Cal Lutheran","So. Cal.","Chapman","So. Cal.","NA NA",NA,NA,NA,NA,NA,NA,NA,NA,NA
"2565",9,"Pomona-Pitzer","So. Cal.","La Verne","So. Cal.","NA NA",NA,NA,NA,NA,NA,NA,NA,NA,NA
"2566",9,"San Diego State","Mountain West","Washington State","Pac-12","Washington State -12.1",NA,NA,56.5,-8.9,1.934,70.5,0.6,-12.1,"Washington State"
"2567",9,"Hawai'i","Mountain West","Nevada","Mountain West","Hawai'i -1.6",NA,NA,59.5,-12.6,2.098,60,-16.7,-1.6,"Hawai'i"
"2568",10,"Florida International","Conference USA","New Mexico State","Conference USA","New Mexico State -0.7",NA,NA,50.5,-19,1.83,53,-15.5,-0.7,"New Mexico State"
"2569",10,"Texas State","Sun Belt","Louisiana","Sun Belt","Texas State -5.3",NA,NA,72.5,-6.5,2.276,69.5,-2.4,-5.3,"Texas State"
"2570",10,"Sam Houston State","Conference USA","Louisiana Tech","Conference USA","NA NA",NA,NA,NA,NA,NA,46.5,-16.7,NA,NA
"2571",10,"Liberty","Conference USA","Jacksonville State","Conference USA","Liberty -18.5",NA,NA,75.5,3.9,3.488,60.5,-9.9,-18.5,"Liberty"
"2572",10,"Western Kentucky","Conference USA","Kennesaw State","Conference USA","Western Kentucky -9.3",NA,NA,64,-1.6,2.812,57.5,-13,-9.3,"Western Kentucky"
"2573",10,"Clarion","Pennsylvania State Athletic","Slippery Rock","Pennsylvania State Athletic","NA NA",NA,NA,NA,NA,NA,NA,NA,NA,NA
"2574",10,"Ouachita Baptist","Great American","Southern Nazarene","Great American","NA NA",NA,NA,NA,NA,NA,NA,NA,NA,NA
"2575",10,"South Carolina State","MEAC","North Carolina Central","MEAC","NA NA",NA,NA,NA,NA,NA,NA,NA,NA,NA
"2576",10,"Charlotte","American Athletic","Tulane","American Athletic","Tulane -10.8",NA,NA,60.5,-18.1,1.67,73,-0.8,-10.8,"Tulane"
"2577",10,"Harding","Great American","Southeastern Oklahoma","Great American","NA NA",NA,NA,NA,NA,NA,NA,NA,NA,NA
"2578",10,"Connecticut","FBS Independents","Georgia State","Sun Belt","NA NA",NA,NA,NA,NA,NA,59.5,-11.3,NA,NA
"2579",10,"Columbia","Ivy","Yale","Ivy","NA NA",NA,NA,NA,NA,NA,49.5,-21,NA,NA
"2580",10,"Florida Atlantic","American Athletic","South Florida","American Athletic","South Florida -0.7",NA,NA,62.5,-12.2,1.772,65,-5.6,-0.7,"South Florida"
"2581",10,"Boise State","Mountain West","San Diego State","Mountain West","Boise State -24.3",NA,NA,78,7.9,2.786,56.5,-8.9,-24.3,"Boise State"
"2582",10,"Syracuse","ACC","Virginia Tech","ACC","Virginia Tech -5.1",NA,NA,70,-1,2.892,78,9.4,-5.1,"Virginia Tech"
"2583",10,"Florida State","ACC","North Carolina","ACC","Florida State -8.9",NA,NA,85,19.9,1.904,78,7.9,-8.9,"Florida State"
"2584",10,"Miami","ACC","Duke","ACC","Miami -21.2",NA,NA,86.5,15.5,1.734,67,3.1,-21.2,"Miami"
"2585",10,"Clemson","ACC","Louisville","ACC","Clemson -6",NA,NA,88.5,18.8,2.464,85,11.3,-6,"Clemson"
"2586",10,"NC State","ACC","Stanford","ACC","NC State -12.1",NA,NA,76,12.1,3.106,67,-3.5,-12.1,"NC State"
"2587",10,"Washington","Big Ten","USC","Big Ten","Washington -1.6",NA,NA,87,10.3,2.096,87.5,13.9,-1.6,"Washington"
"2588",10,"Penn State","Big Ten","Ohio State","Big Ten","Penn State -0.9",NA,NA,96.5,26.1,3.408,99,30.8,-0.9,"Penn State"
"2589",10,"Purdue","Big Ten","Northwestern","Big Ten","Northwestern -4.2",NA,NA,69.5,-1.4,1.26,75,-2.8,-4.2,"Northwestern"
"2590",10,"Nebraska","Big Ten","UCLA","Big Ten","UCLA -3",NA,NA,70.5,7.4,1.486,75,8.8,-3,"UCLA"
"2591",10,"Michigan","Big Ten","Oregon","Big Ten","Oregon -0.1",NA,NA,94.5,25,2.884,97.5,29,-0.1,"Oregon"
"2592",10,"Iowa","Big Ten","Wisconsin","Big Ten","Iowa -7.9",NA,NA,83,13.2,2.436,77.5,12.9,-7.9,"Iowa"
"2593",10,"Michigan State","Big Ten","Indiana","Big Ten","Indiana -7",NA,NA,67.5,-2.4,2.004,76.5,-4.5,-7,"Indiana"
"2594",10,"Illinois","Big Ten","Minnesota","Big Ten","Illinois -1.5",NA,NA,71.5,0.1,1.504,71.5,4.2,-1.5,"Illinois"
"2595",10,"Tennessee","SEC","Kentucky","SEC","Tennessee -7.3",NA,NA,83,19.2,2.338,78,13.8,-7.3,"Tennessee"
"2596",10,"South Carolina","SEC","Texas A&M","SEC","Texas A&M -8.2",NA,NA,77.5,9.5,2.282,88,19.2,-8.2,"Texas A&M"
"2597",10,"Auburn","SEC","Vanderbilt","SEC","Auburn -21.1",NA,NA,83.5,13.1,2.62,65,-7.3,-21.1,"Auburn"
"2598",10,"Arkansas","SEC","Ole Miss","SEC","Ole Miss -13.1",NA,NA,75.5,6.1,2.358,91,24.7,-13.1,"Ole Miss"
"2599",10,"Alabama A&M","SWAC","Southern","SWAC","Alabama A&M -6",NA,NA,38.5,-32,1,33.5,-37,-6,"Alabama A&M"
"2600",10,"Baylor","Big 12","TCU","Big 12","Baylor -2",NA,NA,70.5,2.2,2.464,71,8.7,-2,"Baylor"
"2601",10,"Erskine","Gulf South","West Florida","Gulf South","NA NA",NA,NA,NA,NA,NA,NA,NA,NA,NA
"2602",10,"West Virginia State","Mountain East","Frostburg State","Mountain East","NA NA",NA,NA,NA,NA,NA,NA,NA,NA,NA
"2603",10,"West Liberty","Mountain East","Charleston (WV)","Mountain East","NA NA",NA,NA,NA,NA,NA,NA,NA,NA,NA
"2604",10,"UNC Pembroke","Mountain East","WV Wesleyan","Mountain East","NA NA",NA,NA,NA,NA,NA,NA,NA,NA,NA
"2605",10,"Roosevelt","GLIAC","Michigan Tech","GLIAC","NA NA",NA,NA,NA,NA,NA,NA,NA,NA,NA
"2606",10,"Mass Maritime","MSCAC","Westfield State","MSCAC","NA NA",NA,NA,NA,NA,NA,NA,NA,NA,NA
"2607",10,"Alma College","Michigan","Trine","Michigan","NA NA",NA,NA,NA,NA,NA,NA,NA,NA,NA
"2608",10,"Valdosta State","Gulf South","Chowan","Gulf South","NA NA",NA,NA,NA,NA,NA,NA,NA,NA,NA
"2609",10,"Sul Ross State","Lone Star","Eastern New Mexico","Lone Star","NA NA",NA,NA,NA,NA,NA,NA,NA,NA,NA
"2610",10,"Midwestern State","Lone Star","Western Oregon","Lone Star","NA NA",NA,NA,NA,NA,NA,NA,NA,NA,NA
"2611",10,"Fort Valley State","SIAC","Benedict College","SIAC","NA NA",NA,NA,NA,NA,NA,NA,NA,NA,NA
"2612",10,"Clark Atlanta","SIAC","Tuskegee","SIAC","NA NA",NA,NA,NA,NA,NA,NA,NA,NA,NA
"2613",10,"Catholic University","Landmark Conference","Keystone","Landmark Conference","NA NA",NA,NA,NA,NA,NA,NA,NA,NA,NA
"2614",10,"American International","Northeast 10","Assumption","Northeast 10","NA NA",NA,NA,NA,NA,NA,NA,NA,NA,NA
"2615",10,"Franklin Pierce","Northeast 10","St. Anselm","Northeast 10","NA NA",NA,NA,NA,NA,NA,NA,NA,NA,NA
"2616",10,"Eastern Michigan","Mid-American","Toledo","Mid-American","Toledo -12",NA,NA,49,-15.9,1.492,62.5,-7,-12,"Toledo"
"2617",10,"Akron","Mid-American","Buffalo","Mid-American","Akron -1.2",NA,NA,48.5,-22.2,0.726,48,-17,-1.2,"Akron"
"2618",10,"Troy","Sun Belt","Coastal Carolina","Sun Belt","Troy -13.7",NA,NA,68,-0.7,1.656,56,-6.5,-13.7,"Troy"
"2619",10,"South Alabama","Sun Belt","Georgia Southern","Sun Belt","South Alabama -3.9",NA,NA,61,-6.4,2.458,59.6,-10.3,-3.9,"South Alabama"
"2620",10,"Marshall","Sun Belt","Louisiana Monroe","Sun Belt","NA NA",NA,NA,61.5,-9.9,1.262,NA,NA,NA,NA
"2621",10,"Appalachian State","Sun Belt","Old Dominion","Sun Belt","Appalachian State -18.3",NA,NA,79,0.5,1.806,62.5,-13.1,-18.3,"Appalachian State"
"2622",10,"Army","American Athletic","Air Force","Mountain West","Air Force -1.7",NA,NA,58.5,-11.1,1.806,62,-7.1,-1.7,"Air Force"
"2623",10,"UCF","Big 12","Arizona","Big 12","UCF -0.7",NA,NA,79,5.9,2.692,81,12.4,-0.7,"UCF"
"2624",10,"Oklahoma State","Big 12","Arizona State","Big 12","Oklahoma State -22.8",NA,NA,86,14,2.828,66,-4,-22.8,"Oklahoma State"
"2625",10,"Iowa State","Big 12","Texas Tech","Big 12","Iowa State -21.7",NA,NA,91,11.5,2.708,72,7.4,-21.7,"Iowa State"
"2626",10,"Houston","Big 12","Kansas State","Big 12","Kansas State -8.8",NA,NA,77.5,-3.3,1.67,88,16.4,-8.8,"Kansas State"
"2627",10,"SMU","ACC","Pittsburgh","ACC","SMU -18.4",NA,NA,81.5,12.7,3.37,66.5,-0.8,-18.4,"SMU"
"2628",10,"Rice","American Athletic","Navy","American Athletic","Rice -12.4",NA,NA,68,-9,2.946,58.5,-13.3,-12.4,"Rice"
"2629",10,"UT San Antonio","American Athletic","Memphis","American Athletic","NA NA",NA,NA,NA,NA,NA,72.5,6.1,NA,NA
"2630",10,"UAB","American Athletic","Tulsa","American Athletic","UAB -14.3",NA,NA,63,-10.6,3.838,52.5,-13.2,-14.3,"UAB"
"2631",10,"Mississippi Valley State","SWAC","Prairie View","SWAC","NA NA",NA,NA,NA,NA,NA,NA,NA,NA,NA
"2632",10,"Drake","Pioneer","Marist","Pioneer","NA NA",NA,NA,NA,NA,NA,NA,NA,NA,NA
"2633",10,"Jackson State","SWAC","Arkansas-Pine Bluff","SWAC","Arkansas-Pine Bluff -4",NA,NA,45,-25.5,1,50,-25,-4,"Arkansas-Pine Bluff"
"2634",10,"Central Connecticut","NEC","Wagner","NEC","NA NA",NA,NA,20,-19,NA,16.5,-54,NA,NA
"2635",10,"Brown","Ivy","Pennsylvania","Ivy","NA NA",NA,NA,NA,NA,NA,NA,NA,NA,NA
"2636",10,"Duquesne","NEC","Mercyhurst","NEC","NA NA",NA,NA,38,-32.5,1,NA,NA,NA,NA
"2637",10,"Robert Morris","NEC","Merrimack","FCS Independents","NA NA",NA,NA,32.5,-38,1,NA,NA,NA,NA
"2638",10,"Rochester","Liberty League","Buffalo State","Liberty League","NA NA",NA,NA,NA,NA,NA,NA,NA,NA,NA
"2639",10,"Findlay","Great Midwest Athletic","Walsh","Great Midwest Athletic","NA NA",NA,NA,NA,NA,NA,NA,NA,NA,NA
"2640",10,"Fairmont State","Mountain East","Concord","Mountain East","NA NA",NA,NA,NA,NA,NA,NA,NA,NA,NA
"2641",10,"Shepherd","Pennsylvania State Athletic","Bloomsburg","Pennsylvania State Athletic","NA NA",NA,NA,NA,NA,NA,NA,NA,NA,NA
"2642",10,"Rensselaer","Liberty League","Hobart","Liberty League","NA NA",NA,NA,NA,NA,NA,NA,NA,NA,NA
"2643",10,"Shorter","Gulf South","Virginia Lynchburg",NA,"NA NA",NA,NA,NA,NA,NA,NA,NA,NA,NA
"2644",10,"Albright","Mid Atlantic","Alvernia University","Mid Atlantic","NA NA",NA,NA,NA,NA,NA,NA,NA,NA,NA
"2645",10,"Bridgewater State","MSCAC","Fitchburg State","MSCAC","NA NA",NA,NA,NA,NA,NA,NA,NA,NA,NA
"2646",10,"Hiram","North Coast","Wooster","North Coast","NA NA",NA,NA,NA,NA,NA,NA,NA,NA,NA
"2647",10,"Coast Guard","NEWMAC","Worcester Polytechnic","NEWMAC","NA NA",NA,NA,NA,NA,NA,NA,NA,NA,NA
"2648",10,"Framingham State","MSCAC","Plymouth State","MSCAC","NA NA",NA,NA,NA,NA,NA,NA,NA,NA,NA
"2649",10,"Anna Maria College","ECFC","Dean College","ECFC","NA NA",NA,NA,NA,NA,NA,NA,NA,NA,NA
"2650",10,"Morrisville State","Empire 8","Hilbert College","Empire 8","NA NA",NA,NA,NA,NA,NA,NA,NA,NA,NA
"2651",10,"Husson","Commonwealth Coast","Western New England","Commonwealth Coast","NA NA",NA,NA,NA,NA,NA,NA,NA,NA,NA
"2652",10,"Endicott College","Commonwealth Coast","Nichols","Commonwealth Coast","NA NA",NA,NA,NA,NA,NA,NA,NA,NA,NA
"2653",10,"Utica","Empire 8","Brockport State (NY)","Empire 8","NA NA",NA,NA,NA,NA,NA,NA,NA,NA,NA
"2654",10,"Eastern University","Mid Atlantic","Misericordia","Mid Atlantic","NA NA",NA,NA,NA,NA,NA,NA,NA,NA,NA
"2655",10,"Otterbein","Ohio","Heidelberg","Ohio","NA NA",NA,NA,NA,NA,NA,NA,NA,NA,NA
"2656",10,"Springfield","NEWMAC","Norwich","NEWMAC","NA NA",NA,NA,NA,NA,NA,NA,NA,NA,NA
"2657",10,"West Chester","Pennsylvania State Athletic","Lock Haven","Pennsylvania State Athletic","NA NA",NA,NA,NA,NA,NA,NA,NA,NA,NA
"2658",10,"Millersville","Pennsylvania State Athletic","Kutztown","Pennsylvania State Athletic","NA NA",NA,NA,NA,NA,NA,NA,NA,NA,NA
"2659",10,"Brevard College","USA South","Methodist","USA South","NA NA",NA,NA,NA,NA,NA,NA,NA,NA,NA
"2660",10,"Greensboro","USA South","NC Wesleyan","USA South","NA NA",NA,NA,NA,NA,NA,NA,NA,NA,NA
"2661",10,"Southwest Minnesota State","Northern Sun","University of Mary","Northern Sun","NA NA",NA,NA,NA,NA,NA,NA,NA,NA,NA
"2662",10,"Alfred State College","ECFC","Gallaudet","ECFC","NA NA",NA,NA,NA,NA,NA,NA,NA,NA,NA
"2663",10,"Gannon","Pennsylvania State Athletic","Indiana (PA)","Pennsylvania State Athletic","NA NA",NA,NA,NA,NA,NA,NA,NA,NA,NA
"2664",10,"Edinboro","Pennsylvania State Athletic","Seton Hill College","Pennsylvania State Athletic","NA NA",NA,NA,NA,NA,NA,NA,NA,NA,NA
"2665",10,"Stevenson","Mid Atlantic","FDU-Florham","Mid Atlantic","NA NA",NA,NA,NA,NA,NA,NA,NA,NA,NA
"2666",10,"Middlebury","NESCAC","Hamilton","NESCAC","NA NA",NA,NA,NA,NA,NA,NA,NA,NA,NA
"2667",10,"Georgetown","Patriot","Lehigh","Patriot","NA NA",NA,NA,NA,NA,NA,NA,NA,NA,NA
"2668",10,"Hampton","CAA","Villanova","CAA","Villanova -22",NA,NA,36.5,-34,1,59.5,-11,-22,"Villanova"
"2669",10,"North Carolina A&T","CAA","William & Mary","CAA","William & Mary -4.5",NA,NA,42,-28.5,1,47.5,-23,-4.5,"William & Mary"
"2670",10,"Hope","Michigan","Albion","Michigan","NA NA",NA,NA,NA,NA,NA,NA,NA,NA,NA
"2671",10,"Wabash College","North Coast","Denison","North Coast","NA NA",NA,NA,NA,NA,NA,NA,NA,NA,NA
"2672",10,"Elizabeth City State","CIAA","Bowie State","CIAA","NA NA",NA,NA,NA,NA,NA,NA,NA,NA,NA
"2673",10,"Lincoln (PA)","CIAA","Virginia State","CIAA","NA NA",NA,NA,NA,NA,NA,NA,NA,NA,NA
"2674",10,"Virginia Union","CIAA","Bluefield","CIAA","NA NA",NA,NA,NA,NA,NA,NA,NA,NA,NA
"2675",10,"Johnson C Smith","CIAA","Fayetteville State","CIAA","NA NA",NA,NA,NA,NA,NA,NA,NA,NA,NA
"2676",10,"Lake Erie College","Great Midwest Athletic","Ashland","Great Midwest Athletic","NA NA",NA,NA,NA,NA,NA,NA,NA,NA,NA
"2677",10,"Hillsdale","Great Midwest Athletic","Thomas More","Great Midwest Athletic","NA NA",NA,NA,NA,NA,NA,NA,NA,NA,NA
"2678",10,"Northwood (MI)","Great Midwest Athletic","Ohio Dominican","Great Midwest Athletic","NA NA",NA,NA,NA,NA,NA,NA,NA,NA,NA
"2679",10,"Shaw","CIAA","Livingstone","CIAA","NA NA",NA,NA,NA,NA,NA,NA,NA,NA,NA
"2680",10,"UW-Whitewater","Wisconsin","UW-River Falls","Wisconsin","NA NA",NA,NA,NA,NA,NA,NA,NA,NA,NA
"2681",10,"UW-Stout","Wisconsin","Wisconsin-La Crosse","Wisconsin","NA NA",NA,NA,NA,NA,NA,NA,NA,NA,NA
"2682",10,"Belhaven College","USA South","Maryville TN","USA South","NA NA",NA,NA,NA,NA,NA,NA,NA,NA,NA
"2683",10,"Kenyon","North Coast","DePauw","North Coast","NA NA",NA,NA,NA,NA,NA,NA,NA,NA,NA
"2684",10,"Bates College","NESCAC","Bowdoin","NESCAC","NA NA",NA,NA,NA,NA,NA,NA,NA,NA,NA
"2685",10,"Colby","NESCAC","Tufts","NESCAC","NA NA",NA,NA,NA,NA,NA,NA,NA,NA,NA
"2686",10,"Wesleyan","NESCAC","Williams","NESCAC","NA NA",NA,NA,NA,NA,NA,NA,NA,NA,NA
"2687",10,"Olivet College","Michigan","Calvin University","Michigan","NA NA",NA,NA,NA,NA,NA,NA,NA,NA,NA
"2688",10,"Christopher Newport","New Jersey","William Paterson","New Jersey","NA NA",NA,NA,NA,NA,NA,NA,NA,NA,NA
"2689",10,"Kean","New Jersey","Franklin & Marshall","Centennial","NA NA",NA,NA,NA,NA,NA,NA,NA,NA,NA
"2690",10,"Hendrix College","Southern Athletic","Trinity (TX)","Southern Athletic","NA NA",NA,NA,NA,NA,NA,NA,NA,NA,NA
"2691",10,"Sewanee Univ. of the South","Southern Athletic","Southwestern University","Southern Athletic","NA NA",NA,NA,NA,NA,NA,NA,NA,NA,NA
"2692",10,"Baldwin-Wallace","Ohio","Muskingum","Ohio","NA NA",NA,NA,NA,NA,NA,NA,NA,NA,NA
"2693",10,"Berry College","Southern Athletic","Centre","Southern Athletic","NA NA",NA,NA,NA,NA,NA,NA,NA,NA,NA
"2694",10,"Averett","Old Dominion","Shenandoah","Old Dominion","NA NA",NA,NA,NA,NA,NA,NA,NA,NA,NA
"2695",10,"Guilford","Old Dominion","Ferrum","Old Dominion","NA NA",NA,NA,NA,NA,NA,NA,NA,NA,NA
"2696",10,"Carnegie Mellon","Presidents'","Westminster PA","Presidents'","NA NA",NA,NA,NA,NA,NA,NA,NA,NA,NA
"2697",10,"Waynesburg","Presidents'","Grove City College","Presidents'","NA NA",NA,NA,NA,NA,NA,NA,NA,NA,NA
"2698",10,"Bethany (WV)","Presidents'","Geneva College","Presidents'","NA NA",NA,NA,NA,NA,NA,NA,NA,NA,NA
"2699",10,"Case Western Reserve","Presidents'","Washington & Jefferson","Presidents'","NA NA",NA,NA,NA,NA,NA,NA,NA,NA,NA
"2700",10,"Thiel College","Presidents'","St. Vincent","Presidents'","NA NA",NA,NA,NA,NA,NA,NA,NA,NA,NA
"2701",10,"New Haven","Northeast 10","Post University","Northeast 10","NA NA",NA,NA,NA,NA,NA,NA,NA,NA,NA
"2702",10,"Lenoir-Rhyne","South Atlantic","Wingate","South Atlantic","NA NA",NA,NA,NA,NA,NA,NA,NA,NA,NA
"2703",10,"Taylor",NA,"Defiance","Heartland","NA NA",NA,NA,NA,NA,NA,NA,NA,NA,NA
"2704",10,"Amherst College","NESCAC","Trinity (CT)","NESCAC","NA NA",NA,NA,NA,NA,NA,NA,NA,NA,NA
"2705",10,"SUNY Maritime","NEWMAC","Salve Regina","NEWMAC","NA NA",NA,NA,NA,NA,NA,NA,NA,NA,NA
"2706",10,"McDaniel College","Centennial","Ursinus","Centennial","NA NA",NA,NA,NA,NA,NA,NA,NA,NA,NA
"2707",10,"Southern Connecticut State","Northeast 10","Pace","Northeast 10","NA NA",NA,NA,NA,NA,NA,NA,NA,NA,NA
"2708",10,"St Francis (PA)","NEC","Stonehill","NEC","NA NA",NA,NA,NA,NA,NA,NA,NA,NA,NA
"2709",10,"Bucknell","Patriot","Lafayette","Patriot","Lafayette -11.5",NA,NA,20,-50.5,1,32.5,-38,-11.5,"Lafayette"
"2710",10,"Morgan State","MEAC","Norfolk State","MEAC","Norfolk State -11.5",NA,NA,23.5,-47,1,36,-34.5,-11.5,"Norfolk State"
"2711",10,"Howard","MEAC","Delaware State","MEAC","NA NA",NA,NA,25.5,-45,1,NA,NA,NA,NA
"2712",10,"Princeton","Ivy","Cornell","Ivy","NA NA",NA,NA,NA,NA,NA,NA,NA,NA,NA
"2713",10,"Morehead State","Pioneer","St. Thomas (MN)","Pioneer","NA NA",NA,NA,NA,NA,NA,NA,NA,NA,NA
"2714",10,"Butler","Pioneer","Stetson","Pioneer","NA NA",NA,NA,NA,NA,NA,NA,NA,NA,NA
"2715",10,"Presbyterian College","Pioneer","Dayton","Pioneer","NA NA",NA,NA,NA,NA,NA,NA,NA,NA,NA
"2716",10,"Indiana State","MVFC","North Dakota","MVFC","North Dakota -11",NA,NA,47,-23.5,1,59,-11.5,-11,"North Dakota"
"2717",10,"Albany","CAA","New Hampshire","CAA","Albany -1",NA,NA,40,-30.5,1,40,-30.5,-1,"Albany"
"2718",10,"Rhode Island","CAA","Monmouth","CAA","Monmouth -6.5",NA,NA,44.5,-26,1,52,-18.5,-6.5,"Monmouth"
"2719",10,"Bryant","CAA","Stony Brook","CAA","Stony Brook -8",NA,NA,36.5,-34,1,45.5,-25,-8,"Stony Brook"
"2720",10,"Fordham","Patriot","Colgate","Patriot","Fordham -7.5",NA,NA,40,-30.5,1,33.5,-37,-7.5,"Fordham"
"2721",10,"Northern Michigan","GLIAC","Ferris State","GLIAC","NA NA",NA,NA,NA,NA,NA,NA,NA,NA,NA
"2722",10,"Truman State","Great Lakes","Lincoln (MO)","Great Lakes","NA NA",NA,NA,NA,NA,NA,NA,NA,NA,NA
"2723",10,"Shippensburg","Pennsylvania State Athletic","East Stroudsburg","Pennsylvania State Athletic","NA NA",NA,NA,NA,NA,NA,NA,NA,NA,NA
"2724",10,"Wheeling Jesuit","Mountain East","Glenville State","Mountain East","NA NA",NA,NA,NA,NA,NA,NA,NA,NA,NA
"2725",10,"Wheaton College (Ill)","CCIW","Elmhurst","CCIW","NA NA",NA,NA,NA,NA,NA,NA,NA,NA,NA
"2726",10,"Lebanon Valley","Mid Atlantic","Widener","Mid Atlantic","NA NA",NA,NA,NA,NA,NA,NA,NA,NA,NA
"2727",10,"King's College (PA)","Mid Atlantic","Delaware Valley","Mid Atlantic","NA NA",NA,NA,NA,NA,NA,NA,NA,NA,NA
"2728",10,"Susquehanna","Landmark Conference","Moravian","Landmark Conference","NA NA",NA,NA,NA,NA,NA,NA,NA,NA,NA
"2729",10,"Mars Hill","South Atlantic","Emory & Henry","South Atlantic","NA NA",NA,NA,NA,NA,NA,NA,NA,NA,NA
"2730",10,"Saginaw Valley","GLIAC","Davenport","GLIAC","NA NA",NA,NA,NA,NA,NA,NA,NA,NA,NA
"2731",10,"Dickinson","Centennial","Gettysburg","Centennial","NA NA",NA,NA,NA,NA,NA,NA,NA,NA,NA
"2732",10,"Washington (MO)","CCIW","Millikin","CCIW","NA NA",NA,NA,NA,NA,NA,NA,NA,NA,NA
"2733",10,"University of New England","Commonwealth Coast","Curry","Commonwealth Coast","NA NA",NA,NA,NA,NA,NA,NA,NA,NA,NA
"2734",10,"Adrian","Michigan","Kalamazoo","Michigan","NA NA",NA,NA,NA,NA,NA,NA,NA,NA,NA
"2735",10,"Union","Liberty League","Ithaca","Liberty League","NA NA",NA,NA,NA,NA,NA,NA,NA,NA,NA
"2736",10,"Juniata","Landmark Conference","Lycoming","Landmark Conference","NA NA",NA,NA,NA,NA,NA,NA,NA,NA,NA
"2737",10,"SUNY Cortland","Empire 8","Hartwick","Empire 8","NA NA",NA,NA,NA,NA,NA,NA,NA,NA,NA
"2738",10,"Alfred","Empire 8","St. John Fisher","Empire 8","NA NA",NA,NA,NA,NA,NA,NA,NA,NA,NA
"2739",10,"VMI","Southern","Furman","Southern","Furman -3.5",NA,NA,45,-25.5,1,49.5,-21,-3.5,"Furman"
"2740",10,"Dartmouth","Ivy","Harvard","Ivy","NA NA",NA,NA,NA,NA,NA,NA,NA,NA,NA
"2741",10,"Capital","Ohio","Mount Union","Ohio","NA NA",NA,NA,NA,NA,NA,NA,NA,NA,NA
"2742",10,"Ohio Northern","Ohio","John Carroll","Ohio","NA NA",NA,NA,NA,NA,NA,NA,NA,NA,NA
"2743",10,"Hanover","Heartland","Bluffton","Heartland","NA NA",NA,NA,NA,NA,NA,NA,NA,NA,NA
"2744",10,"Marietta","Ohio","Wilmington (OH)","Ohio","NA NA",NA,NA,NA,NA,NA,NA,NA,NA,NA
"2745",10,"Rose-Hulman","Heartland","Manchester","Heartland","NA NA",NA,NA,NA,NA,NA,NA,NA,NA,NA
"2746",10,"Franklin","Heartland","Anderson (IN)","Heartland","NA NA",NA,NA,NA,NA,NA,NA,NA,NA,NA
"2747",10,"Carthage","CCIW","North Park","CCIW","NA NA",NA,NA,NA,NA,NA,NA,NA,NA,NA
"2748",10,"Emporia State","Mid America","Fort Hays State","Mid America","NA NA",NA,NA,NA,NA,NA,NA,NA,NA,NA
"2749",10,"Washburn","Mid America","Nebraska-Kearney","Mid America","NA NA",NA,NA,NA,NA,NA,NA,NA,NA,NA
"2750",10,"Bemidji State","Northern Sun","Wayne State (NE)","Northern Sun","NA NA",NA,NA,NA,NA,NA,NA,NA,NA,NA
"2751",10,"Winona State","Northern Sun","Minnesota-Duluth","Northern Sun","NA NA",NA,NA,NA,NA,NA,NA,NA,NA,NA
"2752",10,"Missouri S&T","Great Lakes","McKendree","Great Lakes","NA NA",NA,NA,NA,NA,NA,NA,NA,NA,NA
"2753",10,"Quincy","Great Lakes","William Jewell College","Great Lakes","NA NA",NA,NA,NA,NA,NA,NA,NA,NA,NA
"2754",10,"Buena Vista","American Rivers","Coe","American Rivers","NA NA",NA,NA,NA,NA,NA,NA,NA,NA,NA
"2755",10,"Central","American Rivers","Loras College","American Rivers","NA NA",NA,NA,NA,NA,NA,NA,NA,NA,NA
"2756",10,"Wartburg","American Rivers","Luther","American Rivers","NA NA",NA,NA,NA,NA,NA,NA,NA,NA,NA
"2757",10,"McMurry","Southern Collegiate Athletic","Austin College","Southern Collegiate Athletic","NA NA",NA,NA,NA,NA,NA,NA,NA,NA,NA
"2758",10,"Hardin-Simmons","American Southwest","Howard Payne","American Southwest","NA NA",NA,NA,NA,NA,NA,NA,NA,NA,NA
"2759",10,"East Texas Baptist","American Southwest","Mary Hardin-Baylor","American Southwest","NA NA",NA,NA,NA,NA,NA,NA,NA,NA,NA
"2760",10,"Texas Lutheran","Southern Collegiate Athletic","Lyon College","Southern Collegiate Athletic","NA NA",NA,NA,NA,NA,NA,NA,NA,NA,NA
"2761",10,"Johns Hopkins","Centennial","Muhlenberg","Centennial","NA NA",NA,NA,NA,NA,NA,NA,NA,NA,NA
"2762",10,"Concordia (MN)","Minnesota","Augsburg","Minnesota","NA NA",NA,NA,NA,NA,NA,NA,NA,NA,NA
"2763",10,"Bethel (MN)","Minnesota","Carleton","Minnesota","NA NA",NA,NA,NA,NA,NA,NA,NA,NA,NA
"2764",10,"Gustavus Adolphus","Minnesota","St. Olaf College","Minnesota","NA NA",NA,NA,NA,NA,NA,NA,NA,NA,NA
"2765",10,"St. Scholastica","Minnesota","St. Johns (MN)","Minnesota","NA NA",NA,NA,NA,NA,NA,NA,NA,NA,NA
"2766",10,"Beloit College","Midwest","Lake Forest","Midwest","NA NA",NA,NA,NA,NA,NA,NA,NA,NA,NA
"2767",10,"Cornell College (IA)","Midwest","Knox College","Midwest","NA NA",NA,NA,NA,NA,NA,NA,NA,NA,NA
"2768",10,"Monmouth (IL)","Midwest","Ripon","Midwest","NA NA",NA,NA,NA,NA,NA,NA,NA,NA,NA
"2769",10,"Rockford","NACC","Eureka College","NACC","NA NA",NA,NA,NA,NA,NA,NA,NA,NA,NA
"2770",10,"Kentucky Wesleyan","Great Midwest Athletic","Tiffin","Great Midwest Athletic","NA NA",NA,NA,NA,NA,NA,NA,NA,NA,NA
"2771",10,"Allen","SIAC","Central State","SIAC","NA NA",NA,NA,NA,NA,NA,NA,NA,NA,NA
"2772",10,"Barton College","South Atlantic","Catawba","South Atlantic","NA NA",NA,NA,NA,NA,NA,NA,NA,NA,NA
"2773",10,"Augustana (SD)","Northern Sun","Concordia-St. Paul","Northern Sun","NA NA",NA,NA,NA,NA,NA,NA,NA,NA,NA
"2774",10,"Wisconsin-Stevens Point","Wisconsin","Wisconsin-Platteville","Wisconsin","NA NA",NA,NA,NA,NA,NA,NA,NA,NA,NA
"2775",10,"Wisconsin-Eau Claire","Wisconsin","UW-Oshkosh","Wisconsin","NA NA",NA,NA,NA,NA,NA,NA,NA,NA,NA
"2776",10,"Aurora","NACC","Benedictine (IL)","NACC","NA NA",NA,NA,NA,NA,NA,NA,NA,NA,NA
"2777",10,"Huntingdon","USA South","LaGrange College","USA South","NA NA",NA,NA,NA,NA,NA,NA,NA,NA,NA
"2778",10,"Concordia (WI)","NACC","Lakeland University","NACC","NA NA",NA,NA,NA,NA,NA,NA,NA,NA,NA
"2779",10,"Wisconsin Lutheran","NACC","St. Norbert","NACC","NA NA",NA,NA,NA,NA,NA,NA,NA,NA,NA
"2780",10,"Greenville","Upper Midwest","Westminster","Upper Midwest","NA NA",NA,NA,NA,NA,NA,NA,NA,NA,NA
"2781",10,"Northwestern (MN)","Upper Midwest","Martin Luther College","Upper Midwest","NA NA",NA,NA,NA,NA,NA,NA,NA,NA,NA
"2782",10,"College of New Jersey","New Jersey","Salisbury","New Jersey","NA NA",NA,NA,NA,NA,NA,NA,NA,NA,NA
"2783",10,"Nebraska Wesleyan University","American Rivers","Dubuque","American Rivers","NA NA",NA,NA,NA,NA,NA,NA,NA,NA,NA
"2784",10,"Chadron State","Rocky Mountain","South Dakota Mines","Rocky Mountain","NA NA",NA,NA,NA,NA,NA,NA,NA,NA,NA
"2785",10,"New Mexico Highlands","Rocky Mountain","Colorado Mines","Rocky Mountain","NA NA",NA,NA,NA,NA,NA,NA,NA,NA,NA
"2786",10,"Grinnell","Midwest","Illinois College","Midwest","NA NA",NA,NA,NA,NA,NA,NA,NA,NA,NA
"2787",10,"Illinois Wesleyan","CCIW","Augustana (IL)","CCIW","NA NA",NA,NA,NA,NA,NA,NA,NA,NA,NA
"2788",10,"North Central","CCIW","Carroll (WI)","CCIW","NA NA",NA,NA,NA,NA,NA,NA,NA,NA,NA
"2789",10,"Bridgewater (VA)","Old Dominion","Hampden-Sydney","Old Dominion","NA NA",NA,NA,NA,NA,NA,NA,NA,NA,NA
"2790",10,"UVA-Wise","South Atlantic","Tusculum","South Atlantic","NA NA",NA,NA,NA,NA,NA,NA,NA,NA,NA
"2791",10,"Rowan","New Jersey","Montclair State","New Jersey","NA NA",NA,NA,NA,NA,NA,NA,NA,NA,NA
"2792",10,"West Georgia","UAC","Lincoln University (CA)","Independent DII","NA NA",NA,NA,NA,NA,NA,NA,NA,NA,NA
"2793",10,"Elon","CAA","Campbell","CAA","Elon -10",NA,NA,48,-22.5,1,39,-31.5,-10,"Elon"
"2794",10,"Richmond","CAA","Towson","CAA","Richmond -8.5",NA,NA,51,-19.5,1,43.5,-27,-8.5,"Richmond"
"2795",10,"Charleston Southern","Big South-OVC","Gardner-Webb","Big South-OVC","Charleston Southern -6.5",NA,NA,43.5,-27,1,38,-32.5,-6.5,"Charleston Southern"
"2796",10,"Western Carolina","Southern","Chattanooga","Southern","Chattanooga -10.5",NA,NA,43.5,-27,1,55,-15.5,-10.5,"Chattanooga"
"2797",10,"Tennessee Tech","Big South-OVC","Lindenwood","Big South-OVC","NA NA",NA,NA,31.5,-39,1,NA,NA,NA,NA
"2798",10,"Oklahoma","SEC","Maine","CAA","Oklahoma -47.2",NA,NA,89.5,19.8,3.25,45.5,-25,-47.2,"Oklahoma"
"2799",10,"Northwest Missouri State","Mid America","Northeastern State","Independent DII","NA NA",NA,NA,NA,NA,NA,NA,NA,NA,NA
"2800",10,"Castleton State College","MSCAC","Worcester State College","MSCAC","NA NA",NA,NA,NA,NA,NA,NA,NA,NA,NA
"2801",10,"Rhodes","Southern Athletic","Millsaps","Southern Athletic","NA NA",NA,NA,NA,NA,NA,NA,NA,NA,NA
"2802",10,"UMass Dartmouth","MSCAC","Western Connecticut State","MSCAC","NA NA",NA,NA,NA,NA,NA,NA,NA,NA,NA
"2803",10,"Adams State","Rocky Mountain","Fort Lewis","Rocky Mountain","NA NA",NA,NA,NA,NA,NA,NA,NA,NA,NA
"2804",10,"Colorado Mesa","Rocky Mountain","Black Hills State","Rocky Mountain","NA NA",NA,NA,NA,NA,NA,NA,NA,NA,NA
"2805",10,"Western State","Rocky Mountain","Colorado State-Pueblo","Rocky Mountain","NA NA",NA,NA,NA,NA,NA,NA,NA,NA,NA
"2806",10,"Carson-Newman","South Atlantic","Anderson (SC)","South Atlantic","NA NA",NA,NA,NA,NA,NA,NA,NA,NA,NA
"2807",10,"Pittsburg State","Mid America","Central Missouri State","Mid America","NA NA",NA,NA,NA,NA,NA,NA,NA,NA,NA
"2808",10,"Missouri Western","Mid America","Central Oklahoma","Mid America","NA NA",NA,NA,NA,NA,NA,NA,NA,NA,NA
"2809",10,"Minot State","Northern Sun","Minnesota St-Moorhead","Northern Sun","NA NA",NA,NA,NA,NA,NA,NA,NA,NA,NA
"2810",10,"Arkansas Tech","Great American","East Central","Great American","NA NA",NA,NA,NA,NA,NA,NA,NA,NA,NA
"2811",10,"Arkansas-Monticello","Great American","Oklahoma Baptist","Great American","NA NA",NA,NA,NA,NA,NA,NA,NA,NA,NA
"2812",10,"Northwestern Oklahoma State","Great American","Henderson State","Great American","NA NA",NA,NA,NA,NA,NA,NA,NA,NA,NA
"2813",10,"Grand Valley State","GLIAC","Wayne State (MI)","GLIAC","NA NA",NA,NA,NA,NA,NA,NA,NA,NA,NA
"2814",10,"Wittenberg","North Coast","Oberlin","North Coast","NA NA",NA,NA,NA,NA,NA,NA,NA,NA,NA
"2815",10,"Southwestern Oklahoma","Great American","Southern Arkansas","Great American","NA NA",NA,NA,NA,NA,NA,NA,NA,NA,NA
"2816",10,"West Alabama","Gulf South","North Greenville","Gulf South","NA NA",NA,NA,NA,NA,NA,NA,NA,NA,NA
"2817",10,"Savannah State","SIAC","Albany State (GA)","SIAC","NA NA",NA,NA,NA,NA,NA,NA,NA,NA,NA
"2818",10,"Northern State","Northern Sun","Minnesota State","Northern Sun","NA NA",NA,NA,NA,NA,NA,NA,NA,NA,NA
"2819",10,"Lane","SIAC","Edward Waters","SIAC","NA NA",NA,NA,NA,NA,NA,NA,NA,NA,NA
"2820",10,"Washington & Lee","Old Dominion","Randolph-Macon","Old Dominion","NA NA",NA,NA,NA,NA,NA,NA,NA,NA,NA
"2821",10,"Mercer","Southern","East Tennessee State","Southern","Mercer -15.5",NA,NA,51,-19.5,1,36.5,-34,-15.5,"Mercer"
"2822",10,"Samford","Southern","Wofford","Southern","Samford -10.5",NA,NA,47,-23.5,1,37.5,-33,-10.5,"Samford"
"2823",10,"Bethune-Cookman","SWAC","Grambling","SWAC","NA NA",NA,NA,30.5,-40,1,NA,NA,NA,NA
"2824",10,"South Dakota State","MVFC","Murray State","MVFC","South Dakota State -29",NA,NA,70,-0.5,1,42,-28.5,-29,"South Dakota State"
"2825",10,"Missouri State","MVFC","Southern Illinois","MVFC","Missouri State -3",NA,NA,63,-7.5,1,61,-9.5,-3,"Missouri State"
"2826",10,"Illinois State","MVFC","Youngstown State","MVFC","Youngstown State -1.5",NA,NA,50,-20.5,1,52.5,-18,-1.5,"Youngstown State"
"2827",10,"Eastern Illinois","Big South-OVC","Western Illinois","Big South-OVC","NA NA",NA,NA,30.5,-40,1,NA,NA,NA,NA
"2828",10,"Incarnate Word","Southland","Houston Christian","Southland","NA NA",NA,NA,57.5,-13,1,NA,NA,NA,NA
"2829",10,"North Dakota State","MVFC","Northern Iowa","MVFC","North Dakota State -13",NA,NA,76,5.5,1,64,-6.5,-13,"North Dakota State"
"2830",10,"Georgia","SEC","Florida","SEC","Georgia -21.3",NA,NA,101.5,34.2,1.822,82,13.2,-21.3,"Georgia"
"2831",10,"UTEP","Conference USA","Middle Tennessee","Conference USA","Middle Tennessee -5.5",NA,NA,45,-17.8,2.468,53,-13.4,-5.5,"Middle Tennessee"
"2832",10,"Whitworth","Northwest","Lewis & Clark","Northwest","NA NA",NA,NA,NA,NA,NA,NA,NA,NA,NA
"2833",10,"Pacific (OR)","Northwest","Linfield","Northwest","NA NA",NA,NA,NA,NA,NA,NA,NA,NA,NA
"2834",10,"La Verne","So. Cal.","Redlands","So. Cal.","NA NA",NA,NA,NA,NA,NA,NA,NA,NA,NA
"2835",10,"Newberry","South Atlantic","Limestone","South Atlantic","NA NA",NA,NA,NA,NA,NA,NA,NA,NA,NA
"2836",10,"Puget Sound","Northwest","Willamette","Northwest","NA NA",NA,NA,NA,NA,NA,NA,NA,NA,NA
"2837",10,"Pacific Lutheran","Northwest","George Fox University","Northwest","NA NA",NA,NA,NA,NA,NA,NA,NA,NA,NA
"2838",10,"Florida A&M","SWAC","Texas Southern","SWAC","Florida A&M -19",NA,NA,46,-24.5,1,28,-42.5,-19,"Florida A&M"
"2839",10,"Eastern Washington","Big Sky","Montana State","Big Sky","Eastern Washington -1",NA,NA,65,-5.5,1,65,-5.5,-1,"Eastern Washington"
"2840",10,"Northern Arizona","Big Sky","Weber State","Big Sky","Weber State -12.5",NA,NA,46,-24.5,1,59.5,-11,-12.5,"Weber State"
"2841",10,"UC Davis","Big Sky","Northern Colorado","Big Sky","UC Davis -16.5",NA,NA,54,-16.5,1,38.5,-32,-16.5,"UC Davis"
"2842",10,"Utah Tech","UAC","Central Arkansas","UAC","NA NA",NA,NA,NA,NA,NA,49,-21.5,NA,NA
"2843",10,"Lamar","Southland","Southeastern Louisiana","Southland","Southeastern Louisiana -26.5",NA,NA,30,-40.5,1,57.5,-13,-26.5,"Southeastern Louisiana"
"2844",10,"Nicholls","Southland","Stephen F. Austin","Southland","Stephen F. Austin -1.5",NA,NA,53.5,-17,1,56,-14.5,-1.5,"Stephen F. Austin"
"2845",10,"San Diego","Pioneer","Davidson","Pioneer","NA NA",NA,NA,NA,NA,NA,NA,NA,NA,NA
"2846",10,"Abilene Christian","UAC","Southern Utah","UAC","Abilene Christian -10.5",NA,NA,43,-27.5,1,33.5,-37,-10.5,"Abilene Christian"
"2847",10,"Mississippi State","SEC","UMass","FBS Independents","Mississippi State -28.6",NA,NA,77,1.1,2.64,51,-20.1,-28.6,"Mississippi State"
"2848",10,"Crown College","Upper Midwest","Minnesota-Morris","Upper Midwest","NA NA",NA,NA,NA,NA,NA,NA,NA,NA,NA
"2849",10,"New Mexico","Mountain West","Wyoming","Mountain West","Wyoming -15.6",NA,NA,54.5,-20.6,0.856,71,-8,-15.6,"Wyoming"
"2850",10,"Miles","SIAC","Morehouse","SIAC","NA NA",NA,NA,NA,NA,NA,NA,NA,NA,NA
"2851",10,"North Alabama","UAC","Austin Peay","UAC","Austin Peay -8",NA,NA,41,-29.5,1,50,-20.5,-8,"Austin Peay"
"2852",10,"Alabama State","SWAC","Alcorn State","SWAC","Alcorn State -7",NA,NA,30,-40.5,1,38,-32.5,-7,"Alcorn State"
"2853",10,"Cal Poly","Big Sky","Montana","Big Sky","Montana -30",NA,NA,34.5,-36,1,65.5,-5,-30,"Montana"
"2854",10,"Tennessee State","Big South-OVC","UT Martin","Big South-OVC","UT Martin -13.5",NA,NA,36.5,-34,1,51,-19.5,-13.5,"UT Martin"
"2855",10,"Lawrence","Midwest","Chicago","Midwest","NA NA",NA,NA,NA,NA,NA,NA,NA,NA,NA
"2856",10,"Indianapolis","Great Lakes","Southwest Baptist","Great Lakes","NA NA",NA,NA,NA,NA,NA,NA,NA,NA,NA
"2857",10,"Fresno State","Mountain West","Hawai'i","Mountain West","Fresno State -19.2",NA,NA,76,-0.1,2.684,59.5,-12.6,-19.2,"Fresno State"
"2858",10,"Angelo State","Lone Star","Central Washington","Lone Star","NA NA",NA,NA,NA,NA,NA,NA,NA,NA,NA
"2859",10,"Tarleton State","UAC","Eastern Kentucky","UAC","Eastern Kentucky -8",NA,NA,43,-27.5,1,52,-18.5,-8,"Eastern Kentucky"
"2860",10,"McNeese","Southland","Texas A&M-Commerce","Southland","NA NA",NA,NA,47,-23.5,1,NA,NA,NA,NA
"2861",10,"Texas A&M-Kingsville","Lone Star","West Texas A&M","Lone Star","NA NA",NA,NA,NA,NA,NA,NA,NA,NA,NA
"2862",10,"Nevada","Mountain West","Colorado State","Mountain West","Colorado State -0.9",NA,NA,60,-16.7,2.062,63,-10.6,-0.9,"Colorado State"
"2863",10,"Macalester","Minnesota","Hamline","Minnesota","NA NA",NA,NA,NA,NA,NA,NA,NA,NA,NA
"2864",10,"Sacramento State","Big Sky","Portland State","Big Sky","Sacramento State -12",NA,NA,60.5,-10,1,49.5,-21,-12,"Sacramento State"
"2865",10,"Chapman","So. Cal.","Claremont","So. Cal.","NA NA",NA,NA,NA,NA,NA,NA,NA,NA,NA
"2866",10,"Pomona-Pitzer","So. Cal.","Cal Lutheran","So. Cal.","NA NA",NA,NA,NA,NA,NA,NA,NA,NA,NA
"2867",11,"Ball State","Mid-American","Miami (OH)","Mid-American","NA NA",NA,NA,53.5,-16.9,1.5,NA,NA,NA,NA
"2868",11,"Central Michigan","Mid-American","Bowling Green","Mid-American","Bowling Green -7.8",NA,NA,56,-15.9,1.658,65.5,-11.2,-7.8,"Bowling Green"
"2869",11,"Kent State","Mid-American","Ohio","Mid-American","Ohio -9.9",NA,NA,44.5,-20.9,2.114,56.5,-12,-9.9,"Ohio"
"2870",11,"Western Michigan","Mid-American","Northern Illinois","Mid-American","Western Michigan -2.5",NA,NA,60,-12.9,2.514,60,-10.6,-2.5,"Western Michigan"
"2871",11,"Coastal Carolina","Sun Belt","Appalachian State","Sun Belt","Appalachian State -20.7",NA,NA,56,-6.5,2.256,79,0.5,-20.7,"Appalachian State"
"2872",11,"East Carolina","American Athletic","Florida Atlantic","American Athletic","Florida Atlantic -2",NA,NA,60.5,-9.5,0,62.5,-12.2,-2,"Florida Atlantic"
"2873",11,"Princeton","Ivy","Dartmouth","Ivy","NA NA",NA,NA,NA,NA,NA,NA,NA,NA,NA
"2874",11,"Wake Forest","ACC","California","ACC","California -12.5",NA,NA,64,-2.6,3.008,79.5,2.8,-12.5,"California"
"2875",11,"Memphis","American Athletic","Rice","American Athletic","Memphis -7",NA,NA,72.5,6.1,2.464,68,-9,-7,"Memphis"
"2876",11,"UCLA","Big Ten","Iowa","Big Ten","Iowa -6.3",NA,NA,75,8.8,1.732,83,13.2,-6.3,"Iowa"
"2877",11,"San Diego State","Mountain West","New Mexico","Mountain West","San Diego State -3.9",NA,NA,56.5,-8.9,1.934,54.5,-20.6,-3.9,"San Diego State"
"2878",11,"Tennessee","SEC","Mississippi State","SEC","Tennessee -8.3",NA,NA,83,19.2,2.338,77,1.1,-8.3,"Tennessee"
"2879",11,"Mercyhurst","NEC","Lincoln University (CA)","Independent DII","NA NA",NA,NA,NA,NA,NA,NA,NA,NA,NA
"2880",11,"LSU","SEC","Alabama","SEC","LSU -1.9",NA,NA,94,23.1,3.904,96,27.8,-1.9,"LSU"
"2881",11,"Ole Miss","SEC","Georgia","SEC","Georgia -8.1",NA,NA,91,24.7,2.424,101.5,34.2,-8.1,"Georgia"
"2882",11,"Missouri","SEC","Oklahoma","SEC","Missouri -1.5",NA,NA,88.5,22.2,2.478,89.5,19.8,-1.5,"Missouri"
"2883",11,"Vanderbilt","SEC","South Carolina","SEC","South Carolina -11.6",NA,NA,65,-7.3,0.874,77.5,9.5,-11.6,"South Carolina"
"2884",11,"Tulane","American Athletic","Temple","American Athletic","Tulane -31.6",NA,NA,73,-0.8,3.148,44.5,-21.9,-31.6,"Tulane"
"2885",11,"South Florida","American Athletic","Navy","American Athletic","South Florida -9.1",NA,NA,65,-5.6,2.564,58.5,-13.3,-9.1,"South Florida"
"2886",11,"Southern Mississippi","Sun Belt","Marshall","Sun Belt","NA NA",NA,NA,NA,NA,NA,61.5,-9.9,NA,NA
"2887",11,"Louisiana Monroe","Sun Belt","Texas State","Sun Belt","NA NA",NA,NA,NA,NA,NA,72.5,-6.5,NA,NA
"2888",11,"Louisiana","Sun Belt","Arkansas State","Sun Belt","Louisiana -6.7",NA,NA,69.5,-2.4,2.73,65.5,-9.1,-6.7,"Louisiana"
"2889",11,"James Madison","Sun Belt","Georgia State","Sun Belt","James Madison -12.7",NA,NA,69.5,0.7,2.7,59.5,-11.3,-12.7,"James Madison"
"2890",11,"Washington State","Pac-12","Utah State","Mountain West","Washington State -12.3",NA,NA,70.5,0.6,3.292,61.5,-11.1,-12.3,"Washington State"
"2891",11,"Oregon State","Pac-12","San José State","Mountain West","NA NA",NA,NA,73,3.2,3.542,NA,NA,NA,NA
"2892",11,"Boise State","Mountain West","Nevada","Mountain West","Boise State -20.8",NA,NA,78,7.9,2.786,60,-16.7,-20.8,"Boise State"
"2893",11,"Air Force","Mountain West","Fresno State","Mountain West","Fresno State -10.8",NA,NA,62,-7.1,3.212,76,-0.1,-10.8,"Fresno State"
"2894",11,"New Mexico State","Conference USA","Western Kentucky","Conference USA","Western Kentucky -8",NA,NA,53,-15.5,2.962,64,-1.6,-8,"Western Kentucky"
"2895",11,"UTEP","Conference USA","Kennesaw State","Conference USA","Kennesaw State -10",NA,NA,45,-17.8,2.468,57.5,-13,-10,"Kennesaw State"
"2896",11,"Utah","Big 12","BYU","Big 12","Utah -19.8",NA,NA,88,15.8,3.3,71.5,-1.5,-19.8,"Utah"
"2897",11,"Texas Tech","Big 12","Colorado","Big 12","Texas Tech -0.2",NA,NA,72,7.4,3.244,75,0.3,-0.2,"Texas Tech"
"2898",11,"TCU","Big 12","Oklahoma State","Big 12","Oklahoma State -12.8",NA,NA,71,8.7,2.232,86,14,-12.8,"Oklahoma State"
"2899",11,"Kansas","Big 12","Iowa State","Big 12","Iowa State -3.6",NA,NA,85,9.7,2.394,91,11.5,-3.6,"Iowa State"
"2900",11,"Cincinnati","Big 12","West Virginia","Big 12","West Virginia -6.4",NA,NA,72,-0.1,2.08,80.5,9.7,-6.4,"West Virginia"
"2901",11,"Arizona State","Big 12","UCF","Big 12","UCF -10.8",NA,NA,66,-4,2.164,79,5.9,-10.8,"UCF"
"2902",11,"Pittsburgh","ACC","Virginia","ACC","Pittsburgh -2.4",NA,NA,66.5,-0.8,1.948,66,-3.5,-2.4,"Pittsburgh"
"2903",11,"Georgia Tech","ACC","Miami","ACC","Miami -9.1",NA,NA,76,0.6,1.368,86.5,15.5,-9.1,"Miami"
"2904",11,"NC State","ACC","Duke","ACC","NC State -12.1",NA,NA,76,12.1,3.106,67,3.1,-12.1,"NC State"
"2905",11,"Virginia Tech","ACC","Clemson","ACC","Clemson -8.2",NA,NA,78,9.4,2.308,88.5,18.8,-8.2,"Clemson"
"2906",11,"Boston College","ACC","Syracuse","ACC","Boston College -0.9",NA,NA,69,-2.4,1.852,70,-1,-0.9,"Boston College"
"2907",11,"North Texas","American Athletic","Army","American Athletic","North Texas -1.9",NA,NA,57.5,-11.3,2.858,58.5,-11.1,-1.9,"North Texas"
"2908",11,"UAB","American Athletic","Connecticut","FBS Independents","NA NA",NA,NA,63,-10.6,3.838,NA,NA,NA,NA
"2909",11,"Penn State","Big Ten","Washington","Big Ten","Penn State -12.9",NA,NA,96.5,26.1,3.408,87,10.3,-12.9,"Penn State"
"2910",11,"Ohio State","Big Ten","Purdue","Big Ten","Ohio State -32.5",NA,NA,99,30.8,2.984,69.5,-1.4,-32.5,"Ohio State"
"2911",11,"Rutgers","Big Ten","Minnesota","Big Ten","Rutgers -7.6",NA,NA,77,3.5,2.144,71.5,4.2,-7.6,"Rutgers"
"2912",11,"Oregon","Big Ten","Maryland","Big Ten","Oregon -26",NA,NA,97.5,29,2.508,74,5.2,-26,"Oregon"
"2913",11,"Indiana","Big Ten","Michigan","Big Ten","Michigan -16.1",NA,NA,76.5,-4.5,1.9,94.5,25,-16.1,"Michigan"
"2914",11,"UNC Pembroke","Mountain East","Frostburg State","Mountain East","NA NA",NA,NA,NA,NA,NA,NA,NA,NA,NA
"2915",11,"Missouri Southern State","Mid America","Nebraska-Kearney","Mid America","NA NA",NA,NA,NA,NA,NA,NA,NA,NA,NA
"2916",11,"WV Wesleyan","Mountain East","Charleston (WV)","Mountain East","NA NA",NA,NA,NA,NA,NA,NA,NA,NA,NA
"2917",11,"Glenville State","Mountain East","West Virginia State","Mountain East","NA NA",NA,NA,NA,NA,NA,NA,NA,NA,NA
"2918",11,"McKendree","Great Lakes","Upper Iowa","Great Lakes","NA NA",NA,NA,NA,NA,NA,NA,NA,NA,NA
"2919",11,"Michigan Tech","GLIAC","Grand Valley State","GLIAC","NA NA",NA,NA,NA,NA,NA,NA,NA,NA,NA
"2920",11,"Luther","American Rivers","Buena Vista","American Rivers","NA NA",NA,NA,NA,NA,NA,NA,NA,NA,NA
"2921",11,"Union","Liberty League","Rochester","Liberty League","NA NA",NA,NA,NA,NA,NA,NA,NA,NA,NA
"2922",11,"Findlay","Great Midwest Athletic","Northwood (MI)","Great Midwest Athletic","NA NA",NA,NA,NA,NA,NA,NA,NA,NA,NA
"2923",11,"Western New Mexico","Lone Star","Texas A&M-Kingsville","Lone Star","NA NA",NA,NA,NA,NA,NA,NA,NA,NA,NA
"2924",11,"Tuskegee","SIAC","Miles","SIAC","NA NA",NA,NA,NA,NA,NA,NA,NA,NA,NA
"2925",11,"Anderson (SC)","South Atlantic","Mars Hill","South Atlantic","NA NA",NA,NA,NA,NA,NA,NA,NA,NA,NA
"2926",11,"Denison","North Coast","Oberlin","North Coast","NA NA",NA,NA,NA,NA,NA,NA,NA,NA,NA
"2927",11,"Calvin University","Michigan","Hope","Michigan","NA NA",NA,NA,NA,NA,NA,NA,NA,NA,NA
"2928",11,"Merchant Marine","NEWMAC","Springfield","NEWMAC","NA NA",NA,NA,NA,NA,NA,NA,NA,NA,NA
"2929",11,"Keystone","Landmark Conference","Juniata","Landmark Conference","NA NA",NA,NA,NA,NA,NA,NA,NA,NA,NA
"2930",11,"Franklin Pierce","Northeast 10","Bentley","Northeast 10","NA NA",NA,NA,NA,NA,NA,NA,NA,NA,NA
"2931",11,"St. Anselm","Northeast 10","New Haven","Northeast 10","NA NA",NA,NA,NA,NA,NA,NA,NA,NA,NA
"2932",11,"Cal Poly","Big Sky","Northern Arizona","Big Sky","Northern Arizona -10.5",NA,NA,34.5,-36,1,46,-24.5,-10.5,"Northern Arizona"
"2933",11,"Jackson State","SWAC","Mississippi Valley State","SWAC","NA NA",NA,NA,45,-25.5,1,NA,NA,NA,NA
"2934",11,"Alcorn State","SWAC","Texas Southern","SWAC","Alcorn State -11",NA,NA,38,-32.5,1,28,-42.5,-11,"Alcorn State"
"2935",11,"Eastern Kentucky","UAC","Central Arkansas","UAC","Eastern Kentucky -4",NA,NA,52,-18.5,1,49,-21.5,-4,"Eastern Kentucky"
"2936",11,"VMI","Southern","Mercer","Southern","Mercer -5",NA,NA,45,-25.5,1,51,-19.5,-5,"Mercer"
"2937",11,"Duquesne","NEC","Robert Morris","NEC","Duquesne -6.5",NA,NA,38,-32.5,1,32.5,-38,-6.5,"Duquesne"
"2938",11,"Harvard","Ivy","Columbia","Ivy","NA NA",NA,NA,NA,NA,NA,NA,NA,NA,NA
"2939",11,"Yale","Ivy","Brown","Ivy","NA NA",NA,NA,49.5,-21,1,NA,NA,NA,NA
"2940",11,"Dayton","Pioneer","San Diego","Pioneer","NA NA",NA,NA,NA,NA,NA,NA,NA,NA,NA
"2941",11,"East Tennessee State","Southern","Western Carolina","Southern","NA NA",NA,NA,36.5,-34,NA,43.5,-27,NA,NA
"2942",11,"Holy Cross","Patriot","Lehigh","Patriot","NA NA",NA,NA,51.5,-19,1,NA,NA,NA,NA
"2943",11,"Sacred Heart","FCS Independents","Long Island University","NEC","NA NA",NA,NA,NA,NA,NA,NA,NA,NA,NA
"2944",11,"Hilbert College","Empire 8","Utica","Empire 8","NA NA",NA,NA,NA,NA,NA,NA,NA,NA,NA
"2945",11,"Texas","SEC","Florida","SEC","Texas -18",NA,NA,97,27.7,2.978,82,13.2,-18,"Texas"
"2946",11,"Moravian","Landmark Conference","Lycoming","Landmark Conference","NA NA",NA,NA,NA,NA,NA,NA,NA,NA,NA
"2947",11,"Delaware Valley","Mid Atlantic","Eastern University","Mid Atlantic","NA NA",NA,NA,NA,NA,NA,NA,NA,NA,NA
"2948",11,"FDU-Florham","Mid Atlantic","Widener","Mid Atlantic","NA NA",NA,NA,NA,NA,NA,NA,NA,NA,NA
"2949",11,"Fairmont State","Mountain East","West Liberty","Mountain East","NA NA",NA,NA,NA,NA,NA,NA,NA,NA,NA
"2950",11,"California (PA)","Pennsylvania State Athletic","Edinboro","Pennsylvania State Athletic","NA NA",NA,NA,NA,NA,NA,NA,NA,NA,NA
"2951",11,"Clarion","Pennsylvania State Athletic","Gannon","Pennsylvania State Athletic","NA NA",NA,NA,NA,NA,NA,NA,NA,NA,NA
"2952",11,"Davenport","GLIAC","Northern Michigan","GLIAC","NA NA",NA,NA,NA,NA,NA,NA,NA,NA,NA
"2953",11,"Nichols","Commonwealth Coast","Curry","Commonwealth Coast","NA NA",NA,NA,NA,NA,NA,NA,NA,NA,NA
"2954",11,"Endicott College","Commonwealth Coast","Husson","Commonwealth Coast","NA NA",NA,NA,NA,NA,NA,NA,NA,NA,NA
"2955",11,"Brockport State (NY)","Empire 8","SUNY Cortland","Empire 8","NA NA",NA,NA,NA,NA,NA,NA,NA,NA,NA
"2956",11,"Catholic University","Landmark Conference","Wilkes","Landmark Conference","NA NA",NA,NA,NA,NA,NA,NA,NA,NA,NA
"2957",11,"Albright","Mid Atlantic","King's College (PA)","Mid Atlantic","NA NA",NA,NA,NA,NA,NA,NA,NA,NA,NA
"2958",11,"Misericordia","Mid Atlantic","Stevenson","Mid Atlantic","NA NA",NA,NA,NA,NA,NA,NA,NA,NA,NA
"2959",11,"Castleton State College","MSCAC","Bridgewater State","MSCAC","NA NA",NA,NA,NA,NA,NA,NA,NA,NA,NA
"2960",11,"Fitchburg State","MSCAC","Plymouth State","MSCAC","NA NA",NA,NA,NA,NA,NA,NA,NA,NA,NA
"2961",11,"Worcester State College","MSCAC","Mass Maritime","MSCAC","NA NA",NA,NA,NA,NA,NA,NA,NA,NA,NA
"2962",11,"Walsh","Great Midwest Athletic","Ashland","Great Midwest Athletic","NA NA",NA,NA,NA,NA,NA,NA,NA,NA,NA
"2963",11,"Shorter","Gulf South","West Alabama","Gulf South","NA NA",NA,NA,NA,NA,NA,NA,NA,NA,NA
"2964",11,"Limestone","South Atlantic","Barton College","South Atlantic","NA NA",NA,NA,NA,NA,NA,NA,NA,NA,NA
"2965",11,"NC Wesleyan","USA South","Brevard College","USA South","NA NA",NA,NA,NA,NA,NA,NA,NA,NA,NA
"2966",11,"Greensboro","USA South","Maryville TN","USA South","NA NA",NA,NA,NA,NA,NA,NA,NA,NA,NA
"2967",11,"Kutztown","Pennsylvania State Athletic","West Chester","Pennsylvania State Athletic","NA NA",NA,NA,NA,NA,NA,NA,NA,NA,NA
"2968",11,"Hiram","North Coast","DePauw","North Coast","NA NA",NA,NA,NA,NA,NA,NA,NA,NA,NA
"2969",11,"Northwestern (MN)","Upper Midwest","Greenville","Upper Midwest","NA NA",NA,NA,NA,NA,NA,NA,NA,NA,NA
"2970",11,"Hamilton","NESCAC","Bates College","NESCAC","NA NA",NA,NA,NA,NA,NA,NA,NA,NA,NA
"2971",11,"Trinity (CT)","NESCAC","Wesleyan","NESCAC","NA NA",NA,NA,NA,NA,NA,NA,NA,NA,NA
"2972",11,"Williams","NESCAC","Amherst College","NESCAC","NA NA",NA,NA,NA,NA,NA,NA,NA,NA,NA
"2973",11,"Norwich","NEWMAC","MIT","NEWMAC","NA NA",NA,NA,NA,NA,NA,NA,NA,NA,NA
"2974",11,"Centre","Southern Athletic","Rhodes","Southern Athletic","NA NA",NA,NA,NA,NA,NA,NA,NA,NA,NA
"2975",11,"Carnegie Mellon","Presidents'","Allegheny","Presidents'","NA NA",NA,NA,NA,NA,NA,NA,NA,NA,NA
"2976",11,"Southwest Minnesota State","Northern Sun","Winona State","Northern Sun","NA NA",NA,NA,NA,NA,NA,NA,NA,NA,NA
"2977",11,"Western Connecticut State","MSCAC","Framingham State","MSCAC","NA NA",NA,NA,NA,NA,NA,NA,NA,NA,NA
"2978",11,"Salve Regina","NEWMAC","Worcester Polytechnic","NEWMAC","NA NA",NA,NA,NA,NA,NA,NA,NA,NA,NA
"2979",11,"Westfield State","MSCAC","UMass Dartmouth","MSCAC","NA NA",NA,NA,NA,NA,NA,NA,NA,NA,NA
"2980",11,"Coast Guard","NEWMAC","SUNY Maritime","NEWMAC","NA NA",NA,NA,NA,NA,NA,NA,NA,NA,NA
"2981",11,"St. John Fisher","Empire 8","Morrisville State","Empire 8","NA NA",NA,NA,NA,NA,NA,NA,NA,NA,NA
"2982",11,"Tufts","NESCAC","Middlebury","NESCAC","NA NA",NA,NA,NA,NA,NA,NA,NA,NA,NA
"2983",11,"Chowan","Gulf South","Erskine","Gulf South","NA NA",NA,NA,NA,NA,NA,NA,NA,NA,NA
"2984",11,"Middle Tennessee","Conference USA","Liberty","Conference USA","Liberty -19.3",NA,NA,53,-13.4,3.182,75.5,3.9,-19.3,"Liberty"
"2985",11,"Ferris State","GLIAC","Saginaw Valley","GLIAC","NA NA",NA,NA,NA,NA,NA,NA,NA,NA,NA
"2986",11,"Kenyon","North Coast","Ohio Wesleyan","North Coast","NA NA",NA,NA,NA,NA,NA,NA,NA,NA,NA
"2987",11,"Western New England","Commonwealth Coast","University of New England","Commonwealth Coast","NA NA",NA,NA,NA,NA,NA,NA,NA,NA,NA
"2988",11,"Slippery Rock","Pennsylvania State Athletic","Seton Hill College","Pennsylvania State Athletic","NA NA",NA,NA,NA,NA,NA,NA,NA,NA,NA
"2989",11,"Post University","Northeast 10","American International","Northeast 10","NA NA",NA,NA,NA,NA,NA,NA,NA,NA,NA
"2990",11,"Pace","Northeast 10","Assumption","Northeast 10","NA NA",NA,NA,NA,NA,NA,NA,NA,NA,NA
"2991",11,"Grove City College","Presidents'","Case Western Reserve","Presidents'","NA NA",NA,NA,NA,NA,NA,NA,NA,NA,NA
"2992",11,"St. Vincent","Presidents'","Bethany (WV)","Presidents'","NA NA",NA,NA,NA,NA,NA,NA,NA,NA,NA
"2993",11,"Waynesburg","Presidents'","Thiel College","Presidents'","NA NA",NA,NA,NA,NA,NA,NA,NA,NA,NA
"2994",11,"Shenandoah","Old Dominion","Hampden-Sydney","Old Dominion","NA NA",NA,NA,NA,NA,NA,NA,NA,NA,NA
"2995",11,"Geneva College","Presidents'","Westminster PA","Presidents'","NA NA",NA,NA,NA,NA,NA,NA,NA,NA,NA
"2996",11,"Berry College","Southern Athletic","Millsaps","Southern Athletic","NA NA",NA,NA,NA,NA,NA,NA,NA,NA,NA
"2997",11,"Randolph-Macon","Old Dominion","Ferrum","Old Dominion","NA NA",NA,NA,NA,NA,NA,NA,NA,NA,NA
"2998",11,"Averett","Old Dominion","Guilford","Old Dominion","NA NA",NA,NA,NA,NA,NA,NA,NA,NA,NA
"2999",11,"William Paterson","New Jersey","College of New Jersey","New Jersey","NA NA",NA,NA,NA,NA,NA,NA,NA,NA,NA
"3000",11,"Salisbury","New Jersey","McDaniel College","Centennial","NA NA",NA,NA,NA,NA,NA,NA,NA,NA,NA
"3001",11,"Rowan","New Jersey","Kean","New Jersey","NA NA",NA,NA,NA,NA,NA,NA,NA,NA,NA
"3002",11,"Westminster","Upper Midwest","Minnesota-Morris","Upper Midwest","NA NA",NA,NA,NA,NA,NA,NA,NA,NA,NA
"3003",11,"Lock Haven","Pennsylvania State Athletic","Shippensburg","Pennsylvania State Athletic","NA NA",NA,NA,NA,NA,NA,NA,NA,NA,NA
"3004",11,"St. Norbert","NACC","Lakeland University","NACC","NA NA",NA,NA,NA,NA,NA,NA,NA,NA,NA
"3005",11,"Belhaven College","USA South","LaGrange College","USA South","NA NA",NA,NA,NA,NA,NA,NA,NA,NA,NA
"3006",11,"Concordia (WI)","NACC","Concordia (IL)","NACC","NA NA",NA,NA,NA,NA,NA,NA,NA,NA,NA
"3007",11,"Southern Virginia","USA South","Huntingdon","USA South","NA NA",NA,NA,NA,NA,NA,NA,NA,NA,NA
"3008",11,"UW-River Falls","Wisconsin","Wisconsin-Stevens Point","Wisconsin","NA NA",NA,NA,NA,NA,NA,NA,NA,NA,NA
"3009",11,"Wisconsin-La Crosse","Wisconsin","UW-Whitewater","Wisconsin","NA NA",NA,NA,NA,NA,NA,NA,NA,NA,NA
"3010",11,"Wayne State (NE)","Northern Sun","Northern State","Northern Sun","NA NA",NA,NA,NA,NA,NA,NA,NA,NA,NA
"3011",11,"Minnesota State","Northern Sun","University of Mary","Northern Sun","NA NA",NA,NA,NA,NA,NA,NA,NA,NA,NA
"3012",11,"Central State","SIAC","Kentucky State","SIAC","NA NA",NA,NA,NA,NA,NA,NA,NA,NA,NA
"3013",11,"Morehouse","SIAC","Clark Atlanta","SIAC","NA NA",NA,NA,NA,NA,NA,NA,NA,NA,NA
"3014",11,"Mississippi College","Gulf South","Northeastern State","Independent DII","NA NA",NA,NA,NA,NA,NA,NA,NA,NA,NA
"3015",11,"Lake Erie College","Great Midwest Athletic","Ohio Dominican","Great Midwest Athletic","NA NA",NA,NA,NA,NA,NA,NA,NA,NA,NA
"3016",11,"Hillsdale","Great Midwest Athletic","Tiffin","Great Midwest Athletic","NA NA",NA,NA,NA,NA,NA,NA,NA,NA,NA
"3017",11,"Winston-Salem","CIAA","Fayetteville State","CIAA","NA NA",NA,NA,NA,NA,NA,NA,NA,NA,NA
"3018",11,"Virginia State","CIAA","Virginia Union","CIAA","NA NA",NA,NA,NA,NA,NA,NA,NA,NA,NA
"3019",11,"Bowie State","CIAA","Lincoln (PA)","CIAA","NA NA",NA,NA,NA,NA,NA,NA,NA,NA,NA
"3020",11,"Wittenberg","North Coast","Wabash College","North Coast","NA NA",NA,NA,NA,NA,NA,NA,NA,NA,NA
"3021",11,"Rockford","NACC","Wisconsin Lutheran","NACC","NA NA",NA,NA,NA,NA,NA,NA,NA,NA,NA
"3022",11,"Kalamazoo","Michigan","Alma College","Michigan","NA NA",NA,NA,NA,NA,NA,NA,NA,NA,NA
"3023",11,"Albion","Michigan","Olivet College","Michigan","NA NA",NA,NA,NA,NA,NA,NA,NA,NA,NA
"3024",11,"Trine","Michigan","Adrian","Michigan","NA NA",NA,NA,NA,NA,NA,NA,NA,NA,NA
"3025",11,"Buffalo State","Liberty League","Rensselaer","Liberty League","NA NA",NA,NA,NA,NA,NA,NA,NA,NA,NA
"3026",11,"Ithaca","Liberty League","St Lawrence","Liberty League","NA NA",NA,NA,NA,NA,NA,NA,NA,NA,NA
"3027",11,"Defiance","Heartland","Hanover","Heartland","NA NA",NA,NA,NA,NA,NA,NA,NA,NA,NA
"3028",11,"Hartwick","Empire 8","Alfred","Empire 8","NA NA",NA,NA,NA,NA,NA,NA,NA,NA,NA
"3029",11,"North Park","CCIW","Washington (MO)","CCIW","NA NA",NA,NA,NA,NA,NA,NA,NA,NA,NA
"3030",11,"Franklin & Marshall","Centennial","Muhlenberg","Centennial","NA NA",NA,NA,NA,NA,NA,NA,NA,NA,NA
"3031",11,"Ursinus","Centennial","Gettysburg","Centennial","NA NA",NA,NA,NA,NA,NA,NA,NA,NA,NA
"3032",11,"Johns Hopkins","Centennial","Dickinson","Centennial","NA NA",NA,NA,NA,NA,NA,NA,NA,NA,NA
"3033",11,"Wayne State (MI)","GLIAC","Roosevelt","GLIAC","NA NA",NA,NA,NA,NA,NA,NA,NA,NA,NA
"3034",11,"Lincoln (MO)","Great Lakes","Lane","SIAC","NA NA",NA,NA,NA,NA,NA,NA,NA,NA,NA
"3035",11,"Concordia-St. Paul","Northern Sun","Minnesota-Duluth","Northern Sun","NA NA",NA,NA,NA,NA,NA,NA,NA,NA,NA
"3036",11,"Minnesota St-Moorhead","Northern Sun","Bemidji State","Northern Sun","NA NA",NA,NA,NA,NA,NA,NA,NA,NA,NA
"3037",11,"Concord","Mountain East","Wheeling Jesuit","Mountain East","NA NA",NA,NA,NA,NA,NA,NA,NA,NA,NA
"3038",11,"North Central","CCIW","Elmhurst","CCIW","NA NA",NA,NA,NA,NA,NA,NA,NA,NA,NA
"3039",11,"Carroll (WI)","CCIW","Illinois Wesleyan","CCIW","NA NA",NA,NA,NA,NA,NA,NA,NA,NA,NA
"3040",11,"Alvernia University","Mid Atlantic","Lebanon Valley","Mid Atlantic","NA NA",NA,NA,NA,NA,NA,NA,NA,NA,NA
"3041",11,"Emory & Henry","South Atlantic","UVA-Wise","South Atlantic","NA NA",NA,NA,NA,NA,NA,NA,NA,NA,NA
"3042",11,"Tusculum","South Atlantic","Carson-Newman","South Atlantic","NA NA",NA,NA,NA,NA,NA,NA,NA,NA,NA
"3043",11,"Bucknell","Patriot","Fordham","Patriot","Fordham -19",NA,NA,20,-50.5,1,40,-30.5,-19,"Fordham"
"3044",11,"Colgate","Patriot","Lafayette","Patriot","Colgate -2",NA,NA,33.5,-37,1,32.5,-38,-2,"Colgate"
"3045",11,"Stonehill","NEC","Central Connecticut","NEC","NA NA",NA,NA,NA,NA,NA,20,-19,NA,NA
"3046",11,"Cornell","Ivy","Pennsylvania","Ivy","NA NA",NA,NA,NA,NA,NA,NA,NA,NA,NA
"3047",11,"Delaware State","MEAC","Morgan State","MEAC","NA NA",NA,NA,NA,NA,NA,23.5,-47,NA,NA
"3048",11,"Davidson","Pioneer","Morehead State","Pioneer","NA NA",NA,NA,NA,NA,NA,NA,NA,NA,NA
"3049",11,"Stetson","Pioneer","Marist","Pioneer","NA NA",NA,NA,NA,NA,NA,NA,NA,NA,NA
"3050",11,"Southern Illinois","MVFC","Youngstown State","MVFC","Southern Illinois -9.5",NA,NA,61,-9.5,1,52.5,-18,-9.5,"Southern Illinois"
"3051",11,"Villanova","CAA","North Carolina A&T","CAA","Villanova -18.5",NA,NA,59.5,-11,1,42,-28.5,-18.5,"Villanova"
"3052",11,"New Hampshire","CAA","Monmouth","CAA","Monmouth -11",NA,NA,40,-30.5,1,52,-18.5,-11,"Monmouth"
"3053",11,"Towson","CAA","Hampton","CAA","Towson -8",NA,NA,43.5,-27,1,36.5,-34,-8,"Towson"
"3054",11,"William & Mary","CAA","Elon","CAA","William & Mary -0.5",NA,NA,47.5,-23,1,48,-22.5,-0.5,"William & Mary"
"3055",11,"Delaware","CAA","Rhode Island","CAA","Delaware -3.5",NA,NA,47,-23.5,1,44.5,-26,-3.5,"Delaware"
"3056",11,"Maine","CAA","Bryant","CAA","Maine -10",NA,NA,45.5,-25,1,36.5,-34,-10,"Maine"
"3057",11,"Stony Brook","CAA","Albany","CAA","Stony Brook -6.5",NA,NA,45.5,-25,1,40,-30.5,-6.5,"Stony Brook"
"3058",11,"East Stroudsburg","Pennsylvania State Athletic","Shepherd","Pennsylvania State Athletic","NA NA",NA,NA,NA,NA,NA,NA,NA,NA,NA
"3059",11,"Anderson (IN)","Heartland","Rose-Hulman","Heartland","NA NA",NA,NA,NA,NA,NA,NA,NA,NA,NA
"3060",11,"Manchester","Heartland","Mount St. Joseph","Heartland","NA NA",NA,NA,NA,NA,NA,NA,NA,NA,NA
"3061",11,"Bluffton","Heartland","Franklin","Heartland","NA NA",NA,NA,NA,NA,NA,NA,NA,NA,NA
"3062",11,"Wingate","South Atlantic","Newberry","South Atlantic","NA NA",NA,NA,NA,NA,NA,NA,NA,NA,NA
"3063",11,"Mount Union","Ohio","Marietta","Ohio","NA NA",NA,NA,NA,NA,NA,NA,NA,NA,NA
"3064",11,"John Carroll","Ohio","Otterbein","Ohio","NA NA",NA,NA,NA,NA,NA,NA,NA,NA,NA
"3065",11,"Wilmington (OH)","Ohio","Heidelberg","Ohio","NA NA",NA,NA,NA,NA,NA,NA,NA,NA,NA
"3066",11,"Muskingum","Ohio","Capital","Ohio","NA NA",NA,NA,NA,NA,NA,NA,NA,NA,NA
"3067",11,"Baldwin-Wallace","Ohio","Ohio Northern","Ohio","NA NA",NA,NA,NA,NA,NA,NA,NA,NA,NA
"3068",11,"Loras College","American Rivers","Nebraska Wesleyan University","American Rivers","NA NA",NA,NA,NA,NA,NA,NA,NA,NA,NA
"3069",11,"Dubuque","American Rivers","Wartburg","American Rivers","NA NA",NA,NA,NA,NA,NA,NA,NA,NA,NA
"3070",11,"Southwest Baptist","Great Lakes","Quincy","Great Lakes","NA NA",NA,NA,NA,NA,NA,NA,NA,NA,NA
"3071",11,"Indianapolis","Great Lakes","Missouri S&T","Great Lakes","NA NA",NA,NA,NA,NA,NA,NA,NA,NA,NA
"3072",11,"Henderson State","Great American","Southwestern Oklahoma","Great American","NA NA",NA,NA,NA,NA,NA,NA,NA,NA,NA
"3073",11,"Bloomsburg","Pennsylvania State Athletic","Millersville","Pennsylvania State Athletic","NA NA",NA,NA,NA,NA,NA,NA,NA,NA,NA
"3074",11,"Washburn","Mid America","Central Oklahoma","Mid America","NA NA",NA,NA,NA,NA,NA,NA,NA,NA,NA
"3075",11,"Emporia State","Mid America","Central Missouri State","Mid America","NA NA",NA,NA,NA,NA,NA,NA,NA,NA,NA
"3076",11,"Augustana (IL)","CCIW","Carthage","CCIW","NA NA",NA,NA,NA,NA,NA,NA,NA,NA,NA
"3077",11,"Illinois College","Midwest","Cornell College (IA)","Midwest","NA NA",NA,NA,NA,NA,NA,NA,NA,NA,NA
"3078",11,"Fort Lewis","Rocky Mountain","New Mexico Highlands","Rocky Mountain","NA NA",NA,NA,NA,NA,NA,NA,NA,NA,NA
"3079",11,"South Dakota Mines","Rocky Mountain","Colorado Mesa","Rocky Mountain","NA NA",NA,NA,NA,NA,NA,NA,NA,NA,NA
"3080",11,"Lindenwood","Big South-OVC","Southeast Missouri State","Big South-OVC","NA NA",NA,NA,NA,NA,NA,63,-7.5,NA,NA
"3081",11,"The Citadel","Southern","Chattanooga","Southern","Chattanooga -16",NA,NA,38,-32.5,1,55,-15.5,-16,"Chattanooga"
"3082",11,"West Georgia","UAC","Tarleton State","UAC","NA NA",NA,NA,NA,NA,NA,43,-27.5,NA,NA
"3083",11,"Carleton","Minnesota","Gustavus Adolphus","Minnesota","NA NA",NA,NA,NA,NA,NA,NA,NA,NA,NA
"3084",11,"Augsburg","Minnesota","Macalester","Minnesota","NA NA",NA,NA,NA,NA,NA,NA,NA,NA,NA
"3085",11,"Millikin","CCIW","Wheaton College (Ill)","CCIW","NA NA",NA,NA,NA,NA,NA,NA,NA,NA,NA
"3086",11,"Centenary","Southern Collegiate Athletic","Texas Lutheran","Southern Collegiate Athletic","NA NA",NA,NA,NA,NA,NA,NA,NA,NA,NA
"3087",11,"Lyon College","Southern Collegiate Athletic","McMurry","Southern Collegiate Athletic","NA NA",NA,NA,NA,NA,NA,NA,NA,NA,NA
"3088",11,"Howard Payne","American Southwest","East Texas Baptist","American Southwest","NA NA",NA,NA,NA,NA,NA,NA,NA,NA,NA
"3089",11,"Hardin-Simmons","American Southwest","Mary Hardin-Baylor","American Southwest","NA NA",NA,NA,NA,NA,NA,NA,NA,NA,NA
"3090",11,"St. Thomas (MN)","Pioneer","Drake","Pioneer","NA NA",NA,NA,NA,NA,NA,NA,NA,NA,NA
"3091",11,"Valparaiso","Pioneer","Butler","Pioneer","NA NA",NA,NA,NA,NA,NA,NA,NA,NA,NA
"3092",11,"North Dakota","MVFC","South Dakota State","MVFC","South Dakota State -10",NA,NA,59,-11.5,1,70,-0.5,-10,"South Dakota State"
"3093",11,"Murray State","MVFC","Missouri State","MVFC","Missouri State -20",NA,NA,42,-28.5,1,63,-7.5,-20,"Missouri State"
"3094",11,"South Dakota","MVFC","Indiana State","MVFC","South Dakota -13.5",NA,NA,59.5,-11,1,47,-23.5,-13.5,"South Dakota"
"3095",11,"Northern Iowa","MVFC","Illinois State","MVFC","Northern Iowa -15",NA,NA,64,-6.5,1,50,-20.5,-15,"Northern Iowa"
"3096",11,"Furman","Southern","Wofford","Southern","Furman -13",NA,NA,49.5,-21,1,37.5,-33,-13,"Furman"
"3097",11,"Northern Colorado","Big Sky","Eastern Washington","Big Sky","Eastern Washington -25.5",NA,NA,38.5,-32,1,65,-5.5,-25.5,"Eastern Washington"
"3098",11,"Western Illinois","Big South-OVC","Tennessee State","Big South-OVC","NA NA",NA,NA,NA,NA,NA,36.5,-34,NA,NA
"3099",11,"Charleston Southern","Big South-OVC","UT Martin","Big South-OVC","UT Martin -6.5",NA,NA,43.5,-27,1,51,-19.5,-6.5,"UT Martin"
"3100",11,"Chicago","Midwest","Grinnell","Midwest","NA NA",NA,NA,NA,NA,NA,NA,NA,NA,NA
"3101",11,"Bridgewater (VA)","Old Dominion","Washington & Lee","Old Dominion","NA NA",NA,NA,NA,NA,NA,NA,NA,NA,NA
"3102",11,"Sewanee Univ. of the South","Southern Athletic","Hendrix College","Southern Athletic","NA NA",NA,NA,NA,NA,NA,NA,NA,NA,NA
"3103",11,"Trinity (TX)","Southern Athletic","Southwestern University","Southern Athletic","NA NA",NA,NA,NA,NA,NA,NA,NA,NA,NA
"3104",11,"Montclair State","New Jersey","Christopher Newport","New Jersey","NA NA",NA,NA,NA,NA,NA,NA,NA,NA,NA
"3105",11,"Martin Luther College","Upper Midwest","Crown College","Upper Midwest","NA NA",NA,NA,NA,NA,NA,NA,NA,NA,NA
"3106",11,"Wisconsin-Platteville","Wisconsin","Wisconsin-Eau Claire","Wisconsin","NA NA",NA,NA,NA,NA,NA,NA,NA,NA,NA
"3107",11,"Coe","American Rivers","Simpson College","American Rivers","NA NA",NA,NA,NA,NA,NA,NA,NA,NA,NA
"3108",11,"Augustana (SD)","Northern Sun","Sioux Falls","Northern Sun","NA NA",NA,NA,NA,NA,NA,NA,NA,NA,NA
"3109",11,"Livingstone","CIAA","Johnson C Smith","CIAA","NA NA",NA,NA,NA,NA,NA,NA,NA,NA,NA
"3110",11,"Benedict College","SIAC","Savannah State","SIAC","NA NA",NA,NA,NA,NA,NA,NA,NA,NA,NA
"3111",11,"Edward Waters","SIAC","Allen","SIAC","NA NA",NA,NA,NA,NA,NA,NA,NA,NA,NA
"3112",11,"Fort Valley State","SIAC","Albany State (GA)","SIAC","NA NA",NA,NA,NA,NA,NA,NA,NA,NA,NA
"3113",11,"Eastern New Mexico","Lone Star","University of Texas of the Permian Basin","Lone Star","NA NA",NA,NA,NA,NA,NA,NA,NA,NA,NA
"3114",11,"Thomas More","Great Midwest Athletic","Kentucky Wesleyan","Great Midwest Athletic","NA NA",NA,NA,NA,NA,NA,NA,NA,NA,NA
"3115",11,"Lake Forest","Midwest","Monmouth (IL)","Midwest","NA NA",NA,NA,NA,NA,NA,NA,NA,NA,NA
"3116",11,"Lawrence","Midwest","Knox College","Midwest","NA NA",NA,NA,NA,NA,NA,NA,NA,NA,NA
"3117",11,"Ripon","Midwest","Beloit College","Midwest","NA NA",NA,NA,NA,NA,NA,NA,NA,NA,NA
"3118",11,"St. Johns (MN)","Minnesota","St. Olaf College","Minnesota","NA NA",NA,NA,NA,NA,NA,NA,NA,NA,NA
"3119",11,"Hamline","Minnesota","St. Scholastica","Minnesota","NA NA",NA,NA,NA,NA,NA,NA,NA,NA,NA
"3120",11,"Concordia (MN)","Minnesota","Bethel (MN)","Minnesota","NA NA",NA,NA,NA,NA,NA,NA,NA,NA,NA
"3121",11,"Western State","Rocky Mountain","Chadron State","Rocky Mountain","NA NA",NA,NA,NA,NA,NA,NA,NA,NA,NA
"3122",11,"Black Hills State","Rocky Mountain","Adams State","Rocky Mountain","NA NA",NA,NA,NA,NA,NA,NA,NA,NA,NA
"3123",11,"UW-Oshkosh","Wisconsin","UW-Stout","Wisconsin","NA NA",NA,NA,NA,NA,NA,NA,NA,NA,NA
"3124",11,"West Florida","Gulf South","North Greenville","Gulf South","NA NA",NA,NA,NA,NA,NA,NA,NA,NA,NA
"3125",11,"Delta State","Gulf South","Valdosta State","Gulf South","NA NA",NA,NA,NA,NA,NA,NA,NA,NA,NA
"3126",11,"Southern Arkansas","Great American","Northwestern Oklahoma State","Great American","NA NA",NA,NA,NA,NA,NA,NA,NA,NA,NA
"3127",11,"Oklahoma Baptist","Great American","Ouachita Baptist","Great American","NA NA",NA,NA,NA,NA,NA,NA,NA,NA,NA
"3128",11,"East Central","Great American","Harding","Great American","NA NA",NA,NA,NA,NA,NA,NA,NA,NA,NA
"3129",11,"Southern Nazarene","Great American","Arkansas-Monticello","Great American","NA NA",NA,NA,NA,NA,NA,NA,NA,NA,NA
"3130",11,"Southeastern Oklahoma","Great American","Arkansas Tech","Great American","NA NA",NA,NA,NA,NA,NA,NA,NA,NA,NA
"3131",11,"Missouri Western","Mid America","Northwest Missouri State","Mid America","NA NA",NA,NA,NA,NA,NA,NA,NA,NA,NA
"3132",11,"Colorado State-Pueblo","Rocky Mountain","Colorado Mines","Rocky Mountain","NA NA",NA,NA,NA,NA,NA,NA,NA,NA,NA
"3133",11,"North Alabama","UAC","Southern Utah","UAC","North Alabama -8.5",NA,NA,41,-29.5,1,33.5,-37,-8.5,"North Alabama"
"3134",11,"Samford","Southern","Tennessee Tech","Big South-OVC","Samford -16.5",NA,NA,47,-23.5,1,31.5,-39,-16.5,"Samford"
"3135",11,"Prairie View","SWAC","Florida A&M","SWAC","NA NA",NA,NA,NA,NA,NA,46,-24.5,NA,NA
"3136",11,"Southern","SWAC","Bethune-Cookman","SWAC","Southern -4",NA,NA,33.5,-37,1,30.5,-40,-4,"Southern"
"3137",11,"Grambling","SWAC","Alabama State","SWAC","NA NA",NA,NA,NA,NA,NA,30,-40.5,NA,NA
"3138",11,"Arkansas-Pine Bluff","SWAC","Alabama A&M","SWAC","Arkansas-Pine Bluff -12.5",NA,NA,50,-25,1,38.5,-32,-12.5,"Arkansas-Pine Bluff"
"3139",11,"Montana State","Big Sky","Sacramento State","Big Sky","Montana State -5.5",NA,NA,65,-5.5,1,60.5,-10,-5.5,"Montana State"
"3140",11,"Weber State","Big Sky","Idaho State","Big Sky","Weber State -21.5",NA,NA,59.5,-11,1,39,-31.5,-21.5,"Weber State"
"3141",11,"Incarnate Word","Southland","Lamar","Southland","Incarnate Word -28.5",NA,NA,57.5,-13,1,30,-40.5,-28.5,"Incarnate Word"
"3142",11,"Houston Christian","Southland","Nicholls","Southland","NA NA",NA,NA,NA,NA,NA,53.5,-17,NA,NA
"3143",11,"Howard","MEAC","South Carolina State","MEAC","NA NA",NA,NA,25.5,-45,1,NA,NA,NA,NA
"3144",11,"Campbell","CAA","Richmond","CAA","Richmond -11",NA,NA,39,-31.5,1,51,-19.5,-11,"Richmond"
"3145",11,"Gardner-Webb","Big South-OVC","Eastern Illinois","Big South-OVC","Gardner-Webb -8.5",NA,NA,38,-32.5,1,30.5,-40,-8.5,"Gardner-Webb"
"3146",11,"Portland State","Big Sky","Idaho","Big Sky","Portland State -4.5",NA,NA,49.5,-21,1,46,-24.5,-4.5,"Portland State"
"3147",11,"Austin Peay","UAC","Abilene Christian","UAC","Austin Peay -8",NA,NA,50,-20.5,1,43,-27.5,-8,"Austin Peay"
"3148",11,"Claremont","So. Cal.","Cal Lutheran","So. Cal.","NA NA",NA,NA,NA,NA,NA,NA,NA,NA,NA
"3149",11,"George Fox University","Northwest","Whitworth","Northwest","NA NA",NA,NA,NA,NA,NA,NA,NA,NA,NA
"3150",11,"La Verne","So. Cal.","Chapman","So. Cal.","NA NA",NA,NA,NA,NA,NA,NA,NA,NA,NA
"3151",11,"William Jewell College","Great Lakes","Truman State","Great Lakes","NA NA",NA,NA,NA,NA,NA,NA,NA,NA,NA
"3152",11,"Puget Sound","Northwest","Lewis & Clark","Northwest","NA NA",NA,NA,NA,NA,NA,NA,NA,NA,NA
"3153",11,"Willamette","Northwest","Pacific (OR)","Northwest","NA NA",NA,NA,NA,NA,NA,NA,NA,NA,NA
"3154",11,"Linfield","Northwest","Pacific Lutheran","Northwest","NA NA",NA,NA,NA,NA,NA,NA,NA,NA,NA
"3155",11,"Western Oregon","Lone Star","Angelo State","Lone Star","NA NA",NA,NA,NA,NA,NA,NA,NA,NA,NA
"3156",11,"Louisiana Tech","Conference USA","Jacksonville State","Conference USA","Jacksonville State -11.6",NA,NA,46.5,-16.7,2.37,60.5,-9.9,-11.6,"Jacksonville State"
"3157",11,"Texas A&M-Commerce","Southland","Stephen F. Austin","Southland","NA NA",NA,NA,NA,NA,NA,56,-14.5,NA,NA
"3158",11,"Bowdoin","NESCAC","Colby","NESCAC","NA NA",NA,NA,NA,NA,NA,NA,NA,NA,NA
"3159",11,"Catawba","South Atlantic","Lenoir-Rhyne","South Atlantic","NA NA",NA,NA,NA,NA,NA,NA,NA,NA,NA
"3160",11,"Bluefield","CIAA","Elizabeth City State","CIAA","NA NA",NA,NA,NA,NA,NA,NA,NA,NA,NA
"3161",11,"Eureka College","NACC","Aurora","NACC","NA NA",NA,NA,NA,NA,NA,NA,NA,NA,NA
"3162",11,"West Texas A&M","Lone Star","Midwestern State","Lone Star","NA NA",NA,NA,NA,NA,NA,NA,NA,NA,NA
"3163",11,"Southeastern Louisiana","Southland","Northwestern State","Southland","Southeastern Louisiana -22.5",NA,NA,57.5,-13,1,36,-34.5,-22.5,"Southeastern Louisiana"
"3164",11,"Notre Dame","FBS Independents","Florida State","ACC","Notre Dame -7.2",NA,NA,89,23.4,3.242,85,19.9,-7.2,"Notre Dame"
"3165",11,"Central Washington","Lone Star","Sul Ross State","Lone Star","NA NA",NA,NA,NA,NA,NA,NA,NA,NA,NA
"3166",11,"Hawai'i","Mountain West","UNLV","Mountain West","UNLV -8.9",NA,NA,59.5,-12.6,2.098,70.5,-5.2,-8.9,"UNLV"
"3167",11,"Redlands","So. Cal.","Pomona-Pitzer","So. Cal.","NA NA",NA,NA,NA,NA,NA,NA,NA,NA,NA
"3168",11,"Montana","Big Sky","UC Davis","Big Sky","Montana -12.5",NA,NA,65.5,-5,1,54,-16.5,-12.5,"Montana"
"3169",12,"Buffalo","Mid-American","Ball State","Mid-American","Ball State -2.7",NA,NA,48,-17,2.782,53.5,-16.9,-2.7,"Ball State"
"3170",12,"Bowling Green","Mid-American","Western Michigan","Mid-American","Bowling Green -7",NA,NA,65.5,-11.2,1.458,60,-12.9,-7,"Bowling Green"
"3171",12,"Toledo","Mid-American","Central Michigan","Mid-American","Toledo -9.1",NA,NA,62.5,-7,2.644,56,-15.9,-9.1,"Toledo"
"3172",12,"Ohio","Mid-American","Eastern Michigan","Mid-American","Ohio -10.4",NA,NA,56.5,-12,2.9,49,-15.9,-10.4,"Ohio"
"3173",12,"Northern Illinois","Mid-American","Akron","Mid-American","Northern Illinois -12.6",NA,NA,60,-10.6,1.072,48.5,-22.2,-12.6,"Northern Illinois"
"3174",12,"Miami (OH)","Mid-American","Kent State","Mid-American","NA NA",NA,NA,NA,NA,NA,44.5,-20.9,NA,NA
"3175",12,"Tulsa","American Athletic","East Carolina","American Athletic","East Carolina -7.3",NA,NA,52.5,-13.2,0.738,60.5,-9.5,-7.3,"East Carolina"
"3176",12,"Alabama A&M","SWAC","Grambling","SWAC","NA NA",NA,NA,38.5,-32,1,NA,NA,NA,NA
"3177",12,"Colorado State","Mountain West","Wyoming","Mountain West","Wyoming -6",NA,NA,63,-10.6,1.984,71,-8,-6,"Wyoming"
"3178",12,"North Carolina Central","MEAC","Howard","MEAC","NA NA",NA,NA,NA,NA,NA,25.5,-45,NA,NA
"3179",12,"Washington","Big Ten","UCLA","Big Ten","Washington -14.1",NA,NA,87,10.3,2.096,75,8.8,-14.1,"Washington"
"3180",12,"UT San Antonio","American Athletic","North Texas","American Athletic","NA NA",NA,NA,NA,NA,NA,57.5,-11.3,NA,NA
"3181",12,"Arizona","Big 12","Houston","Big 12","Arizona -6.2",NA,NA,81,12.4,2.7,77.5,-3.3,-6.2,"Arizona"
"3182",12,"Charleston (WV)","Mountain East","West Virginia State","Mountain East","NA NA",NA,NA,NA,NA,NA,NA,NA,NA,NA
"3183",12,"WV Wesleyan","Mountain East","Glenville State","Mountain East","NA NA",NA,NA,NA,NA,NA,NA,NA,NA,NA
"3184",12,"Temple","American Athletic","Florida Atlantic","American Athletic","Florida Atlantic -15.1",NA,NA,44.5,-21.9,2.856,62.5,-12.2,-15.1,"Florida Atlantic"
"3185",12,"Iowa State","Big 12","Cincinnati","Big 12","Iowa State -21.7",NA,NA,91,11.5,2.708,72,-0.1,-21.7,"Iowa State"
"3186",12,"Colorado","Big 12","Utah","Big 12","Utah -10.4",NA,NA,75,0.3,2.572,88,15.8,-10.4,"Utah"
"3187",12,"BYU","Big 12","Kansas","Big 12","Kansas -11.4",NA,NA,71.5,-1.5,2.052,85,9.7,-11.4,"Kansas"
"3188",12,"North Carolina","ACC","Wake Forest","ACC","North Carolina -16.5",NA,NA,78,7.9,2.5,64,-2.6,-16.5,"North Carolina"
"3189",12,"Pittsburgh","ACC","Clemson","ACC","Clemson -20.1",NA,NA,66.5,-0.8,1.948,88.5,18.8,-20.1,"Clemson"
"3190",12,"California","ACC","Syracuse","ACC","California -12.3",NA,NA,79.5,2.8,2.802,70,-1,-12.3,"California"
"3191",12,"SMU","ACC","Boston College","ACC","SMU -15.9",NA,NA,81.5,12.7,3.37,69,-2.4,-15.9,"SMU"
"3192",12,"Stanford","ACC","Louisville","ACC","Louisville -16.6",NA,NA,67,-3.5,1.37,85,11.3,-16.6,"Louisville"
"3193",12,"UMass","FBS Independents","Liberty","Conference USA","Liberty -22.9",NA,NA,51,-20.1,1.59,75.5,3.9,-22.9,"Liberty"
"3194",12,"Purdue","Big Ten","Penn State","Big Ten","Penn State -25.7",NA,NA,69.5,-1.4,1.26,96.5,26.1,-25.7,"Penn State"
"3195",12,"Erskine","Gulf South","Shorter","Gulf South","NA NA",NA,NA,NA,NA,NA,NA,NA,NA,NA
"3196",12,"Frostburg State","Mountain East","Fairmont State","Mountain East","NA NA",NA,NA,NA,NA,NA,NA,NA,NA,NA
"3197",12,"Central Missouri State","Mid America","Missouri Southern State","Mid America","NA NA",NA,NA,NA,NA,NA,NA,NA,NA,NA
"3198",12,"Northwestern","Big Ten","Ohio State","Big Ten","Ohio State -21.9",NA,NA,75,-2.8,2.132,99,30.8,-21.9,"Ohio State"
"3199",12,"Wheeling Jesuit","Mountain East","West Liberty","Mountain East","NA NA",NA,NA,NA,NA,NA,NA,NA,NA,NA
"3200",12,"USC","Big Ten","Nebraska","Big Ten","USC -19.4",NA,NA,87.5,13.9,2.358,70.5,7.4,-19.4,"USC"
"3201",12,"Maryland","Big Ten","Rutgers","Big Ten","Rutgers -0.7",NA,NA,74,5.2,2.252,77,3.5,-0.7,"Rutgers"
"3202",12,"Illinois","Big Ten","Michigan State","Big Ten","Illinois -5.5",NA,NA,71.5,0.1,1.504,67.5,-2.4,-5.5,"Illinois"
"3203",12,"South Carolina","SEC","Missouri","SEC","Missouri -8.7",NA,NA,77.5,9.5,2.282,88.5,22.2,-8.7,"Missouri"
"3204",12,"Georgia","SEC","Tennessee","SEC","Georgia -20.3",NA,NA,101.5,34.2,1.822,83,19.2,-20.3,"Georgia"
"3205",12,"Minnesota-Duluth","Northern Sun","Minnesota State","Northern Sun","NA NA",NA,NA,NA,NA,NA,NA,NA,NA,NA
"3206",12,"Roosevelt","GLIAC","Grand Valley State","GLIAC","NA NA",NA,NA,NA,NA,NA,NA,NA,NA,NA
"3207",12,"Ohio Dominican","Great Midwest Athletic","Hillsdale","Great Midwest Athletic","NA NA",NA,NA,NA,NA,NA,NA,NA,NA,NA
"3208",12,"Sul Ross State","Lone Star","University of Texas of the Permian Basin","Lone Star","NA NA",NA,NA,NA,NA,NA,NA,NA,NA,NA
"3209",12,"Wisconsin","Big Ten","Oregon","Big Ten","Oregon -18",NA,NA,77.5,12.9,1.952,97.5,29,-18,"Oregon"
"3210",12,"Simpson College","American Rivers","Luther","American Rivers","NA NA",NA,NA,NA,NA,NA,NA,NA,NA,NA
"3211",12,"Wisconsin-La Crosse","Wisconsin","Wisconsin-Stevens Point","Wisconsin","NA NA",NA,NA,NA,NA,NA,NA,NA,NA,NA
"3212",12,"Indiana (PA)","Pennsylvania State Athletic","Kutztown","Pennsylvania State Athletic","NA NA",NA,NA,NA,NA,NA,NA,NA,NA,NA
"3213",12,"Calvin University","Michigan","Albion","Michigan","NA NA",NA,NA,NA,NA,NA,NA,NA,NA,NA
"3214",12,"Pacific (OR)","Northwest","George Fox University","Northwest","NA NA",NA,NA,NA,NA,NA,NA,NA,NA,NA
"3215",12,"Otterbein","Ohio","Ohio Northern","Ohio","NA NA",NA,NA,NA,NA,NA,NA,NA,NA,NA
"3216",12,"Lincoln University (CA)","Independent DII","Florida Memorial University",NA,"NA NA",NA,NA,NA,NA,NA,NA,NA,NA,NA
"3217",12,"Georgia State","Sun Belt","Arkansas State","Sun Belt","Arkansas State -4.3",NA,NA,59.5,-11.3,1.668,65.5,-9.1,-4.3,"Arkansas State"
"3218",12,"New Mexico","Mountain West","Washington State","Pac-12","Washington State -15.1",NA,NA,54.5,-20.6,0.856,70.5,0.6,-15.1,"Washington State"
"3219",12,"Drake","Pioneer","Morehead State","Pioneer","NA NA",NA,NA,NA,NA,NA,NA,NA,NA,NA
"3220",12,"Kansas State","Big 12","Arizona State","Big 12","Kansas State -25.8",NA,NA,88,16.4,3.824,66,-4,-25.8,"Kansas State"
"3221",12,"Kennesaw State","Conference USA","Sam Houston State","Conference USA","NA NA",NA,NA,57.5,-13,1,NA,NA,NA,NA
"3222",12,"Jacksonville State","Conference USA","Florida International","Conference USA","Jacksonville State -12.5",NA,NA,60.5,-9.9,2.5,50.5,-19,-12.5,"Jacksonville State"
"3223",12,"West Virginia","Big 12","Baylor","Big 12","West Virginia -13.4",NA,NA,80.5,9.7,3.386,70.5,2.2,-13.4,"West Virginia"
"3224",12,"Florida","SEC","LSU","SEC","LSU -9.5",NA,NA,82,13.2,2.478,94,23.1,-9.5,"LSU"
"3225",12,"Charlotte","American Athletic","South Florida","American Athletic","South Florida -2.8",NA,NA,60.5,-18.1,1.67,65,-5.6,-2.8,"South Florida"
"3226",12,"Memphis","American Athletic","UAB","American Athletic","Memphis -12",NA,NA,72.5,6.1,2.464,63,-10.6,-12,"Memphis"
"3227",12,"Texas State","Sun Belt","Southern Mississippi","Sun Belt","NA NA",NA,NA,72.5,-6.5,2.276,NA,NA,NA,NA
"3228",12,"Louisiana","Sun Belt","South Alabama","Sun Belt","Louisiana -11.2",NA,NA,69.5,-2.4,2.73,61,-6.4,-11.2,"Louisiana"
"3229",12,"Old Dominion","Sun Belt","James Madison","Sun Belt","James Madison -5.3",NA,NA,62.5,-13.1,1.668,69.5,0.7,-5.3,"James Madison"
"3230",12,"Marshall","Sun Belt","Coastal Carolina","Sun Belt","Marshall -6.8",NA,NA,61.5,-9.9,1.262,56,-6.5,-6.8,"Marshall"
"3231",12,"Georgia Southern","Sun Belt","Troy","Sun Belt","Troy -4.8",NA,NA,59.6,-10.3,3.634,68,-0.7,-4.8,"Troy"
"3232",12,"Merrimack","FCS Independents","Sacred Heart","FCS Independents","NA NA",NA,NA,NA,NA,NA,NA,NA,NA,NA
"3233",12,"Holy Cross","Patriot","Bucknell","Patriot","Holy Cross -32.5",NA,NA,51.5,-19,1,20,-50.5,-32.5,"Holy Cross"
"3234",12,"Long Island University","NEC","St Francis (PA)","NEC","NA NA",NA,NA,NA,NA,NA,NA,NA,NA,NA
"3235",12,"Lehigh","Patriot","Colgate","Patriot","NA NA",NA,NA,NA,NA,NA,33.5,-37,NA,NA
"3236",12,"Navy","American Athletic","Tulane","American Athletic","Tulane -11.9",NA,NA,58.5,-13.3,2.612,73,-0.8,-11.9,"Tulane"
"3237",12,"Plymouth State","MSCAC","UMass Dartmouth","MSCAC","NA NA",NA,NA,NA,NA,NA,NA,NA,NA,NA
"3238",12,"American International","Northeast 10","Southern Connecticut State","Northeast 10","NA NA",NA,NA,NA,NA,NA,NA,NA,NA,NA
"3239",12,"Morrisville State","Empire 8","Hartwick","Empire 8","NA NA",NA,NA,NA,NA,NA,NA,NA,NA,NA
"3240",12,"Western Kentucky","Conference USA","Louisiana Tech","Conference USA","Western Kentucky -20.3",NA,NA,64,-1.6,2.812,46.5,-16.7,-20.3,"Western Kentucky"
"3241",12,"Arkansas","SEC","Texas","SEC","Texas -19.1",NA,NA,75.5,6.1,2.358,97,27.7,-19.1,"Texas"
"3242",12,"Monmouth","CAA","Villanova","CAA","Villanova -6.5",NA,NA,52,-18.5,1,59.5,-11,-6.5,"Villanova"
"3243",12,"East Tennessee State","Southern","Furman","Southern","NA NA",NA,NA,36.5,-34,NA,49.5,-21,NA,NA
"3244",12,"Youngstown State","MVFC","Northern Iowa","MVFC","Northern Iowa -10.5",NA,NA,52.5,-18,1,64,-6.5,-10.5,"Northern Iowa"
"3245",12,"Marist","Pioneer","Presbyterian College","Pioneer","NA NA",NA,NA,NA,NA,NA,NA,NA,NA,NA
"3246",12,"Dayton","Pioneer","Valparaiso","Pioneer","NA NA",NA,NA,NA,NA,NA,NA,NA,NA,NA
"3247",12,"Yale","Ivy","Princeton","Ivy","NA NA",NA,NA,49.5,-21,1,NA,NA,NA,NA
"3248",12,"Brown","Ivy","Columbia","Ivy","NA NA",NA,NA,NA,NA,NA,NA,NA,NA,NA
"3249",12,"Central Connecticut","NEC","Robert Morris","NEC","NA NA",NA,NA,20,-19,NA,32.5,-38,NA,NA
"3250",12,"Duquesne","NEC","Wagner","NEC","Duquesne -22.5",NA,NA,38,-32.5,1,16.5,-54,-22.5,"Duquesne"
"3251",12,"Westfield State","MSCAC","Fitchburg State","MSCAC","NA NA",NA,NA,NA,NA,NA,NA,NA,NA,NA
"3252",12,"Western Connecticut State","MSCAC","Castleton State College","MSCAC","NA NA",NA,NA,NA,NA,NA,NA,NA,NA,NA
"3253",12,"King's College (PA)","Mid Atlantic","Stevenson","Mid Atlantic","NA NA",NA,NA,NA,NA,NA,NA,NA,NA,NA
"3254",12,"Curry","Commonwealth Coast","Endicott College","Commonwealth Coast","NA NA",NA,NA,NA,NA,NA,NA,NA,NA,NA
"3255",12,"Limestone","South Atlantic","Carson-Newman","South Atlantic","NA NA",NA,NA,NA,NA,NA,NA,NA,NA,NA
"3256",12,"Wilkes","Landmark Conference","Moravian","Landmark Conference","NA NA",NA,NA,NA,NA,NA,NA,NA,NA,NA
"3257",12,"FDU-Florham","Mid Atlantic","Eastern University","Mid Atlantic","NA NA",NA,NA,NA,NA,NA,NA,NA,NA,NA
"3258",12,"California (PA)","Pennsylvania State Athletic","Shippensburg","Pennsylvania State Athletic","NA NA",NA,NA,NA,NA,NA,NA,NA,NA,NA
"3259",12,"Bridgewater State","MSCAC","Mass Maritime","MSCAC","NA NA",NA,NA,NA,NA,NA,NA,NA,NA,NA
"3260",12,"Framingham State","MSCAC","Worcester State College","MSCAC","NA NA",NA,NA,NA,NA,NA,NA,NA,NA,NA
"3261",12,"Tiffin","Great Midwest Athletic","Findlay","Great Midwest Athletic","NA NA",NA,NA,NA,NA,NA,NA,NA,NA,NA
"3262",12,"Maryville TN","USA South","NC Wesleyan","USA South","NA NA",NA,NA,NA,NA,NA,NA,NA,NA,NA
"3263",12,"Oberlin","North Coast","Hiram","North Coast","NA NA",NA,NA,NA,NA,NA,NA,NA,NA,NA
"3264",12,"Merchant Marine","NEWMAC","Coast Guard","NEWMAC","NA NA",NA,NA,NA,NA,NA,NA,NA,NA,NA
"3265",12,"Salve Regina","NEWMAC","Norwich","NEWMAC","NA NA",NA,NA,NA,NA,NA,NA,NA,NA,NA
"3266",12,"SUNY Maritime","NEWMAC","Springfield","NEWMAC","NA NA",NA,NA,NA,NA,NA,NA,NA,NA,NA
"3267",12,"Bentley","Northeast 10","St. Anselm","Northeast 10","NA NA",NA,NA,NA,NA,NA,NA,NA,NA,NA
"3268",12,"Seton Hill College","Pennsylvania State Athletic","Shepherd","Pennsylvania State Athletic","NA NA",NA,NA,NA,NA,NA,NA,NA,NA,NA
"3269",12,"Nichols","Commonwealth Coast","Western New England","Commonwealth Coast","NA NA",NA,NA,NA,NA,NA,NA,NA,NA,NA
"3270",12,"Worcester Polytechnic","NEWMAC","MIT","NEWMAC","NA NA",NA,NA,NA,NA,NA,NA,NA,NA,NA
"3271",12,"Clarion","Pennsylvania State Athletic","East Stroudsburg","Pennsylvania State Athletic","NA NA",NA,NA,NA,NA,NA,NA,NA,NA,NA
"3272",12,"Edinboro","Pennsylvania State Athletic","Millersville","Pennsylvania State Athletic","NA NA",NA,NA,NA,NA,NA,NA,NA,NA,NA
"3273",12,"Gannon","Pennsylvania State Athletic","Lock Haven","Pennsylvania State Athletic","NA NA",NA,NA,NA,NA,NA,NA,NA,NA,NA
"3274",12,"McDaniel College","Centennial","Johns Hopkins","Centennial","NA NA",NA,NA,NA,NA,NA,NA,NA,NA,NA
"3275",12,"SUNY Cortland","Empire 8","Ithaca","Liberty League","NA NA",NA,NA,NA,NA,NA,NA,NA,NA,NA
"3276",12,"Rensselaer","Liberty League","Union","Liberty League","NA NA",NA,NA,NA,NA,NA,NA,NA,NA,NA
"3277",12,"Lycoming","Landmark Conference","Susquehanna","Landmark Conference","NA NA",NA,NA,NA,NA,NA,NA,NA,NA,NA
"3278",12,"Lafayette","Patriot","Stonehill","NEC","NA NA",NA,NA,32.5,-38,1,NA,NA,NA,NA
"3279",12,"Auburn","SEC","Louisiana Monroe","Sun Belt","NA NA",NA,NA,83.5,13.1,2.62,NA,NA,NA,NA
"3280",12,"Wayne State (NE)","Northern Sun","Concordia-St. Paul","Northern Sun","NA NA",NA,NA,NA,NA,NA,NA,NA,NA,NA
"3281",12,"Fordham","Patriot","Georgetown","Patriot","NA NA",NA,NA,40,-30.5,1,NA,NA,NA,NA
"3282",12,"Cornell","Ivy","Dartmouth","Ivy","NA NA",NA,NA,NA,NA,NA,NA,NA,NA,NA
"3283",12,"Pennsylvania","Ivy","Harvard","Ivy","NA NA",NA,NA,NA,NA,NA,NA,NA,NA,NA
"3284",12,"Western Carolina","Southern","VMI","Southern","VMI -0.5",NA,NA,43.5,-27,1,45,-25.5,-0.5,"VMI"
"3285",12,"Florida A&M","SWAC","Mississippi Valley State","SWAC","NA NA",NA,NA,46,-24.5,1,NA,NA,NA,NA
"3286",12,"North Dakota","MVFC","South Dakota","MVFC","North Dakota -0.5",NA,NA,59,-11.5,1,59.5,-11,-0.5,"North Dakota"
"3287",12,"Indiana State","MVFC","Illinois State","MVFC","Illinois State -2",NA,NA,47,-23.5,1,50,-20.5,-2,"Illinois State"
"3288",12,"Eastern Illinois","Big South-OVC","Charleston Southern","Big South-OVC","Charleston Southern -12",NA,NA,30.5,-40,1,43.5,-27,-12,"Charleston Southern"
"3289",12,"New Hampshire","CAA","Stony Brook","CAA","Stony Brook -4.5",NA,NA,40,-30.5,1,45.5,-25,-4.5,"Stony Brook"
"3290",12,"Delaware","CAA","Campbell","CAA","Delaware -9",NA,NA,47,-23.5,1,39,-31.5,-9,"Delaware"
"3291",12,"William & Mary","CAA","Bryant","CAA","William & Mary -12",NA,NA,47.5,-23,1,36.5,-34,-12,"William & Mary"
"3292",12,"Rhode Island","CAA","Albany","CAA","Rhode Island -5.5",NA,NA,44.5,-26,1,40,-30.5,-5.5,"Rhode Island"
"3293",12,"Towson","CAA","North Carolina A&T","CAA","Towson -2.5",NA,NA,43.5,-27,1,42,-28.5,-2.5,"Towson"
"3294",12,"Hampton","CAA","Richmond","CAA","Richmond -13.5",NA,NA,36.5,-34,1,51,-19.5,-13.5,"Richmond"
"3295",12,"Saginaw Valley","GLIAC","Michigan Tech","GLIAC","NA NA",NA,NA,NA,NA,NA,NA,NA,NA,NA
"3296",12,"Newberry","South Atlantic","Emory & Henry","South Atlantic","NA NA",NA,NA,NA,NA,NA,NA,NA,NA,NA
"3297",12,"Widener","Mid Atlantic","Delaware Valley","Mid Atlantic","NA NA",NA,NA,NA,NA,NA,NA,NA,NA,NA
"3298",12,"Lebanon Valley","Mid Atlantic","Albright","Mid Atlantic","NA NA",NA,NA,NA,NA,NA,NA,NA,NA,NA
"3299",12,"Illinois College","Midwest","Beloit College","Midwest","NA NA",NA,NA,NA,NA,NA,NA,NA,NA,NA
"3300",12,"Washington (MO)","CCIW","Augustana (IL)","CCIW","NA NA",NA,NA,NA,NA,NA,NA,NA,NA,NA
"3301",12,"Carroll (WI)","CCIW","Carthage","CCIW","NA NA",NA,NA,NA,NA,NA,NA,NA,NA,NA
"3302",12,"Nebraska-Kearney","Mid America","Fort Hays State","Mid America","NA NA",NA,NA,NA,NA,NA,NA,NA,NA,NA
"3303",12,"Concord","Mountain East","UNC Pembroke","Mountain East","NA NA",NA,NA,NA,NA,NA,NA,NA,NA,NA
"3304",12,"University of Mary","Northern Sun","Minnesota St-Moorhead","Northern Sun","NA NA",NA,NA,NA,NA,NA,NA,NA,NA,NA
"3305",12,"Slippery Rock","Pennsylvania State Athletic","Bloomsburg","Pennsylvania State Athletic","NA NA",NA,NA,NA,NA,NA,NA,NA,NA,NA
"3306",12,"Lincoln (MO)","Great Lakes","Indianapolis","Great Lakes","NA NA",NA,NA,NA,NA,NA,NA,NA,NA,NA
"3307",12,"Upper Iowa","Great Lakes","Missouri S&T","Great Lakes","NA NA",NA,NA,NA,NA,NA,NA,NA,NA,NA
"3308",12,"Truman State","Great Lakes","Southwest Baptist","Great Lakes","NA NA",NA,NA,NA,NA,NA,NA,NA,NA,NA
"3309",12,"Ferris State","GLIAC","Davenport","GLIAC","NA NA",NA,NA,NA,NA,NA,NA,NA,NA,NA
"3310",12,"Wayne State (MI)","GLIAC","Northern Michigan","GLIAC","NA NA",NA,NA,NA,NA,NA,NA,NA,NA,NA
"3311",12,"McMurry","Southern Collegiate Athletic","Centenary","Southern Collegiate Athletic","NA NA",NA,NA,NA,NA,NA,NA,NA,NA,NA
"3312",12,"Dickinson","Centennial","Ursinus","Centennial","NA NA",NA,NA,NA,NA,NA,NA,NA,NA,NA
"3313",12,"Gettysburg","Centennial","Franklin & Marshall","Centennial","NA NA",NA,NA,NA,NA,NA,NA,NA,NA,NA
"3314",12,"Muhlenberg","Centennial","Montclair State","New Jersey","NA NA",NA,NA,NA,NA,NA,NA,NA,NA,NA
"3315",12,"Husson","Commonwealth Coast","University of New England","Commonwealth Coast","NA NA",NA,NA,NA,NA,NA,NA,NA,NA,NA
"3316",12,"Wheaton College (Ill)","CCIW","North Park","CCIW","NA NA",NA,NA,NA,NA,NA,NA,NA,NA,NA
"3317",12,"Alfred","Empire 8","Brockport State (NY)","Empire 8","NA NA",NA,NA,NA,NA,NA,NA,NA,NA,NA
"3318",12,"Juniata","Landmark Conference","Catholic University","Landmark Conference","NA NA",NA,NA,NA,NA,NA,NA,NA,NA,NA
"3319",12,"Hobart","Liberty League","Rochester","Liberty League","NA NA",NA,NA,NA,NA,NA,NA,NA,NA,NA
"3320",12,"St Lawrence","Liberty League","Buffalo State","Liberty League","NA NA",NA,NA,NA,NA,NA,NA,NA,NA,NA
"3321",12,"Adrian","Michigan","Alma College","Michigan","NA NA",NA,NA,NA,NA,NA,NA,NA,NA,NA
"3322",12,"Olivet College","Michigan","Hope","Michigan","NA NA",NA,NA,NA,NA,NA,NA,NA,NA,NA
"3323",12,"Kalamazoo","Michigan","Trine","Michigan","NA NA",NA,NA,NA,NA,NA,NA,NA,NA,NA
"3324",12,"Cornell College (IA)","Midwest","Grinnell","Midwest","NA NA",NA,NA,NA,NA,NA,NA,NA,NA,NA
"3325",12,"Knox College","Midwest","Monmouth (IL)","Midwest","NA NA",NA,NA,NA,NA,NA,NA,NA,NA,NA
"3326",12,"Ripon","Midwest","Lawrence","Midwest","NA NA",NA,NA,NA,NA,NA,NA,NA,NA,NA
"3327",12,"Wooster","North Coast","Wittenberg","North Coast","NA NA",NA,NA,NA,NA,NA,NA,NA,NA,NA
"3328",12,"Ashland","Great Midwest Athletic","Kentucky Wesleyan","Great Midwest Athletic","NA NA",NA,NA,NA,NA,NA,NA,NA,NA,NA
"3329",12,"Lake Erie College","Great Midwest Athletic","Thomas More","Great Midwest Athletic","NA NA",NA,NA,NA,NA,NA,NA,NA,NA,NA
"3330",12,"Northwood (MI)","Great Midwest Athletic","Walsh","Great Midwest Athletic","NA NA",NA,NA,NA,NA,NA,NA,NA,NA,NA
"3331",12,"North Greenville","Gulf South","Chowan","Gulf South","NA NA",NA,NA,NA,NA,NA,NA,NA,NA,NA
"3332",12,"Mississippi College","Gulf South","Delta State","Gulf South","NA NA",NA,NA,NA,NA,NA,NA,NA,NA,NA
"3333",12,"Lenoir-Rhyne","South Atlantic","Anderson (SC)","South Atlantic","NA NA",NA,NA,NA,NA,NA,NA,NA,NA,NA
"3334",12,"Wisconsin-Eau Claire","Wisconsin","UW-Whitewater","Wisconsin","NA NA",NA,NA,NA,NA,NA,NA,NA,NA,NA
"3335",12,"LaGrange College","USA South","Southern Virginia","USA South","NA NA",NA,NA,NA,NA,NA,NA,NA,NA,NA
"3336",12,"Methodist","USA South","Belhaven College","USA South","NA NA",NA,NA,NA,NA,NA,NA,NA,NA,NA
"3337",12,"Concordia (IL)","NACC","Benedictine (IL)","NACC","NA NA",NA,NA,NA,NA,NA,NA,NA,NA,NA
"3338",12,"Kentucky Christian",NA,"Brevard College","USA South","NA NA",NA,NA,NA,NA,NA,NA,NA,NA,NA
"3339",12,"St. Norbert","NACC","Eureka College","NACC","NA NA",NA,NA,NA,NA,NA,NA,NA,NA,NA
"3340",12,"Ohio Wesleyan","North Coast","Denison","North Coast","NA NA",NA,NA,NA,NA,NA,NA,NA,NA,NA
"3341",12,"Westminster","Upper Midwest","Northwestern (MN)","Upper Midwest","NA NA",NA,NA,NA,NA,NA,NA,NA,NA,NA
"3342",12,"Crown College","Upper Midwest","Greenville","Upper Midwest","NA NA",NA,NA,NA,NA,NA,NA,NA,NA,NA
"3343",12,"Christopher Newport","New Jersey","College of New Jersey","New Jersey","NA NA",NA,NA,NA,NA,NA,NA,NA,NA,NA
"3344",12,"Kean","New Jersey","Salisbury","New Jersey","NA NA",NA,NA,NA,NA,NA,NA,NA,NA,NA
"3345",12,"Centre","Southern Athletic","Sewanee Univ. of the South","Southern Athletic","NA NA",NA,NA,NA,NA,NA,NA,NA,NA,NA
"3346",12,"William Paterson","New Jersey","Rowan","New Jersey","NA NA",NA,NA,NA,NA,NA,NA,NA,NA,NA
"3347",12,"St. John Fisher","Empire 8","Utica","Empire 8","NA NA",NA,NA,NA,NA,NA,NA,NA,NA,NA
"3348",12,"Rhodes","Southern Athletic","Berry College","Southern Athletic","NA NA",NA,NA,NA,NA,NA,NA,NA,NA,NA
"3349",12,"Alvernia University","Mid Atlantic","Misericordia","Mid Atlantic","NA NA",NA,NA,NA,NA,NA,NA,NA,NA,NA
"3350",12,"New Haven","Northeast 10","Pace","Northeast 10","NA NA",NA,NA,NA,NA,NA,NA,NA,NA,NA
"3351",12,"Assumption","Northeast 10","Franklin Pierce","Northeast 10","NA NA",NA,NA,NA,NA,NA,NA,NA,NA,NA
"3352",12,"Bethany (WV)","Presidents'","Thiel College","Presidents'","NA NA",NA,NA,NA,NA,NA,NA,NA,NA,NA
"3353",12,"Allegheny","Presidents'","Washington & Jefferson","Presidents'","NA NA",NA,NA,NA,NA,NA,NA,NA,NA,NA
"3354",12,"Washington & Lee","Old Dominion","Shenandoah","Old Dominion","NA NA",NA,NA,NA,NA,NA,NA,NA,NA,NA
"3355",12,"Geneva College","Presidents'","Waynesburg","Presidents'","NA NA",NA,NA,NA,NA,NA,NA,NA,NA,NA
"3356",12,"Hampden-Sydney","Old Dominion","Randolph-Macon","Old Dominion","NA NA",NA,NA,NA,NA,NA,NA,NA,NA,NA
"3357",12,"Westminster PA","Presidents'","Grove City College","Presidents'","NA NA",NA,NA,NA,NA,NA,NA,NA,NA,NA
"3358",12,"DePauw","North Coast","Wabash College","North Coast","NA NA",NA,NA,NA,NA,NA,NA,NA,NA,NA
"3359",12,"Anderson (IN)","Heartland","Manchester","Heartland","NA NA",NA,NA,NA,NA,NA,NA,NA,NA,NA
"3360",12,"Bluffton","Heartland","Defiance","Heartland","NA NA",NA,NA,NA,NA,NA,NA,NA,NA,NA
"3361",12,"Franklin","Heartland","Hanover","Heartland","NA NA",NA,NA,NA,NA,NA,NA,NA,NA,NA
"3362",12,"Capital","Ohio","Wilmington (OH)","Ohio","NA NA",NA,NA,NA,NA,NA,NA,NA,NA,NA
"3363",12,"Muskingum","Ohio","Mount Union","Ohio","NA NA",NA,NA,NA,NA,NA,NA,NA,NA,NA
"3364",12,"John Carroll","Ohio","Marietta","Ohio","NA NA",NA,NA,NA,NA,NA,NA,NA,NA,NA
"3365",12,"Heidelberg","Ohio","Baldwin-Wallace","Ohio","NA NA",NA,NA,NA,NA,NA,NA,NA,NA,NA
"3366",12,"Mount St. Joseph","Heartland","Rose-Hulman","Heartland","NA NA",NA,NA,NA,NA,NA,NA,NA,NA,NA
"3367",12,"Kentucky","SEC","Murray State","MVFC","Kentucky -38.7",NA,NA,78,13.8,2.738,42,-28.5,-38.7,"Kentucky"
"3368",12,"Wofford","Southern","The Citadel","Southern","Wofford -0.5",NA,NA,37.5,-33,1,38,-32.5,-0.5,"Wofford"
"3369",12,"Chattanooga","Southern","Samford","Southern","Chattanooga -9",NA,NA,55,-15.5,1,47,-23.5,-9,"Chattanooga"
"3370",12,"Wingate","South Atlantic","Tusculum","South Atlantic","NA NA",NA,NA,NA,NA,NA,NA,NA,NA,NA
"3371",12,"Case Western Reserve","Presidents'","Carnegie Mellon","Presidents'","NA NA",NA,NA,NA,NA,NA,NA,NA,NA,NA
"3372",12,"Lakeland University","NACC","Rockford","NACC","NA NA",NA,NA,NA,NA,NA,NA,NA,NA,NA
"3373",12,"Chicago","Midwest","Lake Forest","Midwest","NA NA",NA,NA,NA,NA,NA,NA,NA,NA,NA
"3374",12,"Illinois Wesleyan","CCIW","North Central","CCIW","NA NA",NA,NA,NA,NA,NA,NA,NA,NA,NA
"3375",12,"Mary Hardin-Baylor","American Southwest","Howard Payne","American Southwest","NA NA",NA,NA,NA,NA,NA,NA,NA,NA,NA
"3376",12,"East Texas Baptist","American Southwest","Hardin-Simmons","American Southwest","NA NA",NA,NA,NA,NA,NA,NA,NA,NA,NA
"3377",12,"Austin College","Southern Collegiate Athletic","Lyon College","Southern Collegiate Athletic","NA NA",NA,NA,NA,NA,NA,NA,NA,NA,NA
"3378",12,"Wartburg","American Rivers","Loras College","American Rivers","NA NA",NA,NA,NA,NA,NA,NA,NA,NA,NA
"3379",12,"Nebraska Wesleyan University","American Rivers","Central","American Rivers","NA NA",NA,NA,NA,NA,NA,NA,NA,NA,NA
"3380",12,"Buena Vista","American Rivers","Dubuque","American Rivers","NA NA",NA,NA,NA,NA,NA,NA,NA,NA,NA
"3381",12,"William Jewell College","Great Lakes","McKendree","Great Lakes","NA NA",NA,NA,NA,NA,NA,NA,NA,NA,NA
"3382",12,"Bemidji State","Northern Sun","Augustana (SD)","Northern Sun","NA NA",NA,NA,NA,NA,NA,NA,NA,NA,NA
"3383",12,"Minot State","Northern Sun","Winona State","Northern Sun","NA NA",NA,NA,NA,NA,NA,NA,NA,NA,NA
"3384",12,"Central Oklahoma","Mid America","Emporia State","Mid America","NA NA",NA,NA,NA,NA,NA,NA,NA,NA,NA
"3385",12,"Elmhurst","CCIW","Millikin","CCIW","NA NA",NA,NA,NA,NA,NA,NA,NA,NA,NA
"3386",12,"Chadron State","Rocky Mountain","Colorado State-Pueblo","Rocky Mountain","NA NA",NA,NA,NA,NA,NA,NA,NA,NA,NA
"3387",12,"Colorado Mines","Rocky Mountain","Fort Lewis","Rocky Mountain","NA NA",NA,NA,NA,NA,NA,NA,NA,NA,NA
"3388",12,"New Mexico Highlands","Rocky Mountain","Black Hills State","Rocky Mountain","NA NA",NA,NA,NA,NA,NA,NA,NA,NA,NA
"3389",12,"Texas Lutheran","Southern Collegiate Athletic","Southwestern University","Southern Athletic","NA NA",NA,NA,NA,NA,NA,NA,NA,NA,NA
"3390",12,"Sioux Falls","Northern Sun","Southwest Minnesota State","Northern Sun","NA NA",NA,NA,NA,NA,NA,NA,NA,NA,NA
"3391",12,"Millsaps","Southern Athletic","Trinity (TX)","Southern Athletic","NA NA",NA,NA,NA,NA,NA,NA,NA,NA,NA
"3392",12,"Minnesota-Morris","Upper Midwest","Martin Luther College","Upper Midwest","NA NA",NA,NA,NA,NA,NA,NA,NA,NA,NA
"3393",12,"Wisconsin Lutheran","NACC","Concordia (WI)","NACC","NA NA",NA,NA,NA,NA,NA,NA,NA,NA,NA
"3394",12,"Huntingdon","USA South","Greensboro","USA South","NA NA",NA,NA,NA,NA,NA,NA,NA,NA,NA
"3395",12,"UW-River Falls","Wisconsin","UW-Oshkosh","Wisconsin","NA NA",NA,NA,NA,NA,NA,NA,NA,NA,NA
"3396",12,"UW-Stout","Wisconsin","Wisconsin-Platteville","Wisconsin","NA NA",NA,NA,NA,NA,NA,NA,NA,NA,NA
"3397",12,"Barton College","South Atlantic","UVA-Wise","South Atlantic","NA NA",NA,NA,NA,NA,NA,NA,NA,NA,NA
"3398",12,"Midwestern State","Lone Star","Western New Mexico","Lone Star","NA NA",NA,NA,NA,NA,NA,NA,NA,NA,NA
"3399",12,"Elon","CAA","Maine","CAA","Elon -3.5",NA,NA,48,-22.5,1,45.5,-25,-3.5,"Elon"
"3400",12,"Austin Peay","UAC","Eastern Kentucky","UAC","Eastern Kentucky -1",NA,NA,50,-20.5,1,52,-18.5,-1,"Eastern Kentucky"
"3401",12,"Southeast Missouri State","Big South-OVC","Western Illinois","Big South-OVC","NA NA",NA,NA,63,-7.5,NA,NA,NA,NA,NA
"3402",12,"Norfolk State","MEAC","Delaware State","MEAC","NA NA",NA,NA,36,-34.5,1,NA,NA,NA,NA
"3403",12,"Texas A&M-Commerce","Southland","Houston Christian","Southland","NA NA",NA,NA,NA,NA,NA,NA,NA,NA,NA
"3404",12,"Northwestern State","Southland","McNeese","Southland","McNeese -10",NA,NA,36,-34.5,1,47,-23.5,-10,"McNeese"
"3405",12,"Northern Colorado","Big Sky","Northern Arizona","Big Sky","Northern Arizona -6.5",NA,NA,38.5,-32,1,46,-24.5,-6.5,"Northern Arizona"
"3406",12,"Butler","Pioneer","St. Thomas (MN)","Pioneer","NA NA",NA,NA,NA,NA,NA,NA,NA,NA,NA
"3407",12,"Ferrum","Old Dominion","Averett","Old Dominion","NA NA",NA,NA,NA,NA,NA,NA,NA,NA,NA
"3408",12,"Alabama","SEC","Mercer","Southern","Alabama -48.2",NA,NA,96,27.8,3.216,51,-19.5,-48.2,"Alabama"
"3409",12,"Northwest Missouri State","Mid America","Pittsburg State","Mid America","NA NA",NA,NA,NA,NA,NA,NA,NA,NA,NA
"3410",12,"Southern","SWAC","Arkansas-Pine Bluff","SWAC","Arkansas-Pine Bluff -15.5",NA,NA,33.5,-37,1,50,-25,-15.5,"Arkansas-Pine Bluff"
"3411",12,"Utah State","Mountain West","Hawai'i","Mountain West","Utah State -4.7",NA,NA,61.5,-11.1,2.748,59.5,-12.6,-4.7,"Utah State"
"3412",12,"Prairie View","SWAC","Alcorn State","SWAC","NA NA",NA,NA,NA,NA,NA,38,-32.5,NA,NA
"3413",12,"Adams State","Rocky Mountain","South Dakota Mines","Rocky Mountain","NA NA",NA,NA,NA,NA,NA,NA,NA,NA,NA
"3414",12,"Colorado Mesa","Rocky Mountain","Western State","Rocky Mountain","NA NA",NA,NA,NA,NA,NA,NA,NA,NA,NA
"3415",12,"Missouri Western","Mid America","Quincy","Great Lakes","NA NA",NA,NA,NA,NA,NA,NA,NA,NA,NA
"3416",12,"Northeastern State","Independent DII","Washburn","Mid America","NA NA",NA,NA,NA,NA,NA,NA,NA,NA,NA
"3417",12,"Texas Southern","SWAC","Bethune-Cookman","SWAC","Bethune-Cookman -1.5",NA,NA,28,-42.5,1,30.5,-40,-1.5,"Bethune-Cookman"
"3418",12,"Stephen F. Austin","Southland","Incarnate Word","Southland","Incarnate Word -0.5",NA,NA,56,-14.5,1,57.5,-13,-0.5,"Incarnate Word"
"3419",12,"UT Martin","Big South-OVC","Tennessee Tech","Big South-OVC","UT Martin -20.5",NA,NA,51,-19.5,1,31.5,-39,-20.5,"UT Martin"
"3420",12,"Montana","Big Sky","Portland State","Big Sky","Montana -17",NA,NA,65.5,-5,1,49.5,-21,-17,"Montana"
"3421",12,"South Dakota State","MVFC","Southern Illinois","MVFC","South Dakota State -10",NA,NA,70,-0.5,1,61,-9.5,-10,"South Dakota State"
"3422",12,"Alabama State","SWAC","Jackson State","SWAC","Jackson State -14",NA,NA,30,-40.5,1,45,-25.5,-14,"Jackson State"
"3423",12,"Harding","Great American","Arkansas Tech","Great American","NA NA",NA,NA,NA,NA,NA,NA,NA,NA,NA
"3424",12,"Arkansas-Monticello","Great American","Southern Arkansas","Great American","NA NA",NA,NA,NA,NA,NA,NA,NA,NA,NA
"3425",12,"East Central","Great American","Southeastern Oklahoma","Great American","NA NA",NA,NA,NA,NA,NA,NA,NA,NA,NA
"3426",12,"Henderson State","Great American","Ouachita Baptist","Great American","NA NA",NA,NA,NA,NA,NA,NA,NA,NA,NA
"3427",12,"Guilford","Old Dominion","Bridgewater (VA)","Old Dominion","NA NA",NA,NA,NA,NA,NA,NA,NA,NA,NA
"3428",12,"Whitworth","Northwest","Linfield","Northwest","NA NA",NA,NA,NA,NA,NA,NA,NA,NA,NA
"3429",12,"Notre Dame","FBS Independents","Virginia","ACC","Notre Dame -26.2",NA,NA,89,23.4,3.242,66,-3.5,-26.2,"Notre Dame"
"3430",12,"North Dakota State","MVFC","Missouri State","MVFC","North Dakota State -14",NA,NA,76,5.5,1,63,-7.5,-14,"North Dakota State"
"3431",12,"Air Force","Mountain West","Oregon State","Pac-12","Oregon State -7.8",NA,NA,62,-7.1,3.212,73,3.2,-7.8,"Oregon State"
"3432",12,"Central Washington","Lone Star","Western Oregon","Lone Star","NA NA",NA,NA,NA,NA,NA,NA,NA,NA,NA
"3433",12,"Southwestern Oklahoma","Great American","Northwestern Oklahoma State","Great American","NA NA",NA,NA,NA,NA,NA,NA,NA,NA,NA
"3434",12,"Utah Tech","UAC","West Georgia","UAC","NA NA",NA,NA,NA,NA,NA,NA,NA,NA,NA
"3435",12,"Gardner-Webb","Big South-OVC","Tennessee State","Big South-OVC","Gardner-Webb -2.5",NA,NA,38,-32.5,1,36.5,-34,-2.5,"Gardner-Webb"
"3436",12,"Lamar","Southland","Nicholls","Southland","Nicholls -22.5",NA,NA,30,-40.5,1,53.5,-17,-22.5,"Nicholls"
"3437",12,"Eastern Washington","Big Sky","Idaho State","Big Sky","Eastern Washington -27",NA,NA,65,-5.5,1,39,-31.5,-27,"Eastern Washington"
"3438",12,"San Diego","Pioneer","Stetson","Pioneer","NA NA",NA,NA,NA,NA,NA,NA,NA,NA,NA
"3439",12,"Morgan State","MEAC","South Carolina State","MEAC","NA NA",NA,NA,23.5,-47,1,NA,NA,NA,NA
"3440",12,"Pacific Lutheran","Northwest","Puget Sound","Northwest","NA NA",NA,NA,NA,NA,NA,NA,NA,NA,NA
"3441",12,"Central Arkansas","UAC","Southern Utah","UAC","Central Arkansas -16.5",NA,NA,49,-21.5,1,33.5,-37,-16.5,"Central Arkansas"
"3442",12,"Cal Poly","Big Sky","Sacramento State","Big Sky","Sacramento State -25",NA,NA,34.5,-36,1,60.5,-10,-25,"Sacramento State"
"3443",12,"Lewis & Clark","Northwest","Willamette","Northwest","NA NA",NA,NA,NA,NA,NA,NA,NA,NA,NA
"3444",12,"Catawba","South Atlantic","Mars Hill","South Atlantic","NA NA",NA,NA,NA,NA,NA,NA,NA,NA,NA
"3445",12,"Valdosta State","Gulf South","West Florida","Gulf South","NA NA",NA,NA,NA,NA,NA,NA,NA,NA,NA
"3446",12,"San José State","Mountain West","Boise State","Mountain West","NA NA",NA,NA,NA,NA,NA,78,7.9,NA,NA
"3447",12,"Tarleton State","UAC","Abilene Christian","UAC","Tarleton State -1",NA,NA,43,-27.5,1,43,-27.5,-1,"Tarleton State"
"3448",12,"Angelo State","Lone Star","West Texas A&M","Lone Star","NA NA",NA,NA,NA,NA,NA,NA,NA,NA,NA
"3449",12,"Texas A&M","SEC","New Mexico State","Conference USA","Texas A&M -37.5",NA,NA,88,19.2,2.516,53,-15.5,-37.5,"Texas A&M"
"3450",12,"UC Davis","Big Sky","Montana State","Big Sky","Montana State -10",NA,NA,54,-16.5,1,65,-5.5,-10,"Montana State"
"3451",12,"Idaho","Big Sky","Weber State","Big Sky","Weber State -12.5",NA,NA,46,-24.5,1,59.5,-11,-12.5,"Weber State"
"3452",12,"Texas A&M-Kingsville","Lone Star","Eastern New Mexico","Lone Star","NA NA",NA,NA,NA,NA,NA,NA,NA,NA,NA
"3453",12,"Oklahoma Baptist","Great American","Southern Nazarene","Great American","NA NA",NA,NA,NA,NA,NA,NA,NA,NA,NA
"3454",12,"UNLV","Mountain West","San Diego State","Mountain West","UNLV -16.1",NA,NA,70.5,-5.2,2.106,56.5,-8.9,-16.1,"UNLV"
"3455",13,"Central Michigan","Mid-American","Western Michigan","Mid-American","Western Michigan -2.3",NA,NA,56,-15.9,1.658,60,-12.9,-2.3,"Western Michigan"
"3456",13,"Miami (OH)","Mid-American","Northern Illinois","Mid-American","NA NA",NA,NA,NA,NA,NA,60,-10.6,NA,NA
"3457",13,"Kent State","Mid-American","Akron","Mid-American","Akron -1.9",NA,NA,44.5,-20.9,2.114,48.5,-22.2,-1.9,"Akron"
"3458",13,"Eastern Michigan","Mid-American","Buffalo","Mid-American","Eastern Michigan -2.5",NA,NA,49,-15.9,1.492,48,-17,-2.5,"Eastern Michigan"
"3459",13,"Toledo","Mid-American","Ohio","Mid-American","Toledo -8.6",NA,NA,62.5,-7,2.644,56.5,-12,-8.6,"Toledo"
"3460",13,"Nicholls","Southland","Southeastern Louisiana","Southland","Southeastern Louisiana -3",NA,NA,53.5,-17,1,57.5,-13,-3,"Southeastern Louisiana"
"3461",13,"Georgia Tech","ACC","NC State","ACC","Georgia Tech -1.4",NA,NA,76,0.6,1.368,76,12.1,-1.4,"Georgia Tech"
"3462",13,"San José State","Mountain West","UNLV","Mountain West","NA NA",NA,NA,NA,NA,NA,70.5,-5.2,NA,NA
"3463",13,"UT San Antonio","American Athletic","Temple","American Athletic","NA NA",NA,NA,NA,NA,NA,44.5,-21.9,NA,NA
"3464",13,"Michigan State","Big Ten","Purdue","Big Ten","Purdue 0",NA,NA,67.5,-2.4,2.004,69.5,-1.4,0,"Purdue"
"3465",13,"Florida State","ACC","Charleston Southern","Big South-OVC","Florida State -43.4",NA,NA,85,19.9,1.904,43.5,-27,-43.4,"Florida State"
"3466",13,"Arkansas","SEC","Louisiana Tech","Conference USA","Arkansas -31.4",NA,NA,75.5,6.1,2.358,46.5,-16.7,-31.4,"Arkansas"
"3467",13,"Auburn","SEC","Texas A&M","SEC","Texas A&M -1.9",NA,NA,83.5,13.1,2.62,88,19.2,-1.9,"Texas A&M"
"3468",13,"LSU","SEC","Vanderbilt","SEC","LSU -32.9",NA,NA,94,23.1,3.904,65,-7.3,-32.9,"LSU"
"3469",13,"Mississippi State","SEC","Missouri","SEC","Missouri -8.9",NA,NA,77,1.1,2.64,88.5,22.2,-8.9,"Missouri"
"3470",13,"Oklahoma","SEC","Alabama","SEC","Alabama -3.2",NA,NA,89.5,19.8,3.25,96,27.8,-3.2,"Alabama"
"3471",13,"Texas","SEC","Kentucky","SEC","Texas -22",NA,NA,97,27.7,2.978,78,13.8,-22,"Texas"
"3472",13,"Rutgers","Big Ten","Illinois","Big Ten","Rutgers -7.6",NA,NA,77,3.5,2.144,71.5,0.1,-7.6,"Rutgers"
"3473",13,"Eastern Kentucky","UAC","North Alabama","UAC","Eastern Kentucky -12",NA,NA,52,-18.5,1,41,-29.5,-12,"Eastern Kentucky"
"3474",13,"VMI","Southern","East Tennessee State","Southern","VMI -9.5",NA,NA,45,-25.5,1,36.5,-34,-9.5,"VMI"
"3475",13,"Mississippi Valley State","SWAC","Alabama A&M","SWAC","NA NA",NA,NA,NA,NA,NA,38.5,-32,NA,NA
"3476",13,"Clemson","ACC","The Citadel","Southern","Clemson -53",NA,NA,88.5,18.8,2.464,38,-32.5,-53,"Clemson"
"3477",13,"Columbia","Ivy","Cornell","Ivy","NA NA",NA,NA,NA,NA,NA,NA,NA,NA,NA
"3478",13,"Virginia","ACC","SMU","ACC","SMU -12.2",NA,NA,66,-3.5,3.304,81.5,12.7,-12.2,"SMU"
"3479",13,"Syracuse","ACC","Connecticut","FBS Independents","NA NA",NA,NA,70,-1,2.892,NA,NA,NA,NA
"3480",13,"UCLA","Big Ten","USC","Big Ten","USC -10.8",NA,NA,75,8.8,1.732,87.5,13.9,-10.8,"USC"
"3481",13,"Nebraska","Big Ten","Wisconsin","Big Ten","Wisconsin -5.5",NA,NA,70.5,7.4,1.486,77.5,12.9,-5.5,"Wisconsin"
"3482",13,"Old Dominion","Sun Belt","Marshall","Sun Belt","Old Dominion -2.7",NA,NA,62.5,-13.1,1.668,61.5,-9.9,-2.7,"Old Dominion"
"3483",13,"Coastal Carolina","Sun Belt","Georgia Southern","Sun Belt","Georgia Southern -1.3",NA,NA,56,-6.5,2.256,59.6,-10.3,-1.3,"Georgia Southern"
"3484",13,"Appalachian State","Sun Belt","James Madison","Sun Belt","Appalachian State -11.3",NA,NA,79,0.5,1.806,69.5,0.7,-11.3,"Appalachian State"
"3485",13,"Nevada","Mountain West","Air Force","Mountain West","Nevada -0.1",NA,NA,60,-16.7,2.062,62,-7.1,-0.1,"Nevada"
"3486",13,"Middle Tennessee","Conference USA","New Mexico State","Conference USA","Middle Tennessee -3.2",NA,NA,53,-13.4,3.182,53,-15.5,-3.2,"Middle Tennessee"
"3487",13,"Liberty","Conference USA","Western Kentucky","Conference USA","Liberty -15",NA,NA,75.5,3.9,3.488,64,-1.6,-15,"Liberty"
"3488",13,"Kennesaw State","Conference USA","Florida International","Conference USA","Kennesaw State -8",NA,NA,57.5,-13,1,50.5,-19,-8,"Kennesaw State"
"3489",13,"West Virginia","Big 12","UCF","Big 12","West Virginia -4.9",NA,NA,80.5,9.7,3.386,79,5.9,-4.9,"West Virginia"
"3490",13,"Utah","Big 12","Iowa State","Big 12","Utah -0.3",NA,NA,88,15.8,3.3,91,11.5,-0.3,"Utah"
"3491",13,"TCU","Big 12","Arizona","Big 12","Arizona -7.8",NA,NA,71,8.7,2.232,81,12.4,-7.8,"Arizona"
"3492",13,"Oklahoma State","Big 12","Texas Tech","Big 12","Oklahoma State -16.8",NA,NA,86,14,2.828,72,7.4,-16.8,"Oklahoma State"
"3493",13,"Kansas State","Big 12","Cincinnati","Big 12","Kansas State -19.8",NA,NA,88,16.4,3.824,72,-0.1,-19.8,"Kansas State"
"3494",13,"Kansas","Big 12","Colorado","Big 12","Kansas -12.4",NA,NA,85,9.7,2.394,75,0.3,-12.4,"Kansas"
"3495",13,"Houston","Big 12","Baylor","Big 12","Houston -8.7",NA,NA,77.5,-3.3,1.67,70.5,2.2,-8.7,"Houston"
"3496",13,"Arizona State","Big 12","BYU","Big 12","BYU -3.3",NA,NA,66,-4,2.164,71.5,-1.5,-3.3,"BYU"
"3497",13,"Miami","ACC","Wake Forest","ACC","Miami -24.2",NA,NA,86.5,15.5,1.734,64,-2.6,-24.2,"Miami"
"3498",13,"Louisville","ACC","Pittsburgh","ACC","Louisville -21.4",NA,NA,85,11.3,2.864,66.5,-0.8,-21.4,"Louisville"
"3499",13,"Duke","ACC","Virginia Tech","ACC","Virginia Tech -7.8",NA,NA,67,3.1,3.184,78,9.4,-7.8,"Virginia Tech"
"3500",13,"California","ACC","Stanford","ACC","California -15.3",NA,NA,79.5,2.8,2.802,67,-3.5,-15.3,"California"
"3501",13,"Boston College","ACC","North Carolina","ACC","North Carolina -7.1",NA,NA,69,-2.4,1.852,78,7.9,-7.1,"North Carolina"
"3502",13,"Louisiana","Sun Belt","Troy","Sun Belt","Louisiana -4.2",NA,NA,69.5,-2.4,2.73,68,-0.7,-4.2,"Louisiana"
"3503",13,"Southern Mississippi","Sun Belt","South Alabama","Sun Belt","NA NA",NA,NA,NA,NA,NA,61,-6.4,NA,NA
"3504",13,"Texas State","Sun Belt","Georgia State","Sun Belt","Texas State -15.3",NA,NA,72.5,-6.5,2.276,59.5,-11.3,-15.3,"Texas State"
"3505",13,"Ball State","Mid-American","Bowling Green","Mid-American","Bowling Green -10.5",NA,NA,53.5,-16.9,1.5,65.5,-11.2,-10.5,"Bowling Green"
"3506",13,"Florida Atlantic","American Athletic","Charlotte","American Athletic","Florida Atlantic -3.8",NA,NA,62.5,-12.2,1.772,60.5,-18.1,-3.8,"Florida Atlantic"
"3507",13,"North Texas","American Athletic","East Carolina","American Athletic","East Carolina -0.1",NA,NA,57.5,-11.3,2.858,60.5,-9.5,-0.1,"East Carolina"
"3508",13,"UAB","American Athletic","Rice","American Athletic","Rice -1.2",NA,NA,63,-10.6,3.838,68,-9,-1.2,"Rice"
"3509",13,"South Florida","American Athletic","Tulsa","American Athletic","South Florida -15.1",NA,NA,65,-5.6,2.564,52.5,-13.2,-15.1,"South Florida"
"3510",13,"Ohio State","Big Ten","Indiana","Big Ten","Ohio State -25.5",NA,NA,99,30.8,2.984,76.5,-4.5,-25.5,"Ohio State"
"3511",13,"Maryland","Big Ten","Iowa","Big Ten","Iowa -6.7",NA,NA,74,5.2,2.252,83,13.2,-6.7,"Iowa"
"3512",13,"Michigan","Big Ten","Northwestern","Big Ten","Michigan -22.4",NA,NA,94.5,25,2.884,75,-2.8,-22.4,"Michigan"
"3513",13,"Minnesota","Big Ten","Penn State","Big Ten","Penn State -22.6",NA,NA,71.5,4.2,2.436,96.5,26.1,-22.6,"Penn State"
"3514",13,"Florida","SEC","Ole Miss","SEC","Ole Miss -6.5",NA,NA,82,13.2,2.478,91,24.7,-6.5,"Ole Miss"
"3515",13,"Jacksonville State","Conference USA","Sam Houston State","Conference USA","NA NA",NA,NA,60.5,-9.9,2.5,NA,NA,NA,NA
"3516",13,"Wagner","NEC","Long Island University","NEC","NA NA",NA,NA,16.5,-54,1,NA,NA,NA,NA
"3517",13,"Central Connecticut","NEC","Duquesne","NEC","NA NA",NA,NA,20,-19,NA,38,-32.5,NA,NA
"3518",13,"Harvard","Ivy","Yale","Ivy","NA NA",NA,NA,NA,NA,NA,49.5,-21,NA,NA
"3519",13,"Richmond","CAA","William & Mary","CAA","Richmond -4.5",NA,NA,51,-19.5,1,47.5,-23,-4.5,"Richmond"
"3520",13,"Robert Morris","NEC","Stonehill","NEC","NA NA",NA,NA,32.5,-38,1,NA,NA,NA,NA
"3521",13,"Lehigh","Patriot","Lafayette","Patriot","NA NA",NA,NA,NA,NA,NA,32.5,-38,NA,NA
"3522",13,"Georgetown","Patriot","Holy Cross","Patriot","NA NA",NA,NA,NA,NA,NA,51.5,-19,NA,NA
"3523",13,"Georgia","SEC","UMass","FBS Independents","Georgia -52.3",NA,NA,101.5,34.2,1.822,51,-20.1,-52.3,"Georgia"
"3524",13,"Tennessee","SEC","UTEP","Conference USA","Tennessee -40.3",NA,NA,83,19.2,2.338,45,-17.8,-40.3,"Tennessee"
"3525",13,"Mercyhurst","NEC","St Francis (PA)","NEC","NA NA",NA,NA,NA,NA,NA,NA,NA,NA,NA
"3526",13,"Fordham","Patriot","Merrimack","FCS Independents","NA NA",NA,NA,40,-30.5,1,NA,NA,NA,NA
"3527",13,"Morgan State","MEAC","Howard","MEAC","Howard -1",NA,NA,23.5,-47,1,25.5,-45,-1,"Howard"
"3528",13,"Delaware State","MEAC","North Carolina Central","MEAC","NA NA",NA,NA,NA,NA,NA,NA,NA,NA,NA
"3529",13,"Princeton","Ivy","Pennsylvania","Ivy","NA NA",NA,NA,NA,NA,NA,NA,NA,NA,NA
"3530",13,"Dartmouth","Ivy","Brown","Ivy","NA NA",NA,NA,NA,NA,NA,NA,NA,NA,NA
"3531",13,"Morehead State","Pioneer","San Diego","Pioneer","NA NA",NA,NA,NA,NA,NA,NA,NA,NA,NA
"3532",13,"Stetson","Pioneer","Drake","Pioneer","NA NA",NA,NA,NA,NA,NA,NA,NA,NA,NA
"3533",13,"Presbyterian College","Pioneer","Butler","Pioneer","NA NA",NA,NA,NA,NA,NA,NA,NA,NA,NA
"3534",13,"Southern Illinois","MVFC","Murray State","MVFC","Southern Illinois -20",NA,NA,61,-9.5,1,42,-28.5,-20,"Southern Illinois"
"3535",13,"Illinois State","MVFC","North Dakota","MVFC","North Dakota -8",NA,NA,50,-20.5,1,59,-11.5,-8,"North Dakota"
"3536",13,"Tennessee Tech","Big South-OVC","Eastern Illinois","Big South-OVC","Tennessee Tech -2",NA,NA,31.5,-39,1,30.5,-40,-2,"Tennessee Tech"
"3537",13,"Bryant","CAA","Rhode Island","CAA","Rhode Island -7",NA,NA,36.5,-34,1,44.5,-26,-7,"Rhode Island"
"3538",13,"Albany","CAA","Hampton","CAA","Albany -4.5",NA,NA,40,-30.5,1,36.5,-34,-4.5,"Albany"
"3539",13,"Stony Brook","CAA","Monmouth","CAA","Monmouth -5.5",NA,NA,45.5,-25,1,52,-18.5,-5.5,"Monmouth"
"3540",13,"North Carolina A&T","CAA","Elon","CAA","Elon -5",NA,NA,42,-28.5,1,48,-22.5,-5,"Elon"
"3541",13,"Villanova","CAA","Delaware","CAA","Villanova -13.5",NA,NA,59.5,-11,1,47,-23.5,-13.5,"Villanova"
"3542",13,"Maine","CAA","New Hampshire","CAA","Maine -6.5",NA,NA,45.5,-25,1,40,-30.5,-6.5,"Maine"
"3543",13,"Bucknell","Patriot","Colgate","Patriot","Colgate -12.5",NA,NA,20,-50.5,1,33.5,-37,-12.5,"Colgate"
"3544",13,"South Carolina State","MEAC","Norfolk State","MEAC","NA NA",NA,NA,NA,NA,NA,36,-34.5,NA,NA
"3545",13,"Texas A&M-Commerce","Southland","Incarnate Word","Southland","NA NA",NA,NA,NA,NA,NA,57.5,-13,NA,NA
"3546",13,"Campbell","CAA","Towson","CAA","Towson -3.5",NA,NA,39,-31.5,1,43.5,-27,-3.5,"Towson"
"3547",13,"Austin Peay","UAC","Chattanooga","Southern","Chattanooga -4",NA,NA,50,-20.5,1,55,-15.5,-4,"Chattanooga"
"3548",13,"Western Illinois","Big South-OVC","Gardner-Webb","Big South-OVC","NA NA",NA,NA,NA,NA,NA,38,-32.5,NA,NA
"3549",13,"Montana State","Big Sky","Montana","Big Sky","Montana State -0.5",NA,NA,65,-5.5,1,65.5,-5,-0.5,"Montana State"
"3550",13,"Northern Iowa","MVFC","Indiana State","MVFC","Northern Iowa -18",NA,NA,64,-6.5,1,47,-23.5,-18,"Northern Iowa"
"3551",13,"South Dakota","MVFC","North Dakota State","MVFC","North Dakota State -15.5",NA,NA,59.5,-11,1,76,5.5,-15.5,"North Dakota State"
"3552",13,"Valparaiso","Pioneer","Davidson","Pioneer","NA NA",NA,NA,NA,NA,NA,NA,NA,NA,NA
"3553",13,"St. Thomas (MN)","Pioneer","Dayton","Pioneer","NA NA",NA,NA,NA,NA,NA,NA,NA,NA,NA
"3554",13,"Mercer","Southern","Furman","Southern","Mercer -2.5",NA,NA,51,-19.5,1,49.5,-21,-2.5,"Mercer"
"3555",13,"Northern Arizona","Big Sky","Eastern Washington","Big Sky","Eastern Washington -18",NA,NA,46,-24.5,1,65,-5.5,-18,"Eastern Washington"
"3556",13,"Weber State","Big Sky","Cal Poly","Big Sky","Weber State -26",NA,NA,59.5,-11,1,34.5,-36,-26,"Weber State"
"3557",13,"Missouri State","MVFC","South Dakota State","MVFC","South Dakota State -6",NA,NA,63,-7.5,1,70,-0.5,-6,"South Dakota State"
"3558",13,"Alabama State","SWAC","Prairie View","SWAC","NA NA",NA,NA,30,-40.5,1,NA,NA,NA,NA
"3559",13,"Houston Christian","Southland","Northwestern State","Southland","NA NA",NA,NA,NA,NA,NA,36,-34.5,NA,NA
"3560",13,"Arkansas-Pine Bluff","SWAC","Texas Southern","SWAC","Arkansas-Pine Bluff -23",NA,NA,50,-25,1,28,-42.5,-23,"Arkansas-Pine Bluff"
"3561",13,"Tarleton State","UAC","Central Arkansas","UAC","Central Arkansas -5",NA,NA,43,-27.5,1,49,-21.5,-5,"Central Arkansas"
"3562",13,"Southern Utah","UAC","Utah Tech","UAC","NA NA",NA,NA,33.5,-37,1,NA,NA,NA,NA
"3563",13,"UT Martin","Big South-OVC","Lindenwood","Big South-OVC","NA NA",NA,NA,51,-19.5,1,NA,NA,NA,NA
"3564",13,"Samford","Southern","Western Carolina","Southern","Samford -4.5",NA,NA,47,-23.5,1,43.5,-27,-4.5,"Samford"
"3565",13,"Stephen F. Austin","Southland","Abilene Christian","UAC","Stephen F. Austin -14",NA,NA,56,-14.5,1,43,-27.5,-14,"Stephen F. Austin"
"3566",13,"Arkansas State","Sun Belt","Louisiana Monroe","Sun Belt","NA NA",NA,NA,65.5,-9.1,2.916,NA,NA,NA,NA
"3567",13,"Utah State","Mountain West","San Diego State","Mountain West","Utah State -7.7",NA,NA,61.5,-11.1,2.748,56.5,-8.9,-7.7,"Utah State"
"3568",13,"Bethune-Cookman","SWAC","Florida A&M","SWAC","Florida A&M -14.5",NA,NA,30.5,-40,1,46,-24.5,-14.5,"Florida A&M"
"3569",13,"South Carolina","SEC","Wofford","Southern","South Carolina -42.3",NA,NA,77.5,9.5,2.282,37.5,-33,-42.3,"South Carolina"
"3570",13,"Portland State","Big Sky","Northern Colorado","Big Sky","Portland State -12",NA,NA,49.5,-21,1,38.5,-32,-12,"Portland State"
"3571",13,"Tennessee State","Big South-OVC","Southeast Missouri State","Big South-OVC","Southeast Missouri State -25.5",NA,NA,36.5,-34,1,63,-7.5,-25.5,"Southeast Missouri State"
"3572",13,"Sacramento State","Big Sky","UC Davis","Big Sky","Sacramento State -7.5",NA,NA,60.5,-10,1,54,-16.5,-7.5,"Sacramento State"
"3573",13,"Idaho State","Big Sky","Idaho","Big Sky","Idaho -6",NA,NA,39,-31.5,1,46,-24.5,-6,"Idaho"
"3574",13,"Oregon State","Pac-12","Washington State","Pac-12","Oregon State -6",NA,NA,73,3.2,3.542,70.5,0.6,-6,"Oregon State"
"3575",13,"Wyoming","Mountain West","Boise State","Mountain West","Boise State -4",NA,NA,71,-8,3.028,78,7.9,-4,"Boise State"
"3576",13,"Notre Dame","FBS Independents","Army","American Athletic","Notre Dame -33.7",NA,NA,89,23.4,3.242,58.5,-11.1,-33.7,"Notre Dame"
"3577",13,"Alcorn State","SWAC","Jackson State","SWAC","Jackson State -6",NA,NA,38,-32.5,1,45,-25.5,-6,"Jackson State"
"3578",13,"McNeese","Southland","Lamar","Southland","McNeese -18",NA,NA,47,-23.5,1,30,-40.5,-18,"McNeese"
"3579",13,"Fresno State","Mountain West","Colorado State","Mountain West","Fresno State -15.7",NA,NA,76,-0.1,2.684,63,-10.6,-15.7,"Fresno State"
"3580",14,"Akron","Mid-American","Toledo","Mid-American","Toledo -13.3",NA,NA,48.5,-22.2,0.726,62.5,-7,-13.3,"Toledo"
"3581",14,"Buffalo","Mid-American","Kent State","Mid-American","Buffalo -6.3",NA,NA,48,-17,2.782,44.5,-20.9,-6.3,"Buffalo"
"3582",14,"Alabama State","SWAC","Tuskegee","SIAC","NA NA",NA,NA,30,-40.5,1,NA,NA,NA,NA
"3583",14,"Tulane","American Athletic","Memphis","American Athletic","Tulane -3.6",NA,NA,73,-0.8,3.148,72.5,6.1,-3.6,"Tulane"
"3584",14,"Ohio","Mid-American","Ball State","Mid-American","Ohio -5.9",NA,NA,56.5,-12,2.9,53.5,-16.9,-5.9,"Ohio"
"3585",14,"Bowling Green","Mid-American","Miami (OH)","Mid-American","NA NA",NA,NA,65.5,-11.2,1.458,NA,NA,NA,NA
"3586",14,"Colorado State","Mountain West","Utah State","Mountain West","Colorado State -3.5",NA,NA,63,-10.6,1.984,61.5,-11.1,-3.5,"Colorado State"
"3587",14,"Wisconsin","Big Ten","Minnesota","Big Ten","Wisconsin -8",NA,NA,77.5,12.9,1.952,71.5,4.2,-8,"Wisconsin"
"3588",14,"Boise State","Mountain West","Oregon State","Pac-12","Boise State -7.8",NA,NA,78,7.9,2.786,73,3.2,-7.8,"Boise State"
"3589",14,"Colorado","Big 12","Oklahoma State","Big 12","Oklahoma State -8.4",NA,NA,75,0.3,2.572,86,14,-8.4,"Oklahoma State"
"3590",14,"Ole Miss","SEC","Mississippi State","SEC","Ole Miss -16.4",NA,NA,91,24.7,2.424,77,1.1,-16.4,"Ole Miss"
"3591",14,"South Alabama","Sun Belt","Texas State","Sun Belt","Texas State -9",NA,NA,61,-6.4,2.458,72.5,-6.5,-9,"Texas State"
"3592",14,"Sam Houston State","Conference USA","Liberty","Conference USA","NA NA",NA,NA,NA,NA,NA,75.5,3.9,NA,NA
"3593",14,"San José State","Mountain West","Stanford","ACC","NA NA",NA,NA,NA,NA,NA,67,-3.5,NA,NA
"3594",14,"Georgia","SEC","Georgia Tech","ACC","Georgia -27.3",NA,NA,101.5,34.2,1.822,76,0.6,-27.3,"Georgia"
"3595",14,"Iowa","Big Ten","Nebraska","Big Ten","Iowa -14.9",NA,NA,83,13.2,2.436,70.5,7.4,-14.9,"Iowa"
"3596",14,"UCF","Big 12","Utah","Big 12","Utah -6.3",NA,NA,79,5.9,2.692,88,15.8,-6.3,"Utah"
"3597",14,"Florida State","ACC","Florida","SEC","Florida State -4.9",NA,NA,85,19.9,1.904,82,13.2,-4.9,"Florida State"
"3598",14,"Alabama","SEC","Auburn","SEC","Alabama -15.7",NA,NA,96,27.8,3.216,83.5,13.1,-15.7,"Alabama"
"3599",14,"Texas A&M","SEC","Texas","SEC","Texas -6.5",NA,NA,88,19.2,2.516,97,27.7,-6.5,"Texas"
"3600",14,"Clemson","ACC","South Carolina","SEC","Clemson -13.5",NA,NA,88.5,18.8,2.464,77.5,9.5,-13.5,"Clemson"
"3601",14,"Kentucky","SEC","Louisville","ACC","Louisville -4.3",NA,NA,78,13.8,2.738,85,11.3,-4.3,"Louisville"
"3602",14,"LSU","SEC","Oklahoma","SEC","LSU -8.4",NA,NA,94,23.1,3.904,89.5,19.8,-8.4,"LSU"
"3603",14,"Missouri","SEC","Arkansas","SEC","Missouri -15.5",NA,NA,88.5,22.2,2.478,75.5,6.1,-15.5,"Missouri"
"3604",14,"East Carolina","American Athletic","Navy","American Athletic","East Carolina -2",NA,NA,60.5,-9.5,0,58.5,-13.3,-2,"East Carolina"
"3605",14,"Tulsa","American Athletic","Florida Atlantic","American Athletic","Florida Atlantic -9.3",NA,NA,52.5,-13.2,0.738,62.5,-12.2,-9.3,"Florida Atlantic"
"3606",14,"Temple","American Athletic","North Texas","American Athletic","North Texas -10.1",NA,NA,44.5,-21.9,2.856,57.5,-11.3,-10.1,"North Texas"
"3607",14,"Vanderbilt","SEC","Tennessee","SEC","Tennessee -17.1",NA,NA,65,-7.3,0.874,83,19.2,-17.1,"Tennessee"
"3608",14,"Northwestern","Big Ten","Illinois","Big Ten","Northwestern -5.6",NA,NA,75,-2.8,2.132,71.5,0.1,-5.6,"Northwestern"
"3609",14,"Indiana","Big Ten","Purdue","Big Ten","Indiana -8.9",NA,NA,76.5,-4.5,1.9,69.5,-1.4,-8.9,"Indiana"
"3610",14,"Penn State","Big Ten","Maryland","Big Ten","Penn State -25.9",NA,NA,96.5,26.1,3.408,74,5.2,-25.9,"Penn State"
"3611",14,"Michigan State","Big Ten","Rutgers","Big Ten","Rutgers -7.5",NA,NA,67.5,-2.4,2.004,77,3.5,-7.5,"Rutgers"
"3612",14,"UMass","FBS Independents","Connecticut","FBS Independents","NA NA",NA,NA,51,-20.1,1.59,NA,NA,NA,NA
"3613",14,"UCLA","Big Ten","Fresno State","Mountain West","UCLA -0.7",NA,NA,75,8.8,1.732,76,-0.1,-0.7,"UCLA"
"3614",14,"Western Kentucky","Conference USA","Jacksonville State","Conference USA","Western Kentucky -6.3",NA,NA,64,-1.6,2.812,60.5,-9.9,-6.3,"Western Kentucky"
"3615",14,"Louisiana Tech","Conference USA","Kennesaw State","Conference USA","Kennesaw State -8.6",NA,NA,46.5,-16.7,2.37,57.5,-13,-8.6,"Kennesaw State"
"3616",14,"Rice","American Athletic","South Florida","American Athletic","Rice -5.9",NA,NA,68,-9,2.946,65,-5.6,-5.9,"Rice"
"3617",14,"Florida International","Conference USA","Middle Tennessee","Conference USA","Middle Tennessee -0.7",NA,NA,50.5,-19,1.83,53,-13.4,-0.7,"Middle Tennessee"
"3618",14,"Oregon","Big Ten","Washington","Big Ten","Oregon -13",NA,NA,97.5,29,2.508,87,10.3,-13,"Oregon"
"3619",14,"Boston College","ACC","Pittsburgh","ACC","Boston College -4.4",NA,NA,69,-2.4,1.852,66.5,-0.8,-4.4,"Boston College"
"3620",14,"SMU","ACC","California","ACC","SMU -5.4",NA,NA,81.5,12.7,3.37,79.5,2.8,-5.4,"SMU"
"3621",14,"Wake Forest","ACC","Duke","ACC","Duke 0",NA,NA,64,-2.6,3.008,67,3.1,0,"Duke"
"3622",14,"Syracuse","ACC","Miami","ACC","Miami -13.6",NA,NA,70,-1,2.892,86.5,15.5,-13.6,"Miami"
"3623",14,"North Carolina","ACC","NC State","ACC","North Carolina -4.5",NA,NA,78,7.9,2.5,76,12.1,-4.5,"North Carolina"
"3624",14,"Virginia Tech","ACC","Virginia","ACC","Virginia Tech -14.3",NA,NA,78,9.4,2.308,66,-3.5,-14.3,"Virginia Tech"
"3625",14,"Arizona","Big 12","Arizona State","Big 12","Arizona -17.7",NA,NA,81,12.4,2.7,66,-4,-17.7,"Arizona"
"3626",14,"Baylor","Big 12","Kansas","Big 12","Kansas -12",NA,NA,70.5,2.2,2.464,85,9.7,-12,"Kansas"
"3627",14,"BYU","Big 12","Houston","Big 12","Houston -3.9",NA,NA,71.5,-1.5,2.052,77.5,-3.3,-3.9,"Houston"
"3628",14,"Cincinnati","Big 12","TCU","Big 12","Cincinnati -3.1",NA,NA,72,-0.1,2.08,71,8.7,-3.1,"Cincinnati"
"3629",14,"Iowa State","Big 12","Kansas State","Big 12","Iowa State -5.7",NA,NA,91,11.5,2.708,88,16.4,-5.7,"Iowa State"
"3630",14,"Texas Tech","Big 12","West Virginia","Big 12","West Virginia -5.3",NA,NA,72,7.4,3.244,80.5,9.7,-5.3,"West Virginia"
"3631",14,"New Mexico State","Conference USA","UTEP","Conference USA","New Mexico State -11",NA,NA,53,-15.5,2.962,45,-17.8,-11,"New Mexico State"
"3632",14,"USC","Big Ten","Notre Dame","FBS Independents","USC -0.9",NA,NA,87.5,13.9,2.358,89,23.4,-0.9,"USC"
"3633",14,"San Diego State","Mountain West","Air Force","Mountain West","Air Force -3.6",NA,NA,56.5,-8.9,1.934,62,-7.1,-3.6,"Air Force"
"3634",14,"Georgia Southern","Sun Belt","Appalachian State","Sun Belt","Appalachian State -15.8",NA,NA,59.6,-10.3,3.634,79,0.5,-15.8,"Appalachian State"
"3635",14,"Georgia State","Sun Belt","Coastal Carolina","Sun Belt","Georgia State -5.2",NA,NA,59.5,-11.3,1.668,56,-6.5,-5.2,"Georgia State"
"3636",14,"James Madison","Sun Belt","Marshall","Sun Belt","James Madison -10.7",NA,NA,69.5,0.7,2.7,61.5,-9.9,-10.7,"James Madison"
"3637",14,"Louisiana Monroe","Sun Belt","Louisiana","Sun Belt","NA NA",NA,NA,NA,NA,NA,69.5,-2.4,NA,NA
"3638",14,"Troy","Sun Belt","Southern Mississippi","Sun Belt","NA NA",NA,NA,68,-0.7,1.656,NA,NA,NA,NA
"3639",14,"Northern Illinois","Mid-American","Central Michigan","Mid-American","Northern Illinois -5.1",NA,NA,60,-10.6,1.072,56,-15.9,-5.1,"Northern Illinois"
"3640",14,"Western Michigan","Mid-American","Eastern Michigan","Mid-American","Western Michigan -13.5",NA,NA,60,-12.9,2.514,49,-15.9,-13.5,"Western Michigan"
"3641",14,"Charlotte","American Athletic","UAB","American Athletic","UAB -0.8",NA,NA,60.5,-18.1,1.67,63,-10.6,-0.8,"UAB"
"3642",14,"Ohio State","Big Ten","Michigan","Big Ten","Ohio State -7.5",NA,NA,99,30.8,2.984,94.5,25,-7.5,"Ohio State"
"3643",14,"Army","American Athletic","UT San Antonio","American Athletic","NA NA",NA,NA,58.5,-11.1,1.806,NA,NA,NA,NA
"3644",14,"Southern","SWAC","Grambling","SWAC","NA NA",NA,NA,33.5,-37,1,NA,NA,NA,NA
"3645",14,"Arkansas State","Sun Belt","Old Dominion","Sun Belt","Arkansas State -5.9",NA,NA,65.5,-9.1,2.916,62.5,-13.1,-5.9,"Arkansas State"
"3646",14,"Washington State","Pac-12","Wyoming","Mountain West","Washington State -2.8",NA,NA,70.5,0.6,3.292,71,-8,-2.8,"Washington State"
"3647",14,"UNLV","Mountain West","Nevada","Mountain West","UNLV -12.6",NA,NA,70.5,-5.2,2.106,60,-16.7,-12.6,"UNLV"
"3648",14,"Hawai'i","Mountain West","New Mexico","Mountain West","Hawai'i -7.1",NA,NA,59.5,-12.6,2.098,54.5,-20.6,-7.1,"Hawai'i"
"3649",16,"Army","American Athletic","Navy","American Athletic","Army -1.8",NA,NA,58.5,-11.1,1.806,58.5,-13.3,-1.8,"Army"
